Factura;Fecha;ID_Canal;Cliente;Tipo_Cliente;ID_Vehiculo;Costo_Vehiculo;Precio_Venta;ID_SEDE;ID_Vendedor
1;02/01/2022 0:00;1;789;Persona;137;17000;21500;1;4
2;02/01/2022 0:00;1;576;Persona;59;18100;22800;2;8
3;02/01/2022 0:00;1;623;Persona;21;18000;20100;2;8
4;02/01/2022 0:00;1;782;Persona;61;17600;20000;2;8
5;02/01/2022 0:00;1;331;Persona;111;17500;22000;2;8
6;02/01/2022 0:00;2;440;Persona;37;17600;19800;3;6
7;02/01/2022 0:00;2;910;Persona;32;17800;21800;3;6
8;02/01/2022 0:00;2;743;Persona;156;17200;21100;3;6
9;02/01/2022 0:00;2;174;Persona;45;17500;20800;3;6
10;02/01/2022 0:00;2;824;Empresa;97;17500;22700;1;4
11;02/01/2022 0:00;2;935;Empresa;170;17400;19700;1;4
12;02/01/2022 0:00;2;1073;Empresa;96;17200;19000;1;4
13;03/01/2022 0:00;2;497;Empresa;176;17600;22800;1;4
14;03/01/2022 0:00;1;917;Empresa;47;17300;19900;1;9
15;03/01/2022 0:00;1;279;Empresa;41;17600;20500;1;9
16;03/01/2022 0:00;1;854;Empresa;109;17700;21500;1;9
17;03/01/2022 0:00;1;252;Empresa;172;17700;21100;1;9
18;03/01/2022 0:00;1;248;Persona;176;17600;22400;2;11
19;03/01/2022 0:00;1;10;Persona;9;17100;20800;2;11
20;03/01/2022 0:00;1;688;Persona;74;18100;19800;2;11
21;03/01/2022 0:00;1;702;Persona;31;16500;19900;2;11
22;03/01/2022 0:00;1;198;Empresa;169;18000;21400;3;6
23;03/01/2022 0:00;1;620;Empresa;147;17300;21900;3;6
24;03/01/2022 0:00;1;153;Empresa;143;17700;20300;3;6
25;03/01/2022 0:00;1;68;Empresa;35;18000;21600;3;6
26;03/01/2022 0:00;2;27;Empresa;89;17200;19500;1;4
27;03/01/2022 0:00;2;641;Empresa;97;17500;20400;1;4
28;03/01/2022 0:00;2;743;Empresa;5;17200;20100;1;4
29;03/01/2022 0:00;3;967;Persona;144;17200;22200;4;10
30;03/01/2022 0:00;3;453;Persona;73;17100;20300;4;10
31;03/01/2022 0:00;3;942;Persona;157;18100;22900;4;10
32;03/01/2022 0:00;3;1001;Persona;143;17700;22800;4;10
33;03/01/2022 0:00;4;1033;Persona;32;17800;22500;2;11
34;03/01/2022 0:00;4;403;Persona;17;18100;20700;2;11
35;03/01/2022 0:00;4;223;Persona;178;17400;21900;2;11
36;03/01/2022 0:00;4;920;Persona;168;17500;22500;2;11
37;04/01/2022 0:00;4;725;Persona;145;17400;20900;4;2
38;04/01/2022 0:00;4;109;Persona;169;18000;20900;4;2
39;04/01/2022 0:00;4;59;Persona;68;17300;19300;4;2
40;04/01/2022 0:00;4;95;Persona;32;17800;21400;4;2
41;04/01/2022 0:00;2;645;Persona;156;17200;18200;2;8
42;04/01/2022 0:00;2;269;Persona;54;17800;21700;2;8
43;04/01/2022 0:00;2;552;Persona;45;17500;20500;2;8
44;04/01/2022 0:00;2;526;Persona;79;17700;20500;2;8
45;04/01/2022 0:00;2;996;Persona;83;17300;22000;2;11
46;04/01/2022 0:00;2;599;Persona;140;17300;20500;2;11
47;04/01/2022 0:00;2;705;Persona;107;17300;18300;2;11
48;04/01/2022 0:00;3;212;Persona;127;17900;20300;1;9
49;05/01/2022 0:00;3;605;Persona;1;16800;19300;1;9
50;05/01/2022 0:00;3;1103;Persona;134;18000;23300;1;9
51;05/01/2022 0:00;3;624;Persona;170;17400;19800;1;9
52;05/01/2022 0:00;1;786;Empresa;171;16800;20000;4;1
53;05/01/2022 0:00;1;852;Empresa;128;17500;20800;4;1
54;05/01/2022 0:00;1;205;Empresa;92;17500;18900;4;1
55;05/01/2022 0:00;1;850;Empresa;12;17400;22200;4;1
56;05/01/2022 0:00;2;128;Persona;18;17500;21700;4;3
57;05/01/2022 0:00;2;56;Persona;148;17000;20800;4;3
58;05/01/2022 0:00;2;534;Persona;169;18000;21800;4;3
59;05/01/2022 0:00;2;532;Persona;136;17600;21000;4;3
60;05/01/2022 0:00;3;955;Persona;75;17000;18800;4;7
61;05/01/2022 0:00;3;110;Persona;100;18100;19000;4;7
62;05/01/2022 0:00;3;77;Persona;39;17200;20400;4;7
63;05/01/2022 0:00;3;614;Persona;82;17700;20100;4;7
64;05/01/2022 0:00;2;719;Persona;72;17800;21000;4;1
65;06/01/2022 0:00;2;404;Persona;24;17200;19200;4;1
66;06/01/2022 0:00;2;1043;Persona;27;17400;22100;4;1
67;06/01/2022 0:00;2;171;Persona;163;17800;22400;4;1
68;06/01/2022 0:00;4;149;Persona;157;18100;19100;4;12
69;06/01/2022 0:00;4;632;Persona;172;17700;22700;4;12
70;06/01/2022 0:00;4;281;Persona;118;18000;23100;4;12
71;06/01/2022 0:00;4;516;Persona;89;17200;20100;4;12
72;06/01/2022 0:00;3;447;Persona;119;17300;20600;2;11
73;06/01/2022 0:00;3;480;Persona;31;16500;18400;2;11
74;06/01/2022 0:00;3;422;Persona;16;17800;21300;2;11
75;06/01/2022 0:00;3;846;Persona;14;16800;19500;2;11
76;06/01/2022 0:00;3;531;Persona;5;17200;22000;2;11
77;07/01/2022 0:00;3;820;Persona;135;17800;21000;2;11
78;07/01/2022 0:00;3;194;Persona;57;17700;22100;2;11
79;07/01/2022 0:00;3;872;Persona;103;18000;19000;2;11
80;07/01/2022 0:00;3;13;Persona;15;17200;19600;2;11
81;07/01/2022 0:00;3;513;Persona;66;18400;22400;2;11
82;07/01/2022 0:00;3;1003;Persona;139;17100;19600;2;11
83;07/01/2022 0:00;3;833;Persona;96;17200;19600;4;10
84;07/01/2022 0:00;3;816;Persona;151;17200;22000;4;10
85;07/01/2022 0:00;3;893;Persona;4;17700;23000;4;10
86;07/01/2022 0:00;3;536;Persona;20;17600;20400;4;10
87;07/01/2022 0:00;4;1060;Persona;157;18100;23100;4;7
88;07/01/2022 0:00;4;266;Persona;164;16800;20000;4;7
89;08/01/2022 0:00;4;1111;Persona;145;17400;21400;4;7
90;08/01/2022 0:00;4;897;Persona;149;17600;22300;4;7
91;08/01/2022 0:00;2;58;Empresa;160;16800;21800;4;5
92;08/01/2022 0:00;2;799;Empresa;73;17100;19900;4;5
93;08/01/2022 0:00;2;121;Empresa;169;18000;20400;4;5
94;08/01/2022 0:00;2;772;Empresa;146;17100;21100;4;5
95;08/01/2022 0:00;2;718;Persona;167;18200;21700;4;2
96;08/01/2022 0:00;2;422;Persona;75;17000;19300;4;2
97;08/01/2022 0:00;2;1159;Persona;114;17800;22600;4;2
98;08/01/2022 0:00;2;612;Persona;125;17300;22300;4;2
99;09/01/2022 0:00;2;10;Empresa;2;16800;19300;4;3
100;09/01/2022 0:00;2;122;Empresa;10;16300;19100;4;3
101;09/01/2022 0:00;2;1072;Empresa;119;17300;22100;4;3
102;09/01/2022 0:00;2;563;Empresa;156;17200;20400;4;3
103;09/01/2022 0:00;3;242;Persona;140;17300;21900;4;10
104;09/01/2022 0:00;3;1081;Persona;136;17600;19200;4;10
105;09/01/2022 0:00;3;482;Persona;69;17800;19700;4;10
106;09/01/2022 0:00;3;1027;Persona;152;16600;20500;4;10
107;09/01/2022 0:00;3;438;Persona;135;17800;20500;4;12
108;09/01/2022 0:00;3;103;Persona;89;17200;21000;4;12
109;09/01/2022 0:00;3;600;Persona;87;18000;19500;4;12
110;09/01/2022 0:00;3;196;Persona;29;17700;19200;4;12
111;09/01/2022 0:00;1;308;Persona;18;17500;18700;2;11
112;09/01/2022 0:00;1;327;Persona;57;17700;19000;2;11
113;09/01/2022 0:00;1;1090;Persona;72;17800;20600;2;11
114;09/01/2022 0:00;1;340;Persona;99;17500;22600;2;11
115;09/01/2022 0:00;1;221;Empresa;171;16800;20800;4;10
116;09/01/2022 0:00;1;775;Empresa;99;17500;21600;4;10
117;09/01/2022 0:00;1;771;Empresa;21;18000;22100;4;10
118;09/01/2022 0:00;1;1147;Empresa;93;16800;18000;4;10
119;09/01/2022 0:00;4;866;Persona;77;17300;21300;2;8
120;09/01/2022 0:00;4;836;Persona;159;17400;20900;2;8
121;09/01/2022 0:00;4;854;Persona;119;17300;19600;2;8
122;09/01/2022 0:00;4;852;Persona;91;18300;23400;2;8
123;09/01/2022 0:00;1;189;Persona;153;17200;19700;4;2
124;09/01/2022 0:00;1;1132;Persona;24;17200;20200;4;2
125;09/01/2022 0:00;1;966;Persona;129;17800;22100;4;2
126;09/01/2022 0:00;1;737;Persona;20;17600;18500;4;2
127;09/01/2022 0:00;2;698;Persona;99;17500;18900;2;11
128;09/01/2022 0:00;2;1066;Persona;176;17600;19200;2;11
129;09/01/2022 0:00;2;1011;Persona;42;17600;22400;2;11
130;09/01/2022 0:00;2;731;Persona;142;17200;18800;2;11
131;09/01/2022 0:00;4;195;Persona;147;17300;21300;2;11
132;09/01/2022 0:00;4;938;Persona;74;18100;22900;2;11
133;09/01/2022 0:00;4;360;Persona;37;17600;21300;2;11
134;09/01/2022 0:00;3;677;Persona;42;17600;20200;4;7
135;09/01/2022 0:00;3;361;Persona;11;17300;22000;4;7
136;09/01/2022 0:00;3;90;Persona;148;17000;19900;4;7
137;09/01/2022 0:00;3;631;Persona;167;18200;22300;4;7
138;09/01/2022 0:00;3;971;Persona;125;17300;22000;2;8
139;09/01/2022 0:00;3;731;Persona;6;17100;21300;2;8
140;09/01/2022 0:00;3;912;Persona;84;18500;23700;2;8
141;09/01/2022 0:00;3;898;Persona;16;17800;20600;2;8
142;09/01/2022 0:00;3;16;Persona;146;17100;19400;4;5
143;09/01/2022 0:00;3;294;Persona;27;17400;20400;4;5
144;09/01/2022 0:00;3;542;Persona;145;17400;20900;4;5
145;09/01/2022 0:00;3;534;Persona;153;17200;19700;4;5
146;10/01/2022 0:00;3;300;Persona;155;18000;20800;4;7
147;10/01/2022 0:00;3;1100;Persona;40;17000;21600;4;7
148;10/01/2022 0:00;3;181;Persona;4;17700;18600;4;7
149;10/01/2022 0:00;3;1072;Persona;36;17600;19700;1;4
150;11/01/2022 0:00;3;931;Persona;16;17800;20600;1;4
151;11/01/2022 0:00;3;107;Persona;159;17400;18700;1;4
152;11/01/2022 0:00;3;138;Persona;158;17400;20000;2;11
153;11/01/2022 0:00;3;813;Persona;117;16800;21300;2;11
154;11/01/2022 0:00;3;955;Persona;125;17300;21600;2;11
155;11/01/2022 0:00;3;867;Persona;137;17800;21600;2;11
156;11/01/2022 0:00;2;1086;Empresa;112;17500;18900;3;6
157;11/01/2022 0:00;2;1155;Empresa;169;18000;19300;3;6
158;11/01/2022 0:00;2;236;Empresa;67;17700;21000;3;6
159;11/01/2022 0:00;2;727;Empresa;163;17800;20100;3;6
160;11/01/2022 0:00;2;745;Persona;131;17000;20300;1;9
161;11/01/2022 0:00;2;622;Persona;103;18000;20300;1;9
162;11/01/2022 0:00;2;883;Persona;149;17600;20900;1;9
163;11/01/2022 0:00;2;293;Persona;4;17700;20600;1;9
164;11/01/2022 0:00;2;24;Persona;83;17300;20200;4;1
165;11/01/2022 0:00;2;840;Persona;146;17100;21400;4;1
166;11/01/2022 0:00;2;489;Persona;25;17500;21200;4;1
167;11/01/2022 0:00;2;54;Persona;26;17200;19700;4;1
168;11/01/2022 0:00;4;651;Persona;83;17300;18200;3;6
169;11/01/2022 0:00;4;138;Persona;42;17600;19500;3;6
170;11/01/2022 0:00;4;997;Persona;55;17800;20300;3;6
171;11/01/2022 0:00;4;1028;Persona;25;17500;19200;3;6
172;11/01/2022 0:00;2;329;Persona;132;17200;22100;4;12
173;11/01/2022 0:00;2;759;Persona;153;17200;20900;4;12
174;11/01/2022 0:00;2;671;Persona;114;17800;20200;4;12
175;11/01/2022 0:00;2;776;Persona;69;17800;22400;4;12
176;11/01/2022 0:00;1;754;Empresa;67;17700;20800;4;7
177;11/01/2022 0:00;1;1027;Empresa;61;17600;20100;4;7
178;11/01/2022 0:00;1;369;Empresa;156;17200;21700;4;7
179;11/01/2022 0:00;1;80;Empresa;125;17300;20200;4;7
180;12/01/2022 0:00;1;547;Persona;2;16800;21600;4;5
181;12/01/2022 0:00;1;233;Persona;126;18100;23000;4;5
182;12/01/2022 0:00;1;847;Persona;86;17000;20200;4;5
183;12/01/2022 0:00;1;153;Persona;86;17000;19500;4;5
184;12/01/2022 0:00;3;178;Persona;104;17400;18300;1;4
185;12/01/2022 0:00;3;409;Persona;5;17200;21500;1;4
186;12/01/2022 0:00;3;556;Persona;126;18100;22900;1;4
187;12/01/2022 0:00;3;44;Persona;27;17400;21900;1;4
188;12/01/2022 0:00;3;856;Persona;65;17100;22100;4;2
189;12/01/2022 0:00;3;409;Persona;50;16300;20500;4;2
190;12/01/2022 0:00;3;979;Persona;2;16800;18900;4;2
191;12/01/2022 0:00;3;592;Persona;116;17700;20400;4;2
192;12/01/2022 0:00;2;912;Persona;105;18200;21700;4;2
193;12/01/2022 0:00;2;1140;Persona;163;17800;18900;4;2
194;12/01/2022 0:00;2;204;Persona;2;16800;21800;4;2
195;12/01/2022 0:00;1;273;Persona;177;16600;18100;2;8
196;12/01/2022 0:00;1;469;Persona;106;17600;20500;2;8
197;12/01/2022 0:00;1;399;Persona;88;17000;21700;2;8
198;12/01/2022 0:00;1;904;Persona;46;16700;20200;2;8
199;12/01/2022 0:00;1;318;Persona;171;16800;19500;1;4
200;12/01/2022 0:00;1;754;Persona;173;17500;19900;1;4
201;12/01/2022 0:00;1;99;Persona;33;17100;20600;1;4
202;12/01/2022 0:00;1;205;Persona;152;16600;17500;1;4
203;12/01/2022 0:00;3;331;Empresa;114;17800;19200;1;9
204;12/01/2022 0:00;3;209;Empresa;47;17300;18500;1;9
205;12/01/2022 0:00;3;252;Empresa;167;18200;22400;1;9
206;12/01/2022 0:00;3;162;Empresa;65;17100;19600;1;9
207;12/01/2022 0:00;3;771;Persona;142;17200;18700;4;7
208;13/01/2022 0:00;3;1139;Persona;168;17500;18600;4;7
209;13/01/2022 0:00;3;109;Persona;159;17400;21800;4;7
210;13/01/2022 0:00;3;35;Persona;12;17400;18400;4;7
211;13/01/2022 0:00;2;382;Persona;55;17800;22400;4;7
212;13/01/2022 0:00;2;556;Persona;120;17600;20300;4;7
213;13/01/2022 0:00;2;345;Persona;177;16600;20000;4;7
214;13/01/2022 0:00;2;135;Persona;178;17400;21100;4;7
215;14/01/2022 0:00;1;243;Persona;23;17100;18200;2;8
216;14/01/2022 0:00;1;1088;Persona;171;16800;21700;2;8
217;14/01/2022 0:00;1;389;Persona;88;17000;17800;2;8
218;14/01/2022 0:00;1;788;Persona;157;18100;20300;2;8
219;14/01/2022 0:00;1;1121;Persona;152;16600;21400;4;5
220;14/01/2022 0:00;1;631;Persona;113;18000;19300;4;5
221;14/01/2022 0:00;1;904;Persona;128;17500;20900;4;5
222;14/01/2022 0:00;1;208;Persona;72;17800;21800;4;5
223;14/01/2022 0:00;3;173;Persona;19;17000;21700;1;9
224;14/01/2022 0:00;3;91;Persona;75;17000;21700;1;9
225;14/01/2022 0:00;3;647;Persona;129;17800;22400;1;9
226;14/01/2022 0:00;3;1157;Persona;146;17100;18100;1;9
227;14/01/2022 0:00;4;720;Empresa;4;17700;21300;4;12
228;14/01/2022 0:00;4;563;Empresa;78;17200;19700;4;12
229;14/01/2022 0:00;4;910;Empresa;171;16800;18200;4;12
230;14/01/2022 0:00;4;913;Empresa;177;16600;19600;4;12
231;14/01/2022 0:00;3;131;Persona;94;17500;21000;1;4
232;14/01/2022 0:00;3;223;Persona;44;17900;20700;1;4
233;14/01/2022 0:00;3;650;Persona;74;18100;20200;1;4
234;14/01/2022 0:00;3;763;Persona;141;18800;23100;1;4
235;14/01/2022 0:00;3;1115;Persona;90;17400;18900;4;2
236;14/01/2022 0:00;3;110;Persona;89;17200;20300;4;2
237;14/01/2022 0:00;3;527;Persona;156;17200;18500;4;2
238;14/01/2022 0:00;3;573;Empresa;122;17000;18500;4;2
239;14/01/2022 0:00;3;1068;Empresa;97;17500;19400;4;2
240;14/01/2022 0:00;3;343;Empresa;2;16800;21800;4;2
241;14/01/2022 0:00;3;88;Empresa;116;17700;20500;4;2
242;14/01/2022 0:00;1;58;Persona;29;17700;22700;2;8
243;14/01/2022 0:00;1;259;Persona;156;17200;18500;2;8
244;14/01/2022 0:00;1;600;Persona;81;17400;20000;2;8
245;14/01/2022 0:00;1;900;Persona;74;18100;21800;2;8
246;14/01/2022 0:00;1;367;Persona;83;17300;20100;4;7
247;14/01/2022 0:00;1;640;Persona;49;17300;21600;4;7
248;14/01/2022 0:00;1;865;Persona;36;17600;19200;4;7
249;14/01/2022 0:00;1;882;Persona;16;17800;20900;4;7
250;15/01/2022 0:00;3;242;Persona;14;16800;18400;4;10
251;15/01/2022 0:00;3;1047;Persona;9;17100;19900;4;10
252;15/01/2022 0:00;3;813;Persona;3;17000;18200;4;10
253;15/01/2022 0:00;3;392;Persona;13;17300;21900;4;10
254;15/01/2022 0:00;3;661;Persona;161;16600;21300;1;9
255;15/01/2022 0:00;3;693;Persona;46;16700;18900;1;9
256;15/01/2022 0:00;3;620;Persona;91;18300;20000;1;9
257;15/01/2022 0:00;3;974;Persona;88;17000;20000;1;9
258;15/01/2022 0:00;3;828;Persona;175;17800;21000;2;11
259;15/01/2022 0:00;3;328;Persona;41;17600;18900;2;11
260;15/01/2022 0:00;3;646;Persona;85;17600;20100;2;11
261;15/01/2022 0:00;3;11;Persona;148;17000;20100;2;11
262;15/01/2022 0:00;4;829;Persona;53;16800;20700;2;8
263;15/01/2022 0:00;4;438;Persona;164;16800;20800;2;8
264;15/01/2022 0:00;4;495;Persona;49;17300;20900;2;8
265;15/01/2022 0:00;4;510;Persona;143;17700;22800;2;8
266;15/01/2022 0:00;4;799;Persona;21;18000;20800;4;7
267;15/01/2022 0:00;4;512;Persona;73;17100;21400;4;7
268;15/01/2022 0:00;4;147;Persona;93;16800;20500;4;7
269;15/01/2022 0:00;4;273;Persona;125;17300;20800;4;7
270;15/01/2022 0:00;3;1118;Persona;54;17800;20100;4;3
271;15/01/2022 0:00;3;41;Persona;72;17800;21100;4;3
272;15/01/2022 0:00;3;454;Persona;63;17400;20300;4;3
273;15/01/2022 0:00;3;355;Persona;88;17000;19600;4;3
274;16/01/2022 0:00;3;492;Persona;25;17500;18900;4;10
275;16/01/2022 0:00;3;928;Persona;48;17100;18500;4;10
276;16/01/2022 0:00;3;401;Persona;112;17500;20300;4;10
277;16/01/2022 0:00;3;200;Persona;112;17500;19300;4;10
278;16/01/2022 0:00;2;1016;Persona;75;17000;19700;4;7
279;16/01/2022 0:00;2;459;Persona;30;17400;21400;4;7
280;16/01/2022 0:00;2;930;Persona;175;17800;20500;4;7
281;16/01/2022 0:00;2;1123;Persona;79;17700;18800;4;7
282;16/01/2022 0:00;2;518;Persona;154;17300;22100;1;9
283;16/01/2022 0:00;2;950;Persona;112;17500;21800;1;9
284;16/01/2022 0:00;2;432;Persona;45;17500;21200;1;9
285;16/01/2022 0:00;2;591;Persona;101;17500;22700;1;9
286;16/01/2022 0:00;2;1027;Persona;20;17600;21700;4;7
287;16/01/2022 0:00;2;82;Persona;14;16800;19500;4;7
288;16/01/2022 0:00;2;88;Persona;145;17400;21500;4;7
289;16/01/2022 0:00;2;494;Persona;74;18100;21700;4;7
290;16/01/2022 0:00;1;607;Persona;131;17000;20100;4;1
291;16/01/2022 0:00;1;432;Persona;113;18000;20700;4;1
292;16/01/2022 0:00;1;17;Persona;147;17300;22300;4;1
293;16/01/2022 0:00;1;494;Persona;76;17700;22900;4;1
294;17/01/2022 0:00;4;1004;Persona;82;17700;21000;1;4
295;17/01/2022 0:00;4;694;Persona;26;17200;19100;1;4
296;17/01/2022 0:00;4;116;Persona;125;17300;21700;1;4
297;17/01/2022 0:00;4;504;Persona;54;17800;19100;1;4
298;17/01/2022 0:00;4;443;Persona;105;18200;23300;1;4
299;17/01/2022 0:00;4;834;Persona;127;17900;22300;1;4
300;17/01/2022 0:00;4;1108;Persona;83;17300;20900;1;4
301;17/01/2022 0:00;2;718;Persona;131;17000;20200;4;5
302;17/01/2022 0:00;2;959;Persona;20;17600;19500;4;5
303;17/01/2022 0:00;2;346;Persona;14;16800;19100;4;5
304;17/01/2022 0:00;2;689;Persona;64;17200;21500;4;5
305;17/01/2022 0:00;2;1109;Persona;54;17800;21200;4;2
306;17/01/2022 0:00;2;305;Persona;40;17000;17800;4;2
307;17/01/2022 0:00;2;487;Persona;169;18000;20300;4;2
308;17/01/2022 0:00;3;224;Persona;35;18000;19100;1;4
309;17/01/2022 0:00;3;497;Persona;6;17100;18700;1;4
310;18/01/2022 0:00;3;468;Persona;20;17600;21400;1;4
311;18/01/2022 0:00;3;146;Persona;48;17100;21700;1;4
312;18/01/2022 0:00;3;1071;Persona;101;17500;21200;3;6
313;18/01/2022 0:00;3;1037;Persona;84;18500;20700;3;6
314;18/01/2022 0:00;3;818;Persona;179;17500;22200;3;6
315;18/01/2022 0:00;3;325;Persona;85;17600;20600;3;6
316;18/01/2022 0:00;3;507;Persona;59;18100;22600;4;10
317;18/01/2022 0:00;3;57;Persona;39;17200;21700;4;10
318;18/01/2022 0:00;3;677;Persona;168;17500;20000;4;10
319;18/01/2022 0:00;3;235;Persona;146;17100;21100;4;10
320;18/01/2022 0:00;2;1071;Empresa;149;17600;18800;1;9
321;18/01/2022 0:00;2;807;Empresa;145;17400;19200;1;9
322;18/01/2022 0:00;2;803;Empresa;142;17200;21400;1;9
323;18/01/2022 0:00;2;1128;Empresa;23;17100;19100;1;9
324;18/01/2022 0:00;4;106;Persona;59;18100;20400;4;2
325;18/01/2022 0:00;4;534;Persona;60;17300;19100;4;2
326;19/01/2022 0:00;4;110;Persona;17;18100;23400;4;2
327;19/01/2022 0:00;4;883;Persona;155;18000;22600;4;2
328;19/01/2022 0:00;1;1176;Persona;35;18000;23000;4;3
329;19/01/2022 0:00;1;1139;Persona;174;17400;18700;4;3
330;19/01/2022 0:00;1;539;Persona;81;17400;21400;4;3
331;19/01/2022 0:00;1;918;Persona;61;17600;20900;4;3
332;19/01/2022 0:00;4;1070;Persona;99;17500;19000;4;3
333;19/01/2022 0:00;4;415;Persona;79;17700;18600;4;3
334;19/01/2022 0:00;4;622;Persona;64;17200;19000;4;3
335;19/01/2022 0:00;4;912;Persona;176;17600;20600;4;3
336;19/01/2022 0:00;4;89;Persona;62;17100;18900;4;3
337;19/01/2022 0:00;4;148;Persona;101;17500;22000;4;3
338;19/01/2022 0:00;4;482;Persona;18;17500;19800;4;3
339;19/01/2022 0:00;3;458;Empresa;159;17400;18600;4;12
340;19/01/2022 0:00;3;265;Empresa;23;17100;18800;4;12
341;19/01/2022 0:00;3;541;Empresa;99;17500;21000;4;12
342;19/01/2022 0:00;3;639;Empresa;160;16800;20800;4;12
343;19/01/2022 0:00;3;839;Persona;79;17700;19300;4;10
344;19/01/2022 0:00;3;112;Persona;127;17900;21800;4;10
345;19/01/2022 0:00;3;954;Persona;106;17600;20400;4;10
346;19/01/2022 0:00;3;796;Persona;106;17600;21700;4;10
347;19/01/2022 0:00;3;654;Persona;50;16300;17500;4;10
348;19/01/2022 0:00;3;285;Persona;20;17600;19100;4;10
349;19/01/2022 0:00;3;1073;Persona;117;16800;19200;4;10
350;20/01/2022 0:00;4;549;Persona;58;17600;21600;4;2
351;20/01/2022 0:00;4;159;Persona;88;17000;21500;4;2
352;20/01/2022 0:00;4;52;Persona;42;17600;21400;4;2
353;20/01/2022 0:00;4;488;Persona;145;17400;21900;4;2
354;20/01/2022 0:00;4;708;Persona;176;17600;19000;4;7
355;20/01/2022 0:00;4;383;Persona;57;17700;21800;4;7
356;20/01/2022 0:00;4;38;Persona;179;17500;20700;4;7
357;20/01/2022 0:00;4;64;Persona;131;17000;20200;4;7
358;20/01/2022 0:00;4;267;Persona;83;17300;21400;2;11
359;20/01/2022 0:00;4;351;Persona;173;17500;20600;2;11
360;20/01/2022 0:00;4;803;Persona;57;17700;21500;2;11
361;20/01/2022 0:00;4;729;Persona;112;17500;19100;2;11
362;20/01/2022 0:00;3;711;Persona;124;17500;21300;2;8
363;20/01/2022 0:00;3;1147;Persona;26;17200;18500;2;8
364;20/01/2022 0:00;3;808;Persona;2;16800;19500;2;8
365;20/01/2022 0:00;3;319;Persona;66;18400;23000;2;8
366;20/01/2022 0:00;4;191;Persona;51;17500;20700;1;4
367;20/01/2022 0:00;4;816;Persona;105;18200;19700;1;4
368;20/01/2022 0:00;4;296;Persona;9;17100;19300;1;4
369;20/01/2022 0:00;4;855;Persona;113;18000;21800;1;4
370;20/01/2022 0:00;3;955;Persona;55;17800;21100;4;2
371;20/01/2022 0:00;3;239;Persona;53;16800;18700;4;2
372;20/01/2022 0:00;3;433;Persona;150;17600;20600;4;2
373;20/01/2022 0:00;1;385;Empresa;56;17400;21500;1;9
374;20/01/2022 0:00;1;623;Empresa;14;16800;18900;1;9
375;20/01/2022 0:00;1;1078;Empresa;75;17000;20900;1;9
376;20/01/2022 0:00;1;845;Empresa;174;17400;18300;1;9
377;20/01/2022 0:00;4;419;Persona;26;17200;18800;4;10
378;20/01/2022 0:00;4;47;Persona;176;17600;18900;4;10
379;20/01/2022 0:00;4;1121;Persona;159;17400;21700;4;10
380;20/01/2022 0:00;4;1013;Persona;147;17300;19900;4;10
381;20/01/2022 0:00;3;329;Persona;42;17600;18500;1;4
382;20/01/2022 0:00;3;1126;Persona;176;17600;21700;1;4
383;20/01/2022 0:00;3;1038;Persona;150;17600;21900;1;4
384;20/01/2022 0:00;3;184;Persona;135;17800;20000;1;4
385;21/01/2022 0:00;3;755;Persona;126;18100;23200;4;1
386;21/01/2022 0:00;3;730;Persona;106;17600;20500;4;1
387;21/01/2022 0:00;3;432;Persona;38;18100;20500;4;1
388;21/01/2022 0:00;4;658;Persona;31;16500;21400;4;7
389;21/01/2022 0:00;4;1151;Persona;122;17000;18000;4;7
390;21/01/2022 0:00;4;567;Persona;99;17500;20600;4;7
391;21/01/2022 0:00;4;516;Persona;48;17100;18700;4;7
392;21/01/2022 0:00;4;477;Persona;3;17000;22000;1;9
393;21/01/2022 0:00;4;253;Persona;94;17500;20700;1;9
394;21/01/2022 0:00;4;675;Persona;117;16800;18900;1;9
395;21/01/2022 0:00;4;282;Persona;13;17300;20700;1;9
396;21/01/2022 0:00;2;498;Persona;106;17600;21000;1;9
397;21/01/2022 0:00;2;775;Persona;96;17200;18500;1;9
398;21/01/2022 0:00;2;365;Persona;178;17400;19200;1;9
399;21/01/2022 0:00;2;361;Persona;50;16300;19700;1;9
400;21/01/2022 0:00;2;273;Persona;173;17500;22400;2;11
401;21/01/2022 0:00;2;800;Persona;84;18500;20300;2;11
402;21/01/2022 0:00;2;807;Persona;68;17300;18200;2;11
403;21/01/2022 0:00;2;659;Persona;138;17400;18300;2;11
404;21/01/2022 0:00;1;878;Persona;70;17300;20800;4;10
405;21/01/2022 0:00;1;553;Persona;64;17200;20000;4;10
406;21/01/2022 0:00;1;379;Persona;6;17100;18100;4;10
407;21/01/2022 0:00;1;112;Persona;151;17200;19400;4;10
408;21/01/2022 0:00;4;237;Persona;92;17500;19300;1;4
409;21/01/2022 0:00;4;967;Persona;3;17000;21500;1;4
410;21/01/2022 0:00;4;988;Persona;95;17700;18600;1;4
411;22/01/2022 0:00;4;1104;Persona;174;17400;21400;4;12
412;22/01/2022 0:00;4;17;Persona;32;17800;22100;4;12
413;22/01/2022 0:00;4;991;Persona;59;18100;19600;4;12
414;22/01/2022 0:00;4;251;Persona;116;17700;22200;4;12
415;22/01/2022 0:00;2;804;Persona;48;17100;20500;4;3
416;22/01/2022 0:00;2;934;Persona;76;17700;18600;4;3
417;22/01/2022 0:00;2;280;Persona;59;18100;22100;4;3
418;22/01/2022 0:00;2;1078;Persona;164;16800;19900;4;3
419;22/01/2022 0:00;2;569;Persona;77;17300;18700;1;4
420;22/01/2022 0:00;2;717;Persona;97;17500;20200;1;4
421;22/01/2022 0:00;2;583;Persona;154;17300;21400;1;4
422;22/01/2022 0:00;2;170;Persona;29;17700;22300;1;4
423;22/01/2022 0:00;4;705;Persona;94;17500;19200;2;11
424;22/01/2022 0:00;4;838;Persona;46;16700;18500;2;11
425;22/01/2022 0:00;4;272;Persona;9;17100;20900;2;11
426;22/01/2022 0:00;3;791;Persona;139;17100;21800;1;9
427;23/01/2022 0:00;3;846;Persona;142;17200;20600;1;9
428;23/01/2022 0:00;3;1021;Persona;43;18400;20800;1;9
429;23/01/2022 0:00;3;844;Persona;36;17600;22200;1;9
430;23/01/2022 0:00;4;591;Empresa;175;17800;23100;2;11
431;23/01/2022 0:00;4;856;Empresa;3;17000;18300;2;11
432;23/01/2022 0:00;4;110;Empresa;90;17400;22400;2;11
433;23/01/2022 0:00;4;642;Empresa;31;16500;20400;2;11
434;23/01/2022 0:00;1;1014;Persona;158;17400;21900;1;4
435;23/01/2022 0:00;1;28;Persona;102;17800;19400;1;4
436;23/01/2022 0:00;1;298;Persona;46;16700;21500;1;4
437;23/01/2022 0:00;1;466;Persona;128;17500;19100;1;4
438;23/01/2022 0:00;4;211;Empresa;128;17500;20400;3;6
439;23/01/2022 0:00;4;821;Empresa;101;17500;21500;3;6
440;23/01/2022 0:00;4;465;Empresa;113;18000;19900;3;6
441;23/01/2022 0:00;4;37;Empresa;41;17600;19300;3;6
442;23/01/2022 0:00;3;572;Persona;112;17500;20200;4;2
443;23/01/2022 0:00;3;194;Persona;34;17500;22400;4;2
444;23/01/2022 0:00;3;95;Persona;169;18000;19400;4;2
445;23/01/2022 0:00;3;823;Persona;78;17200;21700;4;2
446;24/01/2022 0:00;4;751;Empresa;155;18000;19400;4;1
447;24/01/2022 0:00;4;861;Empresa;91;18300;22300;4;1
448;24/01/2022 0:00;4;349;Empresa;109;17700;20100;4;1
449;24/01/2022 0:00;4;58;Empresa;143;17700;20900;4;1
450;24/01/2022 0:00;2;251;Empresa;155;18000;21200;1;4
451;24/01/2022 0:00;2;51;Empresa;47;17300;21300;1;4
452;24/01/2022 0:00;2;747;Empresa;170;17400;18300;1;4
453;24/01/2022 0:00;2;303;Empresa;139;17100;20900;1;4
454;24/01/2022 0:00;2;118;Persona;137;17800;20400;2;8
455;24/01/2022 0:00;2;704;Persona;138;17400;21200;2;8
456;24/01/2022 0:00;2;226;Persona;100;18100;21300;2;8
457;24/01/2022 0:00;2;550;Persona;48;17100;19400;2;8
458;24/01/2022 0:00;2;754;Persona;178;17400;18700;4;5
459;24/01/2022 0:00;2;447;Persona;33;17100;21200;4;5
460;24/01/2022 0:00;2;920;Persona;151;17200;22100;4;5
461;24/01/2022 0:00;2;946;Persona;48;17100;18000;4;5
462;24/01/2022 0:00;1;512;Persona;11;17300;21000;4;1
463;24/01/2022 0:00;1;408;Persona;149;17600;21100;4;1
464;24/01/2022 0:00;1;1125;Persona;33;17100;22200;4;1
465;24/01/2022 0:00;1;166;Persona;41;17600;20000;4;1
466;25/01/2022 0:00;3;972;Persona;10;16300;19000;1;4
467;25/01/2022 0:00;3;171;Persona;6;17100;18300;1;4
468;25/01/2022 0:00;3;824;Persona;140;17300;18900;1;4
469;25/01/2022 0:00;3;199;Persona;66;18400;21900;1;4
470;25/01/2022 0:00;2;989;Persona;110;17200;19900;4;3
471;25/01/2022 0:00;2;347;Persona;104;17400;20700;4;3
472;25/01/2022 0:00;2;732;Persona;88;17000;19400;4;3
473;25/01/2022 0:00;2;219;Persona;6;17100;21600;4;3
474;25/01/2022 0:00;2;325;Persona;52;17800;22400;2;11
475;25/01/2022 0:00;2;438;Persona;140;17300;18200;2;11
476;25/01/2022 0:00;2;561;Persona;19;17000;20000;2;11
477;25/01/2022 0:00;2;949;Persona;123;18200;22400;2;11
478;25/01/2022 0:00;1;1017;Persona;145;17400;19600;1;9
479;25/01/2022 0:00;1;200;Persona;39;17200;20600;1;9
480;25/01/2022 0:00;1;438;Persona;66;18400;20400;1;9
481;25/01/2022 0:00;2;245;Persona;88;17000;20400;4;5
482;25/01/2022 0:00;2;280;Persona;160;16800;18700;4;5
483;25/01/2022 0:00;2;439;Persona;79;17700;18900;4;5
484;25/01/2022 0:00;2;178;Persona;136;17600;21400;4;5
485;25/01/2022 0:00;1;1102;Persona;31;16500;20200;2;11
486;25/01/2022 0:00;1;319;Persona;89;17200;20700;2;11
487;25/01/2022 0:00;1;1073;Persona;174;17400;18200;2;11
488;25/01/2022 0:00;1;594;Persona;70;17300;20900;2;11
489;25/01/2022 0:00;4;1150;Persona;70;17300;18900;3;6
490;25/01/2022 0:00;4;1126;Persona;121;17100;18300;3;6
491;25/01/2022 0:00;4;306;Persona;178;17400;18800;3;6
492;25/01/2022 0:00;4;207;Persona;120;17600;19300;3;6
493;26/01/2022 0:00;3;806;Persona;112;17500;20700;2;11
494;26/01/2022 0:00;3;1134;Persona;4;17700;22800;2;11
495;26/01/2022 0:00;3;546;Persona;127;17900;20400;2;11
496;26/01/2022 0:00;3;56;Persona;79;17700;22000;2;11
497;26/01/2022 0:00;2;37;Persona;103;18000;21100;1;4
498;26/01/2022 0:00;2;171;Persona;37;17600;18400;1;4
499;26/01/2022 0:00;2;119;Persona;148;17000;18900;1;4
500;26/01/2022 0:00;2;98;Persona;6;17100;20100;1;4
501;26/01/2022 0:00;2;974;Persona;85;17600;20000;1;4
502;26/01/2022 0:00;2;128;Persona;7;17800;21500;1;4
503;26/01/2022 0:00;2;1097;Persona;116;17700;21800;1;4
504;26/01/2022 0:00;2;1088;Persona;129;17800;19400;1;4
505;27/01/2022 0:00;2;863;Persona;155;18000;19200;2;8
506;27/01/2022 0:00;2;993;Persona;167;18200;22200;2;8
507;27/01/2022 0:00;2;15;Persona;75;17000;20600;2;8
508;27/01/2022 0:00;2;660;Persona;135;17800;20100;2;8
509;27/01/2022 0:00;2;980;Persona;31;16500;18800;4;1
510;27/01/2022 0:00;2;653;Persona;50;16300;18500;4;1
511;27/01/2022 0:00;2;732;Persona;173;17500;19400;4;1
512;27/01/2022 0:00;2;29;Persona;61;17600;22400;4;1
513;27/01/2022 0:00;1;533;Persona;6;17100;20000;2;8
514;27/01/2022 0:00;1;486;Persona;90;17400;22500;2;8
515;27/01/2022 0:00;1;1126;Persona;143;17700;22800;2;8
516;27/01/2022 0:00;1;752;Persona;93;16800;19800;2;8
517;28/01/2022 0:00;1;225;Persona;114;17800;22000;3;6
518;28/01/2022 0:00;1;213;Persona;115;18400;22700;3;6
519;28/01/2022 0:00;1;723;Persona;98;18000;22200;3;6
520;28/01/2022 0:00;1;52;Persona;174;17400;20400;3;6
521;28/01/2022 0:00;4;189;Persona;107;17300;22100;4;5
522;28/01/2022 0:00;4;1028;Persona;9;17100;19700;4;5
523;28/01/2022 0:00;4;464;Persona;51;17500;22400;4;5
524;28/01/2022 0:00;4;940;Persona;149;17600;22200;4;5
525;28/01/2022 0:00;3;977;Persona;137;17800;22800;2;11
526;28/01/2022 0:00;3;202;Persona;179;17500;19300;2;11
527;28/01/2022 0:00;3;552;Persona;21;18000;20800;2;11
528;28/01/2022 0:00;3;1179;Persona;115;18400;22500;2;11
529;28/01/2022 0:00;3;201;Persona;150;17600;20100;4;1
530;28/01/2022 0:00;3;317;Persona;31;16500;18500;4;1
531;28/01/2022 0:00;3;532;Persona;20;17600;18600;4;1
532;28/01/2022 0:00;3;726;Persona;32;17800;21000;4;1
533;28/01/2022 0:00;2;552;Persona;173;17500;19100;4;10
534;28/01/2022 0:00;2;543;Persona;171;16800;19000;4;10
535;28/01/2022 0:00;2;627;Persona;88;17000;18700;4;10
536;28/01/2022 0:00;2;143;Persona;76;17700;22100;4;10
537;28/01/2022 0:00;2;143;Persona;102;17800;22500;4;12
538;28/01/2022 0:00;2;867;Persona;179;17500;18400;4;12
539;28/01/2022 0:00;2;1146;Persona;151;17200;21000;4;12
540;28/01/2022 0:00;2;645;Persona;4;17700;22500;4;12
541;28/01/2022 0:00;2;247;Persona;137;17800;20700;2;11
542;28/01/2022 0:00;2;39;Persona;131;17000;19200;2;11
543;28/01/2022 0:00;2;723;Persona;66;18400;22100;2;11
544;29/01/2022 0:00;2;254;Persona;3;17000;19100;2;11
545;29/01/2022 0:00;2;265;Persona;81;17400;19100;1;4
546;29/01/2022 0:00;2;117;Persona;122;17000;20000;1;4
547;29/01/2022 0:00;2;621;Persona;42;17600;18600;1;4
548;29/01/2022 0:00;2;726;Persona;125;17300;19400;1;4
549;29/01/2022 0:00;4;700;Persona;44;17900;20500;4;7
550;29/01/2022 0:00;4;980;Persona;149;17600;21400;4;7
551;29/01/2022 0:00;4;846;Persona;89;17200;20300;4;7
552;29/01/2022 0:00;4;559;Persona;95;17700;22600;4;7
553;29/01/2022 0:00;2;562;Persona;11;17300;18900;4;7
554;29/01/2022 0:00;2;32;Persona;143;17700;21300;4;7
555;29/01/2022 0:00;2;87;Persona;42;17600;20600;4;7
556;29/01/2022 0:00;2;719;Persona;126;18100;21900;4;7
557;29/01/2022 0:00;4;828;Persona;150;17600;19100;1;4
558;29/01/2022 0:00;4;1146;Persona;151;17200;20100;1;4
559;29/01/2022 0:00;4;570;Persona;145;17400;21600;1;4
560;29/01/2022 0:00;4;1172;Persona;146;17100;19400;1;4
561;29/01/2022 0:00;2;1056;Persona;48;17100;21500;1;4
562;29/01/2022 0:00;2;1136;Persona;178;17400;19300;1;4
563;29/01/2022 0:00;2;156;Persona;145;17400;21100;1;4
564;30/01/2022 0:00;2;104;Persona;12;17400;18900;1;4
565;30/01/2022 0:00;1;71;Persona;165;16900;18400;1;9
566;30/01/2022 0:00;1;722;Persona;128;17500;22200;1;9
567;30/01/2022 0:00;1;561;Persona;166;18200;21500;1;9
568;30/01/2022 0:00;1;878;Persona;43;18400;19700;1;9
569;30/01/2022 0:00;1;845;Persona;83;17300;20100;2;8
570;30/01/2022 0:00;1;301;Persona;177;16600;20400;2;8
571;30/01/2022 0:00;1;1033;Persona;165;16900;18400;2;8
572;30/01/2022 0:00;1;916;Persona;161;16600;20600;2;8
573;30/01/2022 0:00;1;320;Persona;88;17000;18200;4;12
574;30/01/2022 0:00;1;241;Persona;102;17800;20000;4;12
575;30/01/2022 0:00;1;977;Persona;34;17500;21000;4;12
576;30/01/2022 0:00;1;257;Persona;153;17200;20600;4;12
577;30/01/2022 0:00;2;371;Persona;175;17800;21100;1;4
578;30/01/2022 0:00;2;469;Persona;171;16800;19700;1;4
579;31/01/2022 0:00;2;1040;Persona;50;16300;19700;1;4
580;31/01/2022 0:00;2;194;Persona;57;17700;21000;1;4
581;31/01/2022 0:00;2;885;Persona;143;17700;22900;4;1
582;31/01/2022 0:00;2;323;Persona;126;18100;20700;4;1
583;31/01/2022 0:00;2;20;Persona;67;17700;20500;4;1
584;31/01/2022 0:00;2;125;Persona;45;17500;21800;4;1
585;31/01/2022 0:00;2;1101;Persona;36;17600;18400;4;12
586;31/01/2022 0:00;2;59;Persona;48;17100;20500;4;12
587;31/01/2022 0:00;2;590;Persona;91;18300;23600;4;12
588;31/01/2022 0:00;2;864;Persona;111;17500;21600;4;12
589;31/01/2022 0:00;4;1093;Persona;46;16700;20100;2;11
590;31/01/2022 0:00;4;272;Persona;40;17000;21700;2;11
591;31/01/2022 0:00;4;1160;Persona;35;18000;23000;2;11
592;31/01/2022 0:00;4;98;Persona;41;17600;18400;2;11
593;31/01/2022 0:00;3;725;Empresa;156;17200;21000;4;1
594;31/01/2022 0:00;3;862;Empresa;177;16600;18300;4;1
595;31/01/2022 0:00;3;236;Empresa;174;17400;19300;4;1
596;31/01/2022 0:00;3;1064;Empresa;145;17400;20300;4;1
597;31/01/2022 0:00;3;841;Persona;41;17600;20400;4;1
598;31/01/2022 0:00;3;180;Persona;81;17400;20700;4;1
599;31/01/2022 0:00;3;1054;Persona;77;17300;20900;4;1
600;31/01/2022 0:00;3;199;Persona;67;17700;20400;4;1
601;31/01/2022 0:00;2;58;Empresa;24;17200;20300;4;1
602;31/01/2022 0:00;2;73;Empresa;166;18200;22400;4;1
603;01/02/2022 0:00;2;483;Empresa;134;18000;23000;4;1
604;01/02/2022 0:00;2;567;Empresa;49;17300;18900;4;1
605;01/02/2022 0:00;4;629;Empresa;103;18000;20500;4;12
606;01/02/2022 0:00;4;208;Empresa;20;17600;19900;4;12
607;01/02/2022 0:00;4;1060;Empresa;121;17100;19800;4;12
608;01/02/2022 0:00;4;226;Empresa;20;17600;21700;4;12
609;01/02/2022 0:00;2;556;Persona;125;17300;18800;4;7
610;01/02/2022 0:00;2;830;Persona;177;16600;20400;4;7
611;01/02/2022 0:00;2;845;Persona;75;17000;18800;4;7
612;01/02/2022 0:00;2;835;Persona;177;16600;17600;4;1
613;01/02/2022 0:00;2;387;Persona;75;17000;21100;4;1
614;01/02/2022 0:00;2;279;Persona;152;16600;19300;4;1
615;01/02/2022 0:00;1;86;Persona;37;17600;18500;4;12
616;01/02/2022 0:00;1;1163;Persona;158;17400;22200;4;12
617;01/02/2022 0:00;1;683;Persona;26;17200;20900;4;12
618;01/02/2022 0:00;1;898;Persona;52;17800;21400;4;12
619;01/02/2022 0:00;4;304;Persona;125;17300;22100;4;1
620;01/02/2022 0:00;4;979;Persona;73;17100;20100;4;1
621;01/02/2022 0:00;4;765;Persona;81;17400;22300;4;1
622;01/02/2022 0:00;4;1019;Persona;162;18500;23500;4;1
623;01/02/2022 0:00;3;423;Persona;177;16600;18200;4;3
624;01/02/2022 0:00;3;338;Persona;63;17400;20400;4;3
625;01/02/2022 0:00;3;1092;Persona;66;18400;21600;4;3
626;01/02/2022 0:00;3;508;Persona;134;18000;22600;4;3
627;01/02/2022 0:00;1;257;Persona;147;17300;19800;4;10
628;01/02/2022 0:00;1;1154;Persona;173;17500;21500;4;10
629;01/02/2022 0:00;1;670;Persona;95;17700;22700;4;10
630;02/02/2022 0:00;1;599;Persona;139;17100;21300;4;10
631;02/02/2022 0:00;3;350;Empresa;165;16900;21800;4;12
632;02/02/2022 0:00;3;498;Empresa;142;17200;21400;4;12
633;02/02/2022 0:00;3;245;Empresa;132;17200;21300;4;12
634;02/02/2022 0:00;3;998;Empresa;166;18200;22000;4;12
635;02/02/2022 0:00;2;586;Persona;148;17000;20000;4;12
636;02/02/2022 0:00;2;811;Persona;176;17600;19700;4;12
637;02/02/2022 0:00;2;166;Persona;61;17600;20000;4;12
638;02/02/2022 0:00;2;612;Persona;139;17100;18000;4;12
639;02/02/2022 0:00;2;586;Empresa;7;17800;19000;4;12
640;02/02/2022 0:00;2;552;Empresa;128;17500;19300;4;12
641;02/02/2022 0:00;2;230;Empresa;90;17400;20800;4;12
642;02/02/2022 0:00;2;802;Empresa;31;16500;20800;4;12
643;02/02/2022 0:00;2;46;Persona;162;18500;21500;4;3
644;02/02/2022 0:00;2;565;Persona;149;17600;18800;4;3
645;02/02/2022 0:00;2;966;Persona;82;17700;22200;4;3
646;02/02/2022 0:00;2;258;Persona;124;17500;22300;4;3
647;02/02/2022 0:00;4;552;Persona;150;17600;21900;1;4
648;02/02/2022 0:00;4;226;Persona;105;18200;19700;1;4
649;02/02/2022 0:00;4;1150;Persona;156;17200;19300;1;4
650;02/02/2022 0:00;4;732;Persona;1;16800;21500;4;12
651;02/02/2022 0:00;4;372;Persona;124;17500;21100;4;12
652;02/02/2022 0:00;4;559;Persona;2;16800;21100;4;12
653;02/02/2022 0:00;3;558;Persona;136;17600;19500;4;7
654;02/02/2022 0:00;3;918;Persona;154;17300;20600;4;7
655;02/02/2022 0:00;3;737;Persona;122;17000;20400;4;7
656;02/02/2022 0:00;3;388;Persona;54;17800;22100;4;7
657;02/02/2022 0:00;2;814;Persona;156;17200;19500;1;4
658;02/02/2022 0:00;2;1070;Persona;101;17500;21900;1;4
659;02/02/2022 0:00;2;739;Persona;25;17500;20800;1;4
660;02/02/2022 0:00;2;716;Persona;71;17800;20000;1;4
661;02/02/2022 0:00;2;30;Persona;17;18100;22800;1;4
662;03/02/2022 0:00;2;768;Persona;62;17100;18100;1;4
663;03/02/2022 0:00;2;636;Persona;4;17700;20300;1;4
664;03/02/2022 0:00;2;518;Persona;3;17000;21500;1;4
665;03/02/2022 0:00;1;457;Persona;48;17100;19900;2;11
666;03/02/2022 0:00;1;285;Persona;148;17000;20000;2;11
667;03/02/2022 0:00;1;476;Persona;50;16300;20100;2;11
668;03/02/2022 0:00;1;746;Persona;117;16800;20600;2;11
669;03/02/2022 0:00;1;610;Persona;21;18000;22500;4;10
670;03/02/2022 0:00;1;23;Persona;129;17800;19500;4;10
671;03/02/2022 0:00;1;556;Persona;79;17700;20700;4;10
672;03/02/2022 0:00;1;29;Persona;147;17300;21200;4;10
673;03/02/2022 0:00;4;394;Persona;88;17000;18700;1;4
674;03/02/2022 0:00;4;891;Persona;83;17300;22300;1;4
675;03/02/2022 0:00;4;220;Persona;78;17200;20700;1;4
676;03/02/2022 0:00;4;178;Persona;157;18100;22400;1;4
677;03/02/2022 0:00;4;329;Persona;15;17200;18500;4;5
678;03/02/2022 0:00;4;481;Persona;124;17500;19300;4;5
679;03/02/2022 0:00;4;277;Persona;33;17100;19900;4;5
680;03/02/2022 0:00;4;156;Persona;157;18100;19000;4;5
681;03/02/2022 0:00;4;800;Persona;128;17500;22400;4;2
682;03/02/2022 0:00;4;902;Persona;99;17500;19000;4;2
683;03/02/2022 0:00;4;473;Persona;170;17400;22500;4;2
684;03/02/2022 0:00;4;460;Persona;150;17600;22100;4;5
685;03/02/2022 0:00;4;32;Persona;148;17000;21900;4;5
686;04/02/2022 0:00;4;638;Persona;126;18100;21900;4;5
687;04/02/2022 0:00;4;1128;Persona;44;17900;21100;4;5
688;04/02/2022 0:00;4;51;Empresa;156;17200;18700;3;6
689;04/02/2022 0:00;4;204;Empresa;112;17500;20000;3;6
690;04/02/2022 0:00;4;498;Empresa;24;17200;20800;3;6
691;04/02/2022 0:00;4;861;Empresa;72;17800;22900;3;6
692;04/02/2022 0:00;3;730;Persona;76;17700;20700;2;8
693;04/02/2022 0:00;3;493;Persona;70;17300;19100;2;8
694;04/02/2022 0:00;3;869;Persona;70;17300;20000;2;8
695;04/02/2022 0:00;3;740;Persona;146;17100;19700;4;1
696;04/02/2022 0:00;3;569;Persona;100;18100;23500;4;1
697;04/02/2022 0:00;3;551;Persona;177;16600;17700;4;1
698;04/02/2022 0:00;3;860;Persona;96;17200;18300;4;1
699;04/02/2022 0:00;3;425;Persona;63;17400;21300;2;8
700;04/02/2022 0:00;3;1075;Persona;16;17800;20900;2;8
701;04/02/2022 0:00;3;48;Persona;172;17700;18800;2;8
702;04/02/2022 0:00;3;204;Persona;45;17500;21800;4;12
703;04/02/2022 0:00;3;488;Persona;135;17800;21000;4;12
704;04/02/2022 0:00;3;914;Persona;14;16800;19200;4;12
705;04/02/2022 0:00;3;686;Persona;32;17800;20300;4;12
706;04/02/2022 0:00;3;594;Persona;170;17400;20500;1;4
707;04/02/2022 0:00;3;701;Persona;159;17400;19300;1;4
708;04/02/2022 0:00;3;1054;Persona;43;18400;20800;1;4
709;04/02/2022 0:00;3;565;Persona;90;17400;18800;1;4
710;04/02/2022 0:00;2;91;Persona;110;17200;21000;1;9
711;05/02/2022 0:00;2;1049;Persona;133;17500;19800;1;9
712;05/02/2022 0:00;2;103;Persona;32;17800;19200;1;9
713;05/02/2022 0:00;2;389;Persona;109;17700;20700;1;9
714;05/02/2022 0:00;2;803;Persona;45;17500;19200;4;7
715;05/02/2022 0:00;2;538;Persona;54;17800;23100;4;7
716;05/02/2022 0:00;2;922;Persona;143;17700;22100;4;7
717;05/02/2022 0:00;2;1117;Persona;114;17800;19700;4;7
718;05/02/2022 0:00;1;867;Persona;68;17300;19300;4;1
719;05/02/2022 0:00;1;821;Persona;164;16800;19200;4;1
720;05/02/2022 0:00;1;512;Persona;149;17600;22700;4;1
721;05/02/2022 0:00;1;742;Persona;131;17000;18800;4;1
722;05/02/2022 0:00;3;621;Persona;106;17600;22500;4;2
723;05/02/2022 0:00;3;470;Persona;173;17500;20400;4;2
724;05/02/2022 0:00;3;1064;Persona;174;17400;22000;4;2
725;05/02/2022 0:00;3;591;Persona;168;17500;21100;4;2
726;05/02/2022 0:00;2;617;Persona;170;17400;18900;2;8
727;05/02/2022 0:00;2;268;Persona;130;17900;20500;2;8
728;05/02/2022 0:00;2;161;Persona;109;17700;18900;2;8
729;05/02/2022 0:00;2;1166;Persona;70;17300;20100;2;8
730;05/02/2022 0:00;2;71;Empresa;105;18200;20400;4;7
731;05/02/2022 0:00;2;768;Empresa;151;17200;20000;4;7
732;05/02/2022 0:00;2;944;Empresa;144;17200;18600;4;7
733;05/02/2022 0:00;2;781;Empresa;98;18000;21500;4;7
734;05/02/2022 0:00;1;75;Persona;56;17400;20800;4;2
735;05/02/2022 0:00;1;186;Persona;51;17500;19500;4;2
736;05/02/2022 0:00;1;959;Persona;179;17500;22700;4;2
737;05/02/2022 0:00;1;47;Persona;17;18100;20500;4;2
738;05/02/2022 0:00;4;408;Persona;89;17200;19100;3;6
739;05/02/2022 0:00;4;342;Persona;73;17100;21900;3;6
740;05/02/2022 0:00;4;720;Persona;8;18300;21400;3;6
741;06/02/2022 0:00;4;555;Persona;6;17100;22100;3;6
742;06/02/2022 0:00;4;471;Persona;110;17200;20800;2;8
743;06/02/2022 0:00;4;809;Persona;97;17500;19200;2;8
744;06/02/2022 0:00;4;130;Persona;120;17600;19500;2;8
745;06/02/2022 0:00;4;309;Persona;61;17600;20700;2;8
746;06/02/2022 0:00;4;819;Persona;126;18100;19800;4;1
747;06/02/2022 0:00;4;842;Persona;136;17600;19000;4;1
748;06/02/2022 0:00;4;835;Persona;91;18300;19600;4;1
749;06/02/2022 0:00;4;129;Persona;8;18300;22200;4;1
750;06/02/2022 0:00;2;930;Persona;93;16800;19600;4;5
751;06/02/2022 0:00;2;549;Persona;11;17300;20200;4;5
752;06/02/2022 0:00;2;265;Persona;151;17200;20300;4;5
753;06/02/2022 0:00;2;1016;Persona;77;17300;18300;4;5
754;06/02/2022 0:00;2;122;Persona;104;17400;19500;4;5
755;06/02/2022 0:00;2;506;Persona;114;17800;19400;4;5
756;06/02/2022 0:00;2;273;Persona;71;17800;21900;4;5
757;06/02/2022 0:00;2;183;Persona;42;17600;20300;4;5
758;06/02/2022 0:00;2;421;Persona;97;17500;21300;4;7
759;06/02/2022 0:00;2;922;Persona;5;17200;20600;4;7
760;06/02/2022 0:00;2;521;Persona;56;17400;18200;4;7
761;06/02/2022 0:00;2;857;Persona;40;17000;18900;4;7
762;06/02/2022 0:00;1;172;Persona;120;17600;21700;1;4
763;06/02/2022 0:00;1;784;Persona;5;17200;18800;1;4
764;06/02/2022 0:00;1;1029;Persona;104;17400;20800;1;4
765;06/02/2022 0:00;1;1158;Persona;26;17200;22000;1;4
766;06/02/2022 0:00;1;997;Empresa;175;17800;20800;3;6
767;06/02/2022 0:00;1;723;Empresa;10;16300;19900;3;6
768;06/02/2022 0:00;1;856;Empresa;78;17200;19200;3;6
769;06/02/2022 0:00;1;498;Empresa;25;17500;20500;3;6
770;06/02/2022 0:00;1;625;Persona;147;17300;21500;4;10
771;06/02/2022 0:00;1;474;Persona;124;17500;21900;4;10
772;06/02/2022 0:00;1;606;Persona;54;17800;19200;4;10
773;06/02/2022 0:00;1;1092;Persona;40;17000;19100;4;10
774;06/02/2022 0:00;1;985;Persona;135;17800;20300;4;12
775;06/02/2022 0:00;1;799;Persona;143;17700;21700;4;12
776;06/02/2022 0:00;1;937;Persona;115;18400;20500;4;12
777;06/02/2022 0:00;1;1104;Persona;89;17200;19400;4;12
778;06/02/2022 0:00;4;1;Persona;63;17400;18500;4;10
779;06/02/2022 0:00;4;919;Persona;63;17400;20200;4;10
780;07/02/2022 0:00;4;738;Persona;155;18000;21900;4;10
781;07/02/2022 0:00;4;345;Persona;56;17400;20800;4;10
782;07/02/2022 0:00;4;828;Persona;158;17400;19400;1;4
783;07/02/2022 0:00;4;809;Persona;168;17500;19500;1;4
784;07/02/2022 0:00;4;155;Persona;10;16300;17200;1;4
785;07/02/2022 0:00;4;1163;Persona;18;17500;19300;1;4
786;07/02/2022 0:00;2;686;Persona;40;17000;20900;4;2
787;07/02/2022 0:00;2;712;Persona;110;17200;19400;4;2
788;07/02/2022 0:00;2;501;Persona;162;18500;23100;4;2
789;07/02/2022 0:00;2;55;Persona;22;18000;22100;4;2
790;07/02/2022 0:00;2;236;Persona;152;16600;18800;4;3
791;07/02/2022 0:00;2;885;Persona;176;17600;20600;4;3
792;08/02/2022 0:00;2;866;Persona;74;18100;21100;4;3
793;08/02/2022 0:00;2;716;Persona;68;17300;22000;4;3
794;08/02/2022 0:00;2;1;Persona;54;17800;18700;1;9
795;08/02/2022 0:00;2;45;Persona;81;17400;19000;1;9
796;08/02/2022 0:00;2;446;Persona;90;17400;20400;1;9
797;08/02/2022 0:00;2;1134;Persona;150;17600;20400;1;9
798;08/02/2022 0:00;4;797;Persona;142;17200;21100;4;7
799;08/02/2022 0:00;4;119;Persona;162;18500;21300;4;7
800;08/02/2022 0:00;4;103;Persona;75;17000;20500;4;7
801;08/02/2022 0:00;4;14;Persona;80;17400;19100;4;7
802;08/02/2022 0:00;2;614;Persona;13;17300;21200;4;12
803;08/02/2022 0:00;2;921;Persona;144;17200;19000;4;12
804;08/02/2022 0:00;2;189;Persona;100;18100;21200;4;12
805;08/02/2022 0:00;2;669;Persona;99;17500;22400;4;12
806;08/02/2022 0:00;2;449;Persona;113;18000;23300;2;8
807;08/02/2022 0:00;2;170;Persona;41;17600;19600;2;8
808;08/02/2022 0:00;2;990;Persona;155;18000;22600;2;8
809;08/02/2022 0:00;2;557;Persona;157;18100;22100;2;8
810;08/02/2022 0:00;1;967;Persona;112;17500;21300;4;5
811;08/02/2022 0:00;1;245;Persona;66;18400;22200;4;5
812;08/02/2022 0:00;1;573;Persona;59;18100;23200;4;5
813;08/02/2022 0:00;1;695;Persona;135;17800;20500;4;5
814;08/02/2022 0:00;4;1098;Persona;27;17400;18500;4;12
815;09/02/2022 0:00;4;84;Persona;77;17300;19900;4;12
816;09/02/2022 0:00;4;844;Persona;97;17500;18500;4;12
817;09/02/2022 0:00;4;240;Empresa;8;18300;20300;1;9
818;09/02/2022 0:00;4;404;Empresa;141;18800;20800;1;9
819;09/02/2022 0:00;4;809;Empresa;3;17000;18800;1;9
820;09/02/2022 0:00;4;164;Empresa;171;16800;19700;1;9
821;09/02/2022 0:00;2;932;Persona;153;17200;22000;3;6
822;09/02/2022 0:00;2;142;Persona;21;18000;23200;3;6
823;09/02/2022 0:00;2;1032;Persona;175;17800;23100;3;6
824;09/02/2022 0:00;2;147;Persona;108;18300;19500;3;6
825;09/02/2022 0:00;2;1031;Persona;154;17300;22400;4;12
826;10/02/2022 0:00;2;144;Persona;114;17800;20100;4;12
827;10/02/2022 0:00;2;1027;Persona;63;17400;22100;4;12
828;10/02/2022 0:00;2;1156;Persona;4;17700;20900;4;12
829;10/02/2022 0:00;2;433;Persona;14;16800;21100;3;6
830;10/02/2022 0:00;2;659;Persona;17;18100;22600;3;6
831;10/02/2022 0:00;2;191;Persona;16;17800;21300;3;6
832;10/02/2022 0:00;2;646;Persona;179;17500;18500;3;6
833;10/02/2022 0:00;2;762;Persona;30;17400;19900;1;9
834;10/02/2022 0:00;2;1022;Persona;73;17100;19800;1;9
835;10/02/2022 0:00;2;505;Persona;157;18100;20800;1;9
836;10/02/2022 0:00;2;180;Persona;80;17400;20800;1;9
837;11/02/2022 0:00;1;819;Persona;46;16700;18900;4;1
838;11/02/2022 0:00;1;189;Persona;65;17100;18600;4;1
839;11/02/2022 0:00;1;416;Persona;162;18500;22800;4;1
840;11/02/2022 0:00;1;973;Persona;85;17600;20300;4;1
841;11/02/2022 0:00;2;308;Persona;157;18100;19500;3;6
842;11/02/2022 0:00;2;622;Persona;54;17800;19200;3;6
843;11/02/2022 0:00;2;842;Persona;5;17200;21900;3;6
844;11/02/2022 0:00;1;93;Persona;70;17300;21300;2;8
845;11/02/2022 0:00;1;1160;Persona;78;17200;21900;2;8
846;11/02/2022 0:00;1;948;Persona;91;18300;19400;2;8
847;11/02/2022 0:00;1;911;Persona;123;18200;20000;2;8
848;11/02/2022 0:00;3;683;Persona;147;17300;19400;4;12
849;11/02/2022 0:00;3;616;Persona;176;17600;22700;4;12
850;11/02/2022 0:00;3;831;Persona;46;16700;17600;4;12
851;11/02/2022 0:00;3;1025;Persona;78;17200;18000;4;12
852;11/02/2022 0:00;4;607;Persona;168;17500;18900;3;6
853;11/02/2022 0:00;4;575;Persona;176;17600;21200;3;6
854;11/02/2022 0:00;4;202;Persona;134;18000;23000;3;6
855;11/02/2022 0:00;4;1058;Empresa;18;17500;18500;4;5
856;12/02/2022 0:00;4;1111;Empresa;87;18000;20600;4;5
857;12/02/2022 0:00;4;725;Empresa;74;18100;20700;4;5
858;12/02/2022 0:00;4;531;Empresa;70;17300;20300;4;5
859;12/02/2022 0:00;3;906;Persona;122;17000;18600;4;12
860;12/02/2022 0:00;3;138;Persona;69;17800;21000;4;12
861;12/02/2022 0:00;3;1162;Persona;112;17500;22200;4;12
862;12/02/2022 0:00;3;640;Persona;101;17500;21700;4;12
863;12/02/2022 0:00;2;388;Persona;72;17800;22900;4;2
864;12/02/2022 0:00;2;97;Persona;160;16800;19900;4;2
865;12/02/2022 0:00;2;10;Persona;12;17400;20900;4;2
866;12/02/2022 0:00;2;1096;Empresa;148;17000;18000;4;1
867;12/02/2022 0:00;2;1140;Empresa;68;17300;19200;4;1
868;12/02/2022 0:00;2;81;Empresa;38;18100;22300;4;1
869;12/02/2022 0:00;2;415;Empresa;176;17600;20300;4;1
870;12/02/2022 0:00;2;338;Persona;16;17800;19700;4;5
871;13/02/2022 0:00;2;598;Persona;97;17500;22100;4;5
872;13/02/2022 0:00;2;1011;Persona;140;17300;22400;4;5
873;13/02/2022 0:00;2;1179;Persona;146;17100;19400;4;5
874;13/02/2022 0:00;4;519;Persona;40;17000;17800;3;6
875;13/02/2022 0:00;4;673;Persona;123;18200;22300;3;6
876;13/02/2022 0:00;4;276;Persona;1;16800;21000;3;6
877;13/02/2022 0:00;4;554;Persona;176;17600;19500;2;8
878;13/02/2022 0:00;4;124;Persona;23;17100;20000;2;8
879;13/02/2022 0:00;4;745;Persona;56;17400;20000;2;8
880;13/02/2022 0:00;4;14;Persona;25;17500;21200;2;8
881;13/02/2022 0:00;3;1155;Persona;39;17200;22200;2;11
882;13/02/2022 0:00;3;603;Persona;46;16700;17700;2;11
883;13/02/2022 0:00;3;800;Persona;42;17600;20500;2;11
884;13/02/2022 0:00;3;108;Persona;20;17600;20300;2;11
885;13/02/2022 0:00;3;768;Persona;33;17100;20700;2;11
886;13/02/2022 0:00;3;408;Persona;92;17500;21100;2;11
887;14/02/2022 0:00;3;931;Persona;93;16800;18300;2;11
888;14/02/2022 0:00;3;14;Persona;85;17600;21800;2;11
889;14/02/2022 0:00;1;554;Persona;57;17700;21900;3;6
890;14/02/2022 0:00;1;1058;Persona;27;17400;20100;3;6
891;14/02/2022 0:00;1;576;Persona;155;18000;23000;3;6
892;14/02/2022 0:00;3;1153;Persona;115;18400;19600;1;9
893;14/02/2022 0:00;3;563;Persona;114;17800;19400;1;9
894;14/02/2022 0:00;3;1011;Persona;72;17800;20600;1;9
895;15/02/2022 0:00;3;453;Persona;151;17200;19200;1;9
896;15/02/2022 0:00;3;763;Empresa;39;17200;19200;4;1
897;15/02/2022 0:00;3;814;Empresa;138;17400;19300;4;1
898;15/02/2022 0:00;3;1089;Empresa;177;16600;18200;4;1
899;15/02/2022 0:00;3;270;Empresa;174;17400;21100;4;1
900;15/02/2022 0:00;2;307;Persona;6;17100;18900;4;12
901;15/02/2022 0:00;2;916;Persona;163;17800;22300;4;12
902;15/02/2022 0:00;2;1067;Persona;169;18000;20600;4;12
903;15/02/2022 0:00;1;993;Persona;48;17100;20400;4;12
904;15/02/2022 0:00;1;1170;Persona;127;17900;22500;4;12
905;15/02/2022 0:00;1;298;Persona;174;17400;21300;4;12
906;15/02/2022 0:00;1;657;Persona;120;17600;22400;4;12
907;15/02/2022 0:00;2;689;Empresa;179;17500;18700;4;2
908;15/02/2022 0:00;2;296;Empresa;125;17300;18400;4;2
909;15/02/2022 0:00;2;297;Empresa;33;17100;18000;4;2
910;16/02/2022 0:00;2;500;Empresa;5;17200;20300;4;2
911;16/02/2022 0:00;1;159;Persona;61;17600;20600;3;6
912;16/02/2022 0:00;1;206;Persona;91;18300;22200;3;6
913;16/02/2022 0:00;1;485;Persona;52;17800;21000;3;6
914;16/02/2022 0:00;1;134;Persona;105;18200;23400;3;6
915;16/02/2022 0:00;1;857;Persona;51;17500;20500;2;11
916;16/02/2022 0:00;1;571;Persona;78;17200;19300;2;11
917;16/02/2022 0:00;1;100;Persona;175;17800;21200;2;11
918;16/02/2022 0:00;1;179;Persona;163;17800;22500;2;11
919;16/02/2022 0:00;3;863;Empresa;131;17000;19900;2;8
920;16/02/2022 0:00;3;315;Empresa;58;17600;20100;2;8
921;16/02/2022 0:00;3;1064;Empresa;45;17500;19000;2;8
922;16/02/2022 0:00;3;723;Empresa;159;17400;18700;2;8
923;16/02/2022 0:00;3;380;Persona;164;16800;20600;4;5
924;16/02/2022 0:00;3;32;Persona;165;16900;21900;4;5
925;16/02/2022 0:00;3;201;Persona;146;17100;19000;4;5
926;17/02/2022 0:00;3;816;Persona;79;17700;18600;4;5
927;17/02/2022 0:00;2;783;Persona;128;17500;21600;1;9
928;17/02/2022 0:00;2;628;Persona;51;17500;19500;1;9
929;17/02/2022 0:00;2;309;Persona;111;17500;22500;1;9
930;17/02/2022 0:00;2;815;Persona;49;17300;18600;1;9
931;17/02/2022 0:00;2;432;Persona;62;17100;18100;1;9
932;17/02/2022 0:00;2;438;Persona;15;17200;20200;1;9
933;17/02/2022 0:00;2;199;Persona;22;18000;20300;1;9
934;17/02/2022 0:00;2;979;Persona;176;17600;18900;1;9
935;17/02/2022 0:00;1;34;Persona;124;17500;18800;4;10
936;17/02/2022 0:00;1;1098;Persona;149;17600;20900;4;10
937;17/02/2022 0:00;1;328;Persona;56;17400;20700;4;10
938;18/02/2022 0:00;1;1141;Persona;163;17800;22800;4;10
939;18/02/2022 0:00;1;980;Persona;9;17100;20900;2;11
940;18/02/2022 0:00;1;403;Persona;28;17800;23000;2;11
941;18/02/2022 0:00;1;774;Persona;32;17800;19400;2;11
942;18/02/2022 0:00;1;745;Persona;54;17800;22600;2;11
943;18/02/2022 0:00;3;1122;Persona;58;17600;22400;1;9
944;18/02/2022 0:00;3;984;Persona;20;17600;20200;1;9
945;18/02/2022 0:00;3;438;Persona;134;18000;20400;1;9
946;18/02/2022 0:00;3;388;Persona;47;17300;21700;1;9
947;18/02/2022 0:00;3;128;Persona;119;17300;20900;4;1
948;18/02/2022 0:00;3;1035;Persona;74;18100;20200;4;1
949;18/02/2022 0:00;3;149;Persona;117;16800;21300;4;1
950;18/02/2022 0:00;3;515;Persona;158;17400;21100;4;1
951;18/02/2022 0:00;3;157;Persona;123;18200;20300;2;8
952;18/02/2022 0:00;3;354;Persona;29;17700;22000;2;8
953;18/02/2022 0:00;3;707;Persona;89;17200;20000;2;8
954;18/02/2022 0:00;3;381;Persona;128;17500;22000;2;8
955;18/02/2022 0:00;3;331;Persona;9;17100;18900;4;12
956;18/02/2022 0:00;3;605;Persona;154;17300;20600;4;12
957;18/02/2022 0:00;3;1004;Persona;42;17600;20700;4;12
958;19/02/2022 0:00;3;123;Persona;103;18000;19600;4;12
959;19/02/2022 0:00;4;29;Persona;45;17500;18700;4;10
960;19/02/2022 0:00;4;985;Persona;156;17200;20900;4;10
961;19/02/2022 0:00;4;1065;Persona;127;17900;20800;4;10
962;19/02/2022 0:00;4;213;Persona;167;18200;19600;4;10
963;19/02/2022 0:00;2;736;Persona;66;18400;19300;3;6
964;19/02/2022 0:00;2;832;Persona;79;17700;22700;3;6
965;19/02/2022 0:00;2;365;Persona;57;17700;21700;3;6
966;20/02/2022 0:00;2;745;Persona;71;17800;19900;3;6
967;20/02/2022 0:00;2;175;Persona;21;18000;20100;4;1
968;20/02/2022 0:00;2;124;Persona;93;16800;19900;4;1
969;20/02/2022 0:00;2;288;Persona;101;17500;19600;4;1
970;20/02/2022 0:00;2;739;Persona;26;17200;19500;4;1
971;20/02/2022 0:00;2;347;Persona;84;18500;22400;2;11
972;20/02/2022 0:00;2;865;Persona;43;18400;22900;2;11
973;20/02/2022 0:00;2;780;Persona;42;17600;20300;2;11
974;20/02/2022 0:00;2;597;Persona;103;18000;22900;2;11
975;20/02/2022 0:00;3;1137;Persona;44;17900;18900;4;2
976;20/02/2022 0:00;3;791;Persona;54;17800;20400;4;2
977;20/02/2022 0:00;3;175;Persona;89;17200;18100;4;2
978;20/02/2022 0:00;3;79;Persona;106;17600;21300;4;2
979;20/02/2022 0:00;4;320;Empresa;110;17200;21800;4;10
980;20/02/2022 0:00;4;1166;Empresa;43;18400;19400;4;10
981;20/02/2022 0:00;4;224;Empresa;172;17700;21000;4;10
982;20/02/2022 0:00;4;402;Empresa;134;18000;22200;4;10
983;20/02/2022 0:00;4;457;Persona;174;17400;19500;4;5
984;20/02/2022 0:00;4;127;Persona;163;17800;19400;4;5
985;20/02/2022 0:00;4;412;Persona;60;17300;22400;4;5
986;21/02/2022 0:00;1;1003;Persona;139;17100;19300;4;1
987;21/02/2022 0:00;1;682;Persona;98;18000;20800;4;1
988;21/02/2022 0:00;1;843;Persona;79;17700;20400;4;1
989;21/02/2022 0:00;1;331;Persona;123;18200;21400;4;1
990;21/02/2022 0:00;1;39;Persona;154;17300;21600;3;6
991;21/02/2022 0:00;1;702;Persona;125;17300;22400;3;6
992;21/02/2022 0:00;1;246;Persona;108;18300;23100;3;6
993;21/02/2022 0:00;1;1159;Persona;142;17200;18600;3;6
994;21/02/2022 0:00;1;115;Persona;83;17300;21700;2;11
995;21/02/2022 0:00;1;656;Persona;175;17800;22400;2;11
996;21/02/2022 0:00;1;519;Persona;118;18000;20800;2;11
997;21/02/2022 0:00;4;33;Persona;154;17300;21400;1;4
998;21/02/2022 0:00;4;1039;Persona;111;17500;22400;1;4
999;21/02/2022 0:00;4;466;Persona;90;17400;18300;1;4
1000;21/02/2022 0:00;4;513;Persona;177;16600;21100;1;4
1001;21/02/2022 0:00;3;1096;Empresa;109;17700;20300;1;9
1002;21/02/2022 0:00;3;203;Empresa;123;18200;20800;1;9
1003;21/02/2022 0:00;3;781;Empresa;159;17400;19200;1;9
1004;21/02/2022 0:00;3;1004;Empresa;136;17600;19700;1;9
1005;21/02/2022 0:00;2;476;Persona;154;17300;21700;4;3
1006;21/02/2022 0:00;2;114;Persona;71;17800;22600;4;3
1007;21/02/2022 0:00;2;199;Persona;47;17300;18800;4;3
1008;21/02/2022 0:00;2;488;Persona;69;17800;21400;4;3
1009;21/02/2022 0:00;4;501;Empresa;146;17100;20700;4;7
1010;21/02/2022 0:00;4;993;Empresa;177;16600;18400;4;7
1011;22/02/2022 0:00;4;224;Empresa;110;17200;20800;4;7
1012;22/02/2022 0:00;4;544;Empresa;156;17200;18100;4;7
1013;22/02/2022 0:00;4;221;Persona;117;16800;18200;4;1
1014;22/02/2022 0:00;4;613;Persona;129;17800;20700;4;1
1015;22/02/2022 0:00;4;38;Persona;107;17300;18700;4;1
1016;22/02/2022 0:00;2;1131;Persona;48;17100;21300;4;10
1017;22/02/2022 0:00;2;248;Persona;48;17100;18600;4;10
1018;22/02/2022 0:00;2;371;Persona;38;18100;19800;4;10
1019;22/02/2022 0:00;2;721;Persona;140;17300;19500;4;10
1020;22/02/2022 0:00;1;624;Persona;124;17500;20500;4;2
1021;22/02/2022 0:00;1;1168;Persona;55;17800;19600;4;2
1022;22/02/2022 0:00;1;1008;Persona;43;18400;21200;4;2
1023;22/02/2022 0:00;1;403;Persona;102;17800;18800;4;2
1024;22/02/2022 0:00;4;374;Persona;6;17100;18800;4;3
1025;22/02/2022 0:00;4;309;Persona;15;17200;20100;4;3
1026;22/02/2022 0:00;4;278;Persona;90;17400;20100;4;3
1027;22/02/2022 0:00;4;1128;Persona;138;17400;20600;4;3
1028;22/02/2022 0:00;3;345;Empresa;55;17800;20600;2;8
1029;23/02/2022 0:00;3;514;Empresa;95;17700;20800;2;8
1030;23/02/2022 0:00;3;333;Empresa;79;17700;18800;2;8
1031;23/02/2022 0:00;3;427;Empresa;80;17400;18800;2;8
1032;23/02/2022 0:00;3;281;Persona;166;18200;23600;4;7
1033;24/02/2022 0:00;3;649;Persona;74;18100;21400;4;7
1034;24/02/2022 0:00;3;250;Persona;67;17700;21900;4;7
1035;24/02/2022 0:00;3;189;Persona;51;17500;20300;4;7
1036;24/02/2022 0:00;3;289;Persona;99;17500;22600;4;7
1037;24/02/2022 0:00;3;232;Persona;112;17500;21600;4;7
1038;24/02/2022 0:00;3;557;Persona;109;17700;19900;4;7
1039;24/02/2022 0:00;4;46;Persona;129;17800;21800;4;3
1040;24/02/2022 0:00;4;146;Persona;129;17800;19000;4;3
1041;25/02/2022 0:00;4;688;Persona;127;17900;21700;4;3
1042;25/02/2022 0:00;4;261;Persona;128;17500;19400;4;3
1043;25/02/2022 0:00;4;28;Persona;135;17800;21000;4;1
1044;25/02/2022 0:00;4;668;Persona;178;17400;19600;4;1
1045;25/02/2022 0:00;4;341;Persona;31;16500;21400;4;1
1046;25/02/2022 0:00;4;916;Persona;155;18000;21800;4;1
1047;25/02/2022 0:00;2;771;Empresa;81;17400;19500;4;7
1048;25/02/2022 0:00;2;843;Empresa;73;17100;20400;4;7
1049;25/02/2022 0:00;2;900;Empresa;115;18400;22900;4;7
1050;25/02/2022 0:00;2;227;Empresa;59;18100;21600;4;7
1051;25/02/2022 0:00;2;712;Persona;36;17600;22800;4;12
1052;26/02/2022 0:00;2;507;Persona;44;17900;22000;4;12
1053;26/02/2022 0:00;2;218;Persona;21;18000;21100;4;12
1054;26/02/2022 0:00;2;247;Persona;87;18000;22800;4;12
1055;26/02/2022 0:00;1;1177;Persona;132;17200;20800;4;3
1056;26/02/2022 0:00;1;1059;Persona;111;17500;18700;4;3
1057;26/02/2022 0:00;1;1157;Persona;52;17800;22100;4;3
1058;26/02/2022 0:00;1;964;Persona;121;17100;22200;4;3
1059;26/02/2022 0:00;1;312;Persona;87;18000;22300;1;4
1060;26/02/2022 0:00;1;866;Persona;122;17000;21900;1;4
1061;26/02/2022 0:00;1;465;Persona;45;17500;21700;1;4
1062;26/02/2022 0:00;1;367;Persona;45;17500;20900;1;4
1063;26/02/2022 0:00;3;1168;Persona;60;17300;22300;2;8
1064;26/02/2022 0:00;3;899;Persona;40;17000;20100;2;8
1065;26/02/2022 0:00;3;371;Persona;137;17800;20700;2;8
1066;26/02/2022 0:00;3;781;Persona;164;16800;19600;2;8
1067;26/02/2022 0:00;2;157;Persona;35;18000;18900;2;11
1068;26/02/2022 0:00;2;958;Persona;126;18100;21700;2;11
1069;26/02/2022 0:00;2;488;Persona;113;18000;21100;2;11
1070;26/02/2022 0:00;2;283;Persona;138;17400;21000;2;11
1071;26/02/2022 0:00;3;265;Persona;44;17900;20600;1;9
1072;27/02/2022 0:00;3;1031;Persona;28;17800;20400;1;9
1073;27/02/2022 0:00;3;1177;Persona;15;17200;18700;1;9
1074;27/02/2022 0:00;3;1148;Persona;111;17500;20200;1;9
1075;27/02/2022 0:00;3;2;Empresa;168;17500;21000;4;3
1076;27/02/2022 0:00;3;904;Empresa;103;18000;21400;4;3
1077;27/02/2022 0:00;3;987;Empresa;165;16900;19600;4;3
1078;27/02/2022 0:00;3;1068;Empresa;75;17000;21400;4;3
1079;27/02/2022 0:00;3;755;Persona;65;17100;18500;4;3
1080;27/02/2022 0:00;3;741;Persona;149;17600;20900;4;3
1081;27/02/2022 0:00;3;97;Persona;174;17400;20900;4;3
1082;27/02/2022 0:00;3;222;Persona;57;17700;19800;4;3
1083;27/02/2022 0:00;4;781;Empresa;146;17100;19600;4;3
1084;27/02/2022 0:00;4;168;Empresa;36;17600;22500;4;3
1085;27/02/2022 0:00;4;763;Empresa;31;16500;17600;4;3
1086;27/02/2022 0:00;4;196;Empresa;74;18100;22900;4;3
1087;28/02/2022 0:00;4;472;Persona;30;17400;20100;4;2
1088;28/02/2022 0:00;4;147;Persona;126;18100;21700;4;2
1089;28/02/2022 0:00;4;833;Persona;65;17100;18200;4;2
1090;28/02/2022 0:00;4;112;Persona;53;16800;19500;4;2
1091;28/02/2022 0:00;3;190;Persona;179;17500;21100;2;11
1092;28/02/2022 0:00;3;18;Persona;28;17800;19100;2;11
1093;28/02/2022 0:00;3;1005;Persona;2;16800;19800;2;11
1094;28/02/2022 0:00;3;1125;Persona;136;17600;21000;2;11
1095;28/02/2022 0:00;3;544;Persona;169;18000;19300;4;3
1096;28/02/2022 0:00;3;367;Persona;7;17800;19500;4;3
1097;28/02/2022 0:00;3;1137;Persona;179;17500;18600;4;3
1098;28/02/2022 0:00;3;801;Persona;4;17700;19900;4;3
1099;28/02/2022 0:00;3;1091;Persona;133;17500;22700;1;9
1100;28/02/2022 0:00;3;1110;Persona;164;16800;18900;1;9
1101;28/02/2022 0:00;3;249;Persona;146;17100;19800;1;9
1102;28/02/2022 0:00;2;519;Persona;61;17600;21300;1;4
1103;28/02/2022 0:00;2;587;Persona;115;18400;19800;1;4
1104;28/02/2022 0:00;2;438;Persona;40;17000;18400;1;4
1105;28/02/2022 0:00;2;815;Persona;141;18800;20700;1;4
1106;28/02/2022 0:00;2;282;Empresa;169;18000;22500;4;2
1107;28/02/2022 0:00;2;444;Empresa;162;18500;20200;4;2
1108;28/02/2022 0:00;2;864;Empresa;129;17800;21900;4;2
1109;28/02/2022 0:00;2;903;Empresa;137;17800;19400;4;2
1110;01/03/2022 0:00;4;152;Persona;81;17400;21000;4;1
1111;01/03/2022 0:00;4;355;Persona;15;17200;18600;4;1
1112;01/03/2022 0:00;4;1065;Persona;69;17800;23000;4;1
1113;01/03/2022 0:00;2;40;Persona;76;17700;20900;4;1
1114;01/03/2022 0:00;2;379;Persona;79;17700;19000;4;1
1115;01/03/2022 0:00;2;900;Persona;47;17300;19400;4;1
1116;01/03/2022 0:00;2;161;Persona;6;17100;19100;4;1
1117;01/03/2022 0:00;2;1123;Persona;5;17200;21500;4;5
1118;01/03/2022 0:00;2;391;Persona;79;17700;20200;4;5
1119;01/03/2022 0:00;2;1140;Persona;87;18000;22900;4;5
1120;01/03/2022 0:00;2;1167;Persona;93;16800;18800;4;5
1121;01/03/2022 0:00;2;797;Persona;165;16900;20300;1;9
1122;01/03/2022 0:00;2;965;Persona;18;17500;20000;1;9
1123;01/03/2022 0:00;2;536;Persona;37;17600;20500;1;9
1124;01/03/2022 0:00;2;8;Persona;5;17200;18900;1;9
1125;01/03/2022 0:00;4;777;Persona;106;17600;22700;3;6
1126;01/03/2022 0:00;4;19;Persona;140;17300;20900;3;6
1127;01/03/2022 0:00;4;199;Persona;174;17400;19300;3;6
1128;01/03/2022 0:00;4;35;Persona;63;17400;20200;3;6
1129;02/03/2022 0:00;4;236;Persona;178;17400;22600;1;9
1130;02/03/2022 0:00;4;177;Persona;11;17300;19200;1;9
1131;02/03/2022 0:00;4;1037;Persona;68;17300;18600;1;9
1132;02/03/2022 0:00;4;80;Persona;41;17600;21100;1;9
1133;02/03/2022 0:00;4;685;Persona;116;17700;21600;2;11
1134;02/03/2022 0:00;4;12;Persona;129;17800;18600;2;11
1135;02/03/2022 0:00;4;1108;Persona;42;17600;18800;2;11
1136;02/03/2022 0:00;4;5;Persona;108;18300;22800;2;11
1137;02/03/2022 0:00;3;1111;Persona;59;18100;20900;1;4
1138;02/03/2022 0:00;3;184;Persona;16;17800;21800;1;4
1139;02/03/2022 0:00;3;744;Persona;8;18300;22400;1;4
1140;02/03/2022 0:00;3;696;Persona;93;16800;19500;1;4
1141;02/03/2022 0:00;4;873;Persona;124;17500;20900;4;5
1142;02/03/2022 0:00;4;61;Persona;134;18000;21700;4;5
1143;02/03/2022 0:00;4;771;Persona;138;17400;20600;4;5
1144;02/03/2022 0:00;4;238;Persona;123;18200;19400;4;5
1145;03/03/2022 0:00;2;588;Persona;117;16800;21300;2;11
1146;03/03/2022 0:00;2;149;Persona;89;17200;19800;2;11
1147;03/03/2022 0:00;2;735;Persona;49;17300;19400;2;11
1148;03/03/2022 0:00;2;329;Persona;104;17400;18300;2;11
1149;03/03/2022 0:00;2;550;Persona;113;18000;20500;2;8
1150;03/03/2022 0:00;2;331;Persona;147;17300;18400;2;8
1151;03/03/2022 0:00;2;133;Persona;132;17200;21800;2;8
1152;03/03/2022 0:00;2;557;Persona;7;17800;18700;2;8
1153;03/03/2022 0:00;2;21;Persona;156;17200;19600;3;6
1154;03/03/2022 0:00;2;750;Persona;149;17600;18500;3;6
1155;04/03/2022 0:00;2;141;Persona;38;18100;22800;3;6
1156;04/03/2022 0:00;2;178;Persona;167;18200;19800;3;6
1157;04/03/2022 0:00;4;835;Persona;22;18000;23200;2;11
1158;04/03/2022 0:00;4;584;Persona;145;17400;20700;2;11
1159;04/03/2022 0:00;4;826;Persona;173;17500;19900;2;11
1160;04/03/2022 0:00;4;919;Persona;79;17700;20200;2;11
1161;04/03/2022 0:00;3;83;Persona;167;18200;23500;4;2
1162;04/03/2022 0:00;3;629;Persona;51;17500;22500;4;2
1163;04/03/2022 0:00;3;998;Persona;101;17500;21500;4;2
1164;04/03/2022 0:00;3;326;Persona;161;16600;19500;4;2
1165;04/03/2022 0:00;3;194;Persona;69;17800;21100;4;3
1166;04/03/2022 0:00;3;655;Persona;91;18300;20200;4;3
1167;04/03/2022 0:00;3;115;Persona;41;17600;18800;4;3
1168;04/03/2022 0:00;3;1123;Persona;156;17200;21400;4;3
1169;04/03/2022 0:00;3;8;Persona;61;17600;19700;4;5
1170;04/03/2022 0:00;3;81;Persona;65;17100;18000;4;5
1171;04/03/2022 0:00;3;1032;Persona;158;17400;19200;4;5
1172;04/03/2022 0:00;3;530;Persona;171;16800;19900;4;5
1173;04/03/2022 0:00;2;776;Empresa;137;17800;21000;2;8
1174;04/03/2022 0:00;2;220;Empresa;103;18000;19600;2;8
1175;04/03/2022 0:00;2;510;Empresa;27;17400;21400;2;8
1176;04/03/2022 0:00;2;393;Empresa;49;17300;18800;2;8
1177;04/03/2022 0:00;2;66;Persona;116;17700;22700;4;1
1178;04/03/2022 0:00;2;257;Persona;21;18000;21100;4;1
1179;04/03/2022 0:00;2;464;Persona;57;17700;19600;4;1
1180;04/03/2022 0:00;2;1;Persona;14;16800;20100;4;1
1181;04/03/2022 0:00;2;194;Persona;11;17300;19300;4;7
1182;04/03/2022 0:00;2;913;Persona;86;17000;17900;4;7
1183;04/03/2022 0:00;2;644;Persona;143;17700;19100;4;7
1184;04/03/2022 0:00;2;905;Persona;117;16800;20300;4;7
1185;04/03/2022 0:00;4;664;Persona;109;17700;22500;1;9
1186;04/03/2022 0:00;4;200;Persona;107;17300;20900;1;9
1187;04/03/2022 0:00;4;1178;Persona;150;17600;22500;1;9
1188;04/03/2022 0:00;4;420;Persona;97;17500;21900;1;9
1189;04/03/2022 0:00;4;952;Empresa;85;17600;19100;4;3
1190;04/03/2022 0:00;4;340;Empresa;163;17800;20700;4;3
1191;05/03/2022 0:00;4;1137;Empresa;140;17300;21500;4;3
1192;05/03/2022 0:00;4;1059;Empresa;39;17200;21200;4;3
1193;05/03/2022 0:00;2;784;Persona;79;17700;22000;4;1
1194;05/03/2022 0:00;2;135;Persona;123;18200;23500;4;1
1195;05/03/2022 0:00;2;383;Persona;39;17200;18300;4;1
1196;05/03/2022 0:00;2;27;Persona;32;17800;21100;4;1
1197;05/03/2022 0:00;2;1179;Persona;54;17800;23000;4;12
1198;05/03/2022 0:00;2;999;Persona;39;17200;19400;4;12
1199;05/03/2022 0:00;2;170;Persona;58;17600;19100;4;12
1200;05/03/2022 0:00;2;238;Persona;38;18100;21700;4;12
1201;05/03/2022 0:00;4;45;Persona;13;17300;21700;2;11
1202;05/03/2022 0:00;4;640;Persona;25;17500;21500;2;11
1203;05/03/2022 0:00;4;1016;Persona;101;17500;18600;2;11
1204;05/03/2022 0:00;3;218;Persona;155;18000;22100;4;5
1205;05/03/2022 0:00;3;269;Persona;74;18100;19100;4;5
1206;05/03/2022 0:00;3;662;Persona;59;18100;21500;4;5
1207;06/03/2022 0:00;3;220;Persona;4;17700;21000;4;5
1208;06/03/2022 0:00;2;813;Persona;37;17600;22800;4;7
1209;06/03/2022 0:00;2;933;Persona;65;17100;21200;4;7
1210;06/03/2022 0:00;2;483;Persona;166;18200;23600;4;7
1211;06/03/2022 0:00;2;147;Persona;162;18500;23800;4;7
1212;06/03/2022 0:00;2;304;Persona;3;17000;19200;2;8
1213;06/03/2022 0:00;2;784;Persona;93;16800;17600;2;8
1214;06/03/2022 0:00;2;911;Persona;63;17400;19600;2;8
1215;07/03/2022 0:00;2;1021;Persona;20;17600;22700;2;8
1216;07/03/2022 0:00;4;642;Persona;52;17800;22100;4;3
1217;07/03/2022 0:00;4;196;Persona;138;17400;18800;4;3
1218;07/03/2022 0:00;4;1094;Persona;152;16600;17500;4;3
1219;08/03/2022 0:00;4;406;Persona;99;17500;20300;4;3
1220;08/03/2022 0:00;1;1042;Persona;176;17600;20500;4;12
1221;08/03/2022 0:00;1;766;Persona;59;18100;21600;4;12
1222;08/03/2022 0:00;1;306;Persona;72;17800;22900;4;12
1223;08/03/2022 0:00;1;63;Persona;60;17300;20700;4;12
1224;08/03/2022 0:00;1;809;Persona;93;16800;20400;4;12
1225;08/03/2022 0:00;1;1141;Persona;19;17000;20900;4;12
1226;08/03/2022 0:00;1;241;Persona;31;16500;18700;4;12
1227;08/03/2022 0:00;1;784;Persona;39;17200;21500;4;12
1228;08/03/2022 0:00;3;874;Persona;17;18100;19200;2;8
1229;08/03/2022 0:00;3;869;Persona;14;16800;19100;2;8
1230;08/03/2022 0:00;3;1159;Persona;77;17300;20200;2;8
1231;09/03/2022 0:00;3;1096;Persona;14;16800;18900;2;8
1232;09/03/2022 0:00;2;336;Persona;58;17600;21200;4;1
1233;09/03/2022 0:00;2;1127;Persona;50;16300;19400;4;1
1234;09/03/2022 0:00;2;627;Persona;113;18000;19100;4;1
1235;09/03/2022 0:00;2;145;Persona;87;18000;19400;4;1
1236;09/03/2022 0:00;4;397;Persona;22;18000;19300;4;5
1237;09/03/2022 0:00;4;297;Persona;70;17300;20400;4;5
1238;09/03/2022 0:00;4;684;Persona;173;17500;22500;4;5
1239;09/03/2022 0:00;4;966;Persona;160;16800;18600;4;5
1240;09/03/2022 0:00;4;47;Empresa;114;17800;20700;4;10
1241;09/03/2022 0:00;4;832;Empresa;177;16600;19300;4;10
1242;09/03/2022 0:00;4;916;Empresa;107;17300;21100;4;10
1243;09/03/2022 0:00;4;288;Empresa;82;17700;21800;4;10
1244;09/03/2022 0:00;4;149;Persona;67;17700;19100;2;8
1245;09/03/2022 0:00;4;327;Persona;132;17200;19400;2;8
1246;09/03/2022 0:00;4;411;Persona;4;17700;19100;2;8
1247;10/03/2022 0:00;4;1113;Persona;69;17800;23100;2;8
1248;10/03/2022 0:00;2;92;Persona;140;17300;18500;4;3
1249;10/03/2022 0:00;2;63;Persona;137;17800;22000;4;3
1250;10/03/2022 0:00;2;698;Persona;140;17300;20600;4;3
1251;10/03/2022 0:00;2;896;Persona;55;17800;18700;4;3
1252;10/03/2022 0:00;1;1078;Persona;161;16600;17400;4;10
1253;10/03/2022 0:00;1;904;Persona;22;18000;20700;4;10
1254;10/03/2022 0:00;1;279;Persona;166;18200;22100;4;10
1255;10/03/2022 0:00;1;1110;Persona;10;16300;17700;4;10
1256;10/03/2022 0:00;1;205;Persona;4;17700;20300;3;6
1257;10/03/2022 0:00;1;1149;Persona;42;17600;21400;3;6
1258;10/03/2022 0:00;1;546;Persona;16;17800;22300;3;6
1259;10/03/2022 0:00;1;268;Persona;122;17000;17900;3;6
1260;10/03/2022 0:00;1;117;Persona;87;18000;21700;2;8
1261;10/03/2022 0:00;1;922;Persona;122;17000;20600;2;8
1262;10/03/2022 0:00;1;1147;Persona;104;17400;18600;2;8
1263;11/03/2022 0:00;1;1059;Persona;106;17600;20200;2;8
1264;11/03/2022 0:00;4;1118;Persona;153;17200;18700;1;9
1265;11/03/2022 0:00;4;266;Persona;152;16600;21500;1;9
1266;11/03/2022 0:00;4;538;Persona;55;17800;22900;1;9
1267;11/03/2022 0:00;4;959;Persona;151;17200;21000;1;9
1268;11/03/2022 0:00;3;1027;Persona;19;17000;21500;4;10
1269;11/03/2022 0:00;3;670;Persona;121;17100;21000;4;10
1270;11/03/2022 0:00;3;1172;Persona;20;17600;20000;4;10
1271;11/03/2022 0:00;3;298;Persona;69;17800;22000;4;10
1272;11/03/2022 0:00;3;1137;Empresa;124;17500;21800;3;6
1273;11/03/2022 0:00;3;624;Empresa;134;18000;23200;3;6
1274;11/03/2022 0:00;3;964;Empresa;38;18100;20800;3;6
1275;11/03/2022 0:00;3;370;Empresa;169;18000;22900;3;6
1276;11/03/2022 0:00;2;947;Persona;45;17500;21900;2;8
1277;11/03/2022 0:00;2;758;Persona;71;17800;22300;2;8
1278;11/03/2022 0:00;2;57;Persona;143;17700;20000;2;8
1279;12/03/2022 0:00;2;1017;Persona;141;18800;21000;2;8
1280;12/03/2022 0:00;1;656;Empresa;127;17900;23100;4;12
1281;12/03/2022 0:00;1;14;Empresa;117;16800;21000;4;12
1282;12/03/2022 0:00;1;938;Empresa;173;17500;19400;4;12
1283;12/03/2022 0:00;1;396;Empresa;25;17500;20800;4;12
1284;12/03/2022 0:00;3;297;Persona;177;16600;18700;4;2
1285;12/03/2022 0:00;3;85;Persona;172;17700;18600;4;2
1286;12/03/2022 0:00;3;887;Persona;75;17000;21500;4;2
1287;12/03/2022 0:00;3;294;Persona;127;17900;19200;4;2
1288;12/03/2022 0:00;4;951;Persona;15;17200;19600;4;5
1289;12/03/2022 0:00;4;496;Persona;39;17200;18000;4;5
1290;12/03/2022 0:00;4;41;Persona;14;16800;18500;4;5
1291;12/03/2022 0:00;4;1081;Persona;140;17300;20700;4;5
1292;12/03/2022 0:00;4;603;Persona;23;17100;20900;1;4
1293;12/03/2022 0:00;4;2;Persona;90;17400;19900;1;4
1294;12/03/2022 0:00;4;990;Persona;168;17500;19100;1;4
1295;12/03/2022 0:00;4;410;Persona;172;17700;20200;1;4
1296;12/03/2022 0:00;2;1042;Empresa;166;18200;23100;1;4
1297;12/03/2022 0:00;2;355;Empresa;167;18200;20200;1;4
1298;12/03/2022 0:00;2;352;Empresa;9;17100;18800;1;4
1299;12/03/2022 0:00;2;939;Empresa;152;16600;19300;1;4
1300;12/03/2022 0:00;2;1002;Persona;156;17200;18900;4;10
1301;12/03/2022 0:00;2;1005;Persona;31;16500;19300;4;10
1302;12/03/2022 0:00;2;277;Persona;151;17200;21200;4;10
1303;13/03/2022 0:00;2;1157;Persona;12;17400;18600;4;10
1304;13/03/2022 0:00;3;272;Persona;12;17400;18500;1;9
1305;13/03/2022 0:00;3;620;Persona;178;17400;19400;1;9
1306;13/03/2022 0:00;3;1046;Persona;148;17000;19500;1;9
1307;13/03/2022 0:00;3;329;Persona;51;17500;21100;1;9
1308;13/03/2022 0:00;2;803;Persona;125;17300;18200;4;1
1309;13/03/2022 0:00;2;263;Persona;98;18000;20100;4;1
1310;13/03/2022 0:00;2;766;Persona;157;18100;22300;4;1
1311;13/03/2022 0:00;2;286;Persona;84;18500;22900;4;1
1312;13/03/2022 0:00;4;1;Persona;32;17800;18700;3;6
1313;13/03/2022 0:00;4;808;Persona;157;18100;22000;3;6
1314;13/03/2022 0:00;4;355;Persona;75;17000;20900;3;6
1315;13/03/2022 0:00;4;1007;Persona;115;18400;19900;3;6
1316;13/03/2022 0:00;1;1121;Persona;91;18300;22100;1;4
1317;13/03/2022 0:00;1;575;Persona;51;17500;19700;1;4
1318;13/03/2022 0:00;1;381;Persona;43;18400;22400;1;4
1319;14/03/2022 0:00;1;713;Persona;38;18100;20500;1;4
1320;14/03/2022 0:00;1;543;Persona;36;17600;20800;1;9
1321;14/03/2022 0:00;1;613;Persona;32;17800;18700;1;9
1322;14/03/2022 0:00;1;674;Persona;120;17600;22100;1;9
1323;14/03/2022 0:00;1;158;Persona;50;16300;17400;1;9
1324;14/03/2022 0:00;2;646;Persona;118;18000;20400;4;2
1325;14/03/2022 0:00;2;231;Persona;146;17100;18900;4;2
1326;14/03/2022 0:00;2;866;Persona;172;17700;20500;4;2
1327;14/03/2022 0:00;2;529;Persona;31;16500;21000;4;2
1328;14/03/2022 0:00;2;160;Empresa;77;17300;20900;4;7
1329;14/03/2022 0:00;2;298;Empresa;122;17000;18000;4;7
1330;14/03/2022 0:00;2;664;Empresa;55;17800;20000;4;7
1331;15/03/2022 0:00;2;712;Empresa;30;17400;20000;4;7
1332;15/03/2022 0:00;2;718;Persona;27;17400;21900;1;4
1333;15/03/2022 0:00;2;823;Persona;27;17400;20200;1;4
1334;15/03/2022 0:00;2;989;Persona;66;18400;19900;1;4
1335;15/03/2022 0:00;2;618;Persona;3;17000;21300;1;4
1336;15/03/2022 0:00;4;557;Persona;32;17800;21100;4;3
1337;15/03/2022 0:00;4;887;Persona;104;17400;18700;4;3
1338;15/03/2022 0:00;4;126;Persona;145;17400;22200;4;3
1339;15/03/2022 0:00;4;897;Persona;136;17600;22500;4;3
1340;15/03/2022 0:00;2;14;Persona;90;17400;19900;4;1
1341;15/03/2022 0:00;2;1138;Persona;36;17600;20900;4;1
1342;15/03/2022 0:00;2;869;Persona;1;16800;21300;4;1
1343;15/03/2022 0:00;2;251;Persona;148;17000;22000;4;1
1344;15/03/2022 0:00;1;692;Persona;141;18800;22500;3;6
1345;15/03/2022 0:00;1;883;Persona;70;17300;20400;3;6
1346;15/03/2022 0:00;1;1056;Persona;105;18200;20200;3;6
1347;15/03/2022 0:00;1;411;Persona;163;17800;18700;3;6
1348;15/03/2022 0:00;3;529;Persona;171;16800;18700;2;8
1349;15/03/2022 0:00;3;1047;Persona;20;17600;18500;2;8
1350;16/03/2022 0:00;3;370;Persona;156;17200;19000;2;8
1351;16/03/2022 0:00;3;356;Persona;17;18100;19400;2;8
1352;16/03/2022 0:00;1;805;Persona;173;17500;19000;4;2
1353;16/03/2022 0:00;1;453;Persona;80;17400;18500;4;2
1354;16/03/2022 0:00;1;228;Persona;88;17000;21700;4;2
1355;16/03/2022 0:00;1;1133;Persona;22;18000;20400;4;2
1356;16/03/2022 0:00;4;511;Persona;16;17800;22400;4;5
1357;16/03/2022 0:00;4;621;Persona;119;17300;20100;4;5
1358;16/03/2022 0:00;4;742;Persona;137;17800;22000;4;5
1359;16/03/2022 0:00;4;1058;Persona;106;17600;22000;4;5
1360;16/03/2022 0:00;3;195;Persona;154;17300;21400;1;9
1361;16/03/2022 0:00;3;666;Persona;120;17600;18600;1;9
1362;16/03/2022 0:00;3;256;Persona;84;18500;23600;1;9
1363;16/03/2022 0:00;3;11;Persona;172;17700;18900;1;9
1364;16/03/2022 0:00;4;292;Persona;9;17100;21700;4;12
1365;16/03/2022 0:00;4;282;Persona;110;17200;19800;4;12
1366;16/03/2022 0:00;4;629;Persona;38;18100;19200;4;12
1367;16/03/2022 0:00;4;136;Persona;116;17700;19500;4;12
1368;16/03/2022 0:00;2;1147;Persona;42;17600;21900;4;5
1369;16/03/2022 0:00;2;713;Persona;165;16900;18300;4;5
1370;16/03/2022 0:00;2;416;Persona;27;17400;20600;4;5
1371;16/03/2022 0:00;2;589;Persona;121;17100;21100;4;5
1372;16/03/2022 0:00;2;548;Persona;137;17800;20100;4;1
1373;16/03/2022 0:00;2;293;Persona;71;17800;23000;4;1
1374;17/03/2022 0:00;2;414;Persona;5;17200;18100;4;1
1375;17/03/2022 0:00;2;193;Persona;80;17400;19600;4;1
1376;17/03/2022 0:00;1;1156;Empresa;142;17200;20700;4;1
1377;17/03/2022 0:00;1;890;Empresa;47;17300;20400;4;1
1378;17/03/2022 0:00;1;733;Empresa;47;17300;18600;4;1
1379;17/03/2022 0:00;1;1006;Empresa;148;17000;20600;4;1
1380;17/03/2022 0:00;3;558;Persona;143;17700;21600;2;11
1381;17/03/2022 0:00;3;698;Persona;136;17600;22700;2;11
1382;18/03/2022 0:00;3;582;Persona;151;17200;19500;2;11
1383;18/03/2022 0:00;3;969;Persona;177;16600;20700;2;11
1384;18/03/2022 0:00;3;1083;Persona;30;17400;22200;4;1
1385;18/03/2022 0:00;3;130;Persona;117;16800;18300;4;1
1386;18/03/2022 0:00;3;336;Persona;131;17000;21400;4;1
1387;18/03/2022 0:00;3;463;Persona;109;17700;18600;4;1
1388;18/03/2022 0:00;2;648;Persona;74;18100;20800;4;12
1389;18/03/2022 0:00;2;997;Persona;173;17500;19200;4;12
1390;18/03/2022 0:00;2;365;Persona;72;17800;20900;4;12
1391;18/03/2022 0:00;2;112;Empresa;46;16700;20000;1;9
1392;18/03/2022 0:00;2;209;Empresa;163;17800;21100;1;9
1393;18/03/2022 0:00;2;844;Empresa;127;17900;19400;1;9
1394;18/03/2022 0:00;1;892;Persona;38;18100;19600;4;12
1395;18/03/2022 0:00;1;272;Persona;78;17200;19000;4;12
1396;18/03/2022 0:00;1;21;Persona;82;17700;21500;4;12
1397;18/03/2022 0:00;1;1145;Persona;100;18100;20300;4;12
1398;18/03/2022 0:00;1;1131;Persona;160;16800;21700;4;12
1399;18/03/2022 0:00;1;427;Persona;79;17700;21600;4;12
1400;18/03/2022 0:00;1;489;Persona;140;17300;18100;4;12
1401;18/03/2022 0:00;1;263;Persona;58;17600;21000;4;12
1402;18/03/2022 0:00;1;1162;Persona;56;17400;21300;4;10
1403;18/03/2022 0:00;1;565;Persona;119;17300;20000;4;10
1404;18/03/2022 0:00;1;457;Persona;170;17400;21900;4;10
1405;18/03/2022 0:00;1;573;Persona;69;17800;22600;4;10
1406;18/03/2022 0:00;1;728;Persona;39;17200;21800;1;9
1407;18/03/2022 0:00;1;1024;Persona;2;16800;18200;1;9
1408;19/03/2022 0:00;1;646;Persona;93;16800;21600;1;9
1409;19/03/2022 0:00;1;51;Persona;104;17400;21900;1;9
1410;19/03/2022 0:00;3;962;Persona;124;17500;20600;4;1
1411;19/03/2022 0:00;3;1113;Persona;110;17200;20600;4;1
1412;19/03/2022 0:00;3;1152;Persona;10;16300;19400;4;1
1413;19/03/2022 0:00;3;718;Persona;142;17200;20600;4;1
1414;19/03/2022 0:00;2;332;Persona;115;18400;22000;1;4
1415;19/03/2022 0:00;2;482;Persona;88;17000;20700;1;4
1416;19/03/2022 0:00;2;204;Persona;10;16300;17900;1;4
1417;19/03/2022 0:00;2;114;Persona;147;17300;20400;1;4
1418;19/03/2022 0:00;1;942;Persona;16;17800;19900;1;9
1419;19/03/2022 0:00;1;565;Persona;155;18000;20100;1;9
1420;19/03/2022 0:00;1;68;Persona;152;16600;19100;1;9
1421;19/03/2022 0:00;1;69;Persona;43;18400;22200;1;9
1422;19/03/2022 0:00;3;907;Persona;39;17200;21800;4;10
1423;19/03/2022 0:00;3;1138;Persona;119;17300;22000;4;10
1424;20/03/2022 0:00;3;809;Persona;177;16600;20100;4;10
1425;20/03/2022 0:00;3;181;Persona;113;18000;21000;4;10
1426;20/03/2022 0:00;2;392;Persona;25;17500;18300;2;8
1427;20/03/2022 0:00;2;499;Persona;126;18100;23100;2;8
1428;20/03/2022 0:00;2;1068;Persona;44;17900;21400;2;8
1429;20/03/2022 0:00;1;537;Persona;56;17400;22500;4;12
1430;20/03/2022 0:00;1;484;Persona;75;17000;21800;4;12
1431;20/03/2022 0:00;1;1121;Persona;132;17200;18700;4;12
1432;20/03/2022 0:00;4;489;Persona;71;17800;19500;4;3
1433;20/03/2022 0:00;4;1077;Persona;150;17600;20000;4;3
1434;20/03/2022 0:00;4;1108;Persona;90;17400;18900;4;3
1435;20/03/2022 0:00;4;897;Persona;123;18200;23600;4;3
1436;20/03/2022 0:00;4;528;Empresa;97;17500;21900;4;1
1437;20/03/2022 0:00;4;36;Empresa;98;18000;21700;4;1
1438;20/03/2022 0:00;4;901;Empresa;36;17600;19000;4;1
1439;20/03/2022 0:00;4;608;Empresa;160;16800;20300;4;1
1440;21/03/2022 0:00;4;114;Persona;22;18000;22600;4;12
1441;21/03/2022 0:00;4;378;Persona;8;18300;22300;4;12
1442;21/03/2022 0:00;4;124;Persona;36;17600;21800;4;12
1443;21/03/2022 0:00;4;964;Persona;134;18000;22700;4;12
1444;21/03/2022 0:00;3;708;Persona;84;18500;20900;1;4
1445;21/03/2022 0:00;3;325;Persona;46;16700;21400;1;4
1446;21/03/2022 0:00;3;915;Persona;117;16800;19200;1;4
1447;21/03/2022 0:00;3;610;Persona;5;17200;19500;1;4
1448;21/03/2022 0:00;3;614;Persona;73;17100;20500;1;9
1449;21/03/2022 0:00;3;861;Persona;101;17500;18500;1;9
1450;21/03/2022 0:00;3;545;Persona;28;17800;23000;1;9
1451;21/03/2022 0:00;3;921;Persona;128;17500;21900;1;9
1452;21/03/2022 0:00;2;1134;Empresa;16;17800;18700;4;1
1453;21/03/2022 0:00;2;1153;Empresa;41;17600;22700;4;1
1454;21/03/2022 0:00;2;854;Empresa;105;18200;21900;4;1
1455;21/03/2022 0:00;2;315;Empresa;121;17100;20600;4;1
1456;21/03/2022 0:00;2;704;Persona;59;18100;20400;4;3
1457;21/03/2022 0:00;2;577;Persona;85;17600;20700;4;3
1458;21/03/2022 0:00;2;249;Persona;105;18200;20200;4;3
1459;21/03/2022 0:00;2;755;Persona;127;17900;23200;4;3
1460;22/03/2022 0:00;1;96;Persona;77;17300;19700;4;7
1461;22/03/2022 0:00;1;680;Persona;178;17400;19000;4;7
1462;22/03/2022 0:00;1;26;Persona;161;16600;20700;4;7
1463;22/03/2022 0:00;1;967;Persona;75;17000;18500;4;7
1464;23/03/2022 0:00;4;300;Persona;42;17600;22200;4;7
1465;23/03/2022 0:00;4;555;Persona;67;17700;21000;4;7
1466;23/03/2022 0:00;4;376;Persona;15;17200;21400;4;7
1467;23/03/2022 0:00;4;1017;Persona;161;16600;17700;4;7
1468;23/03/2022 0:00;3;449;Empresa;125;17300;20400;1;4
1469;23/03/2022 0:00;3;97;Empresa;64;17200;18700;1;4
1470;23/03/2022 0:00;3;260;Empresa;160;16800;18700;1;4
1471;23/03/2022 0:00;2;922;Persona;135;17800;20600;4;12
1472;23/03/2022 0:00;2;198;Persona;165;16900;18000;4;12
1473;23/03/2022 0:00;2;385;Persona;87;18000;22200;4;12
1474;23/03/2022 0:00;2;960;Persona;127;17900;19000;4;12
1475;23/03/2022 0:00;2;580;Persona;51;17500;19900;4;3
1476;23/03/2022 0:00;2;1070;Persona;114;17800;22700;4;3
1477;23/03/2022 0:00;2;1065;Persona;61;17600;18900;4;3
1478;23/03/2022 0:00;2;674;Persona;21;18000;20200;4;3
1479;23/03/2022 0:00;2;533;Persona;81;17400;19800;1;9
1480;23/03/2022 0:00;2;458;Persona;16;17800;21000;1;9
1481;23/03/2022 0:00;2;426;Persona;83;17300;20500;1;9
1482;23/03/2022 0:00;2;1176;Persona;121;17100;20100;1;9
1483;23/03/2022 0:00;2;489;Persona;174;17400;19900;4;2
1484;24/03/2022 0:00;2;238;Persona;95;17700;20200;4;2
1485;24/03/2022 0:00;2;37;Persona;159;17400;18300;4;2
1486;24/03/2022 0:00;2;592;Persona;179;17500;19400;4;2
1487;24/03/2022 0:00;1;1063;Persona;76;17700;18900;4;1
1488;24/03/2022 0:00;1;245;Persona;139;17100;19700;4;1
1489;24/03/2022 0:00;1;350;Persona;143;17700;20700;4;1
1490;24/03/2022 0:00;1;461;Persona;141;18800;20900;4;1
1491;24/03/2022 0:00;3;805;Persona;174;17400;21100;4;10
1492;24/03/2022 0:00;3;922;Persona;179;17500;18800;4;10
1493;24/03/2022 0:00;3;92;Persona;105;18200;23200;4;10
1494;24/03/2022 0:00;3;783;Persona;32;17800;20700;4;10
1495;24/03/2022 0:00;3;645;Empresa;174;17400;21000;4;10
1496;24/03/2022 0:00;3;281;Empresa;98;18000;21500;4;10
1497;24/03/2022 0:00;3;79;Empresa;158;17400;22100;4;10
1498;24/03/2022 0:00;3;305;Empresa;10;16300;18400;4;10
1499;24/03/2022 0:00;2;54;Persona;163;17800;20700;2;11
1500;24/03/2022 0:00;2;66;Persona;115;18400;20600;2;11
1501;24/03/2022 0:00;2;910;Persona;120;17600;19000;2;11
1502;24/03/2022 0:00;2;711;Persona;9;17100;19200;2;11
1503;24/03/2022 0:00;2;1137;Persona;159;17400;19200;2;11
1504;24/03/2022 0:00;2;564;Persona;152;16600;18400;2;11
1505;24/03/2022 0:00;2;1169;Persona;119;17300;20500;2;11
1506;24/03/2022 0:00;2;678;Persona;48;17100;20300;2;11
1507;24/03/2022 0:00;2;378;Persona;94;17500;20100;4;10
1508;24/03/2022 0:00;2;1003;Persona;120;17600;20700;4;10
1509;24/03/2022 0:00;2;61;Persona;123;18200;21200;4;10
1510;24/03/2022 0:00;2;929;Persona;26;17200;18800;4;10
1511;24/03/2022 0:00;1;553;Persona;141;18800;21100;4;2
1512;25/03/2022 0:00;1;105;Persona;11;17300;22200;4;2
1513;25/03/2022 0:00;1;489;Persona;31;16500;21200;4;2
1514;25/03/2022 0:00;4;1033;Persona;90;17400;18600;1;4
1515;25/03/2022 0:00;4;569;Persona;135;17800;22000;1;4
1516;25/03/2022 0:00;4;756;Persona;109;17700;19300;1;4
1517;25/03/2022 0:00;4;182;Persona;97;17500;19700;1;4
1518;25/03/2022 0:00;4;1021;Persona;158;17400;19500;4;5
1519;25/03/2022 0:00;4;308;Persona;107;17300;19700;4;5
1520;25/03/2022 0:00;4;1101;Persona;52;17800;19900;4;5
1521;25/03/2022 0:00;4;881;Persona;168;17500;21400;4;5
1522;25/03/2022 0:00;3;291;Persona;145;17400;19400;4;7
1523;25/03/2022 0:00;3;298;Persona;145;17400;19000;4;7
1524;25/03/2022 0:00;3;293;Persona;75;17000;19900;4;7
1525;25/03/2022 0:00;3;640;Persona;136;17600;20000;4;7
1526;25/03/2022 0:00;2;248;Persona;66;18400;21000;4;1
1527;25/03/2022 0:00;2;791;Persona;60;17300;22200;4;1
1528;26/03/2022 0:00;2;364;Persona;117;16800;17800;4;1
1529;26/03/2022 0:00;2;742;Persona;147;17300;20500;4;1
1530;26/03/2022 0:00;4;482;Empresa;90;17400;22500;4;5
1531;26/03/2022 0:00;4;793;Empresa;24;17200;19700;4;5
1532;26/03/2022 0:00;4;452;Empresa;91;18300;20200;4;5
1533;26/03/2022 0:00;4;983;Empresa;168;17500;19400;4;5
1534;26/03/2022 0:00;3;371;Persona;61;17600;21200;1;9
1535;26/03/2022 0:00;3;879;Persona;98;18000;20900;1;9
1536;26/03/2022 0:00;3;111;Persona;98;18000;22900;1;9
1537;26/03/2022 0:00;3;872;Persona;133;17500;21900;1;9
1538;26/03/2022 0:00;2;680;Persona;81;17400;18700;4;5
1539;26/03/2022 0:00;2;286;Persona;14;16800;18800;4;5
1540;26/03/2022 0:00;2;394;Persona;23;17100;19100;4;5
1541;26/03/2022 0:00;2;270;Persona;50;16300;19800;4;5
1542;26/03/2022 0:00;1;27;Persona;29;17700;21300;2;8
1543;27/03/2022 0:00;1;954;Persona;22;18000;19800;2;8
1544;27/03/2022 0:00;1;415;Persona;140;17300;19200;2;8
1545;27/03/2022 0:00;1;767;Persona;113;18000;19800;2;8
1546;27/03/2022 0:00;1;654;Persona;116;17700;22700;4;1
1547;27/03/2022 0:00;1;711;Persona;78;17200;18300;4;1
1548;27/03/2022 0:00;1;194;Persona;102;17800;20500;4;1
1549;27/03/2022 0:00;1;236;Persona;99;17500;20000;4;1
1550;27/03/2022 0:00;4;650;Persona;50;16300;19800;1;4
1551;27/03/2022 0:00;4;112;Persona;61;17600;20300;1;4
1552;27/03/2022 0:00;4;604;Persona;88;17000;21100;1;4
1553;27/03/2022 0:00;4;292;Persona;45;17500;22600;1;4
1554;27/03/2022 0:00;3;669;Empresa;44;17900;21800;4;3
1555;27/03/2022 0:00;3;595;Empresa;49;17300;19400;4;3
1556;27/03/2022 0:00;3;50;Empresa;123;18200;22700;4;3
1557;27/03/2022 0:00;3;421;Empresa;91;18300;20000;4;3
1558;27/03/2022 0:00;3;10;Persona;55;17800;21600;4;2
1559;27/03/2022 0:00;3;843;Persona;64;17200;21100;4;2
1560;27/03/2022 0:00;3;618;Persona;59;18100;19000;4;2
1561;27/03/2022 0:00;3;33;Persona;115;18400;21900;4;2
1562;27/03/2022 0:00;2;89;Persona;138;17400;19100;1;9
1563;27/03/2022 0:00;2;34;Persona;64;17200;22200;1;9
1564;27/03/2022 0:00;2;79;Persona;172;17700;22000;1;9
1565;27/03/2022 0:00;2;848;Persona;1;16800;18400;1;9
1566;28/03/2022 0:00;2;769;Persona;105;18200;23200;4;5
1567;28/03/2022 0:00;2;25;Persona;96;17200;22100;4;5
1568;28/03/2022 0:00;2;1079;Persona;50;16300;17800;4;5
1569;28/03/2022 0:00;2;442;Persona;18;17500;18800;4;5
1570;28/03/2022 0:00;4;150;Persona;133;17500;20100;4;12
1571;28/03/2022 0:00;4;907;Persona;37;17600;22700;4;12
1572;28/03/2022 0:00;4;180;Persona;159;17400;19600;4;12
1573;28/03/2022 0:00;4;956;Persona;88;17000;19800;4;12
1574;29/03/2022 0:00;3;730;Persona;148;17000;21900;1;4
1575;29/03/2022 0:00;3;1098;Persona;99;17500;21100;1;4
1576;29/03/2022 0:00;3;372;Persona;46;16700;19900;1;4
1577;29/03/2022 0:00;3;402;Persona;85;17600;20700;1;4
1578;29/03/2022 0:00;4;993;Persona;174;17400;18900;1;4
1579;29/03/2022 0:00;4;421;Persona;40;17000;20200;1;4
1580;29/03/2022 0:00;4;704;Persona;97;17500;18600;1;4
1581;29/03/2022 0:00;4;628;Persona;129;17800;19100;1;4
1582;29/03/2022 0:00;4;1053;Persona;81;17400;21500;1;4
1583;29/03/2022 0:00;4;810;Persona;109;17700;23000;1;4
1584;29/03/2022 0:00;4;437;Persona;143;17700;22000;1;4
1585;29/03/2022 0:00;4;302;Persona;15;17200;21200;1;4
1586;29/03/2022 0:00;2;295;Persona;177;16600;20400;1;9
1587;29/03/2022 0:00;2;1109;Persona;161;16600;17600;1;9
1588;29/03/2022 0:00;2;207;Persona;77;17300;22100;1;9
1589;29/03/2022 0:00;2;236;Persona;168;17500;21200;1;9
1590;29/03/2022 0:00;2;657;Empresa;170;17400;19800;1;4
1591;29/03/2022 0:00;2;870;Empresa;3;17000;21100;1;4
1592;29/03/2022 0:00;2;449;Empresa;23;17100;20700;1;4
1593;29/03/2022 0:00;2;904;Empresa;160;16800;18900;1;4
1594;29/03/2022 0:00;3;1141;Empresa;60;17300;18900;3;6
1595;29/03/2022 0:00;3;609;Empresa;108;18300;22800;3;6
1596;29/03/2022 0:00;3;716;Empresa;36;17600;22100;3;6
1597;29/03/2022 0:00;3;302;Empresa;60;17300;20300;3;6
1598;30/03/2022 0:00;4;552;Persona;123;18200;19300;3;6
1599;30/03/2022 0:00;4;867;Persona;153;17200;21100;3;6
1600;30/03/2022 0:00;4;160;Persona;138;17400;22100;3;6
1601;30/03/2022 0:00;4;188;Persona;87;18000;22200;3;6
1602;30/03/2022 0:00;4;72;Persona;94;17500;21500;4;12
1603;30/03/2022 0:00;4;568;Persona;174;17400;20800;4;12
1604;30/03/2022 0:00;4;827;Persona;37;17600;19900;4;12
1605;30/03/2022 0:00;4;713;Persona;28;17800;20900;4;12
1606;31/03/2022 0:00;4;154;Persona;136;17600;19300;2;11
1607;31/03/2022 0:00;4;926;Persona;78;17200;19600;2;11
1608;31/03/2022 0:00;4;252;Persona;102;17800;20900;2;11
1609;31/03/2022 0:00;4;214;Persona;70;17300;21600;2;11
1610;31/03/2022 0:00;2;174;Persona;150;17600;21100;4;1
1611;31/03/2022 0:00;2;476;Persona;8;18300;22900;4;1
1612;31/03/2022 0:00;2;482;Persona;82;17700;19200;4;1
1613;31/03/2022 0:00;2;986;Persona;107;17300;19000;4;1
1614;31/03/2022 0:00;2;91;Persona;121;17100;20700;1;4
1615;31/03/2022 0:00;2;399;Persona;145;17400;20600;1;4
1616;31/03/2022 0:00;2;50;Persona;24;17200;20700;1;4
1617;31/03/2022 0:00;2;292;Persona;34;17500;21000;1;4
1618;31/03/2022 0:00;4;722;Persona;64;17200;18300;2;11
1619;31/03/2022 0:00;4;510;Persona;80;17400;21700;2;11
1620;31/03/2022 0:00;4;1166;Persona;108;18300;21000;2;11
1621;01/04/2022 0:00;4;673;Persona;149;17600;19000;2;11
1622;01/04/2022 0:00;4;339;Empresa;111;17500;21400;4;1
1623;01/04/2022 0:00;4;303;Empresa;95;17700;20700;4;1
1624;01/04/2022 0:00;4;502;Empresa;169;18000;23000;4;1
1625;01/04/2022 0:00;4;414;Empresa;8;18300;22200;4;1
1626;01/04/2022 0:00;2;998;Persona;16;17800;19400;4;10
1627;01/04/2022 0:00;2;400;Persona;73;17100;20100;4;10
1628;01/04/2022 0:00;2;183;Persona;110;17200;18400;4;10
1629;02/04/2022 0:00;2;199;Persona;53;16800;20500;4;10
1630;02/04/2022 0:00;4;300;Persona;68;17300;18800;4;12
1631;02/04/2022 0:00;4;939;Persona;158;17400;18500;4;12
1632;02/04/2022 0:00;4;284;Persona;92;17500;19000;4;12
1633;02/04/2022 0:00;4;613;Persona;145;17400;19600;4;7
1634;02/04/2022 0:00;4;579;Persona;116;17700;19400;4;7
1635;02/04/2022 0:00;4;957;Persona;42;17600;20400;4;7
1636;02/04/2022 0:00;4;724;Persona;8;18300;22800;4;7
1637;02/04/2022 0:00;2;497;Persona;57;17700;19600;4;5
1638;02/04/2022 0:00;2;449;Persona;166;18200;23600;4;5
1639;02/04/2022 0:00;2;79;Persona;16;17800;19100;4;5
1640;02/04/2022 0:00;2;78;Persona;132;17200;21000;4;5
1641;02/04/2022 0:00;4;884;Persona;81;17400;21400;1;9
1642;02/04/2022 0:00;4;541;Persona;41;17600;18600;1;9
1643;02/04/2022 0:00;4;138;Persona;78;17200;19900;1;9
1644;02/04/2022 0:00;4;151;Persona;169;18000;23100;1;9
1645;02/04/2022 0:00;4;300;Persona;76;17700;21000;1;9
1646;02/04/2022 0:00;4;574;Persona;39;17200;20300;1;9
1647;02/04/2022 0:00;4;548;Persona;143;17700;19300;1;9
1648;02/04/2022 0:00;3;383;Empresa;136;17600;20900;4;5
1649;02/04/2022 0:00;3;129;Empresa;157;18100;23100;4;5
1650;02/04/2022 0:00;3;112;Empresa;89;17200;18100;4;5
1651;02/04/2022 0:00;3;822;Empresa;155;18000;22000;4;5
1652;02/04/2022 0:00;3;450;Persona;149;17600;18800;4;12
1653;02/04/2022 0:00;3;668;Persona;1;16800;21300;4;12
1654;02/04/2022 0:00;3;486;Persona;112;17500;19400;4;12
1655;02/04/2022 0:00;3;693;Persona;82;17700;21000;4;12
1656;03/04/2022 0:00;2;1142;Empresa;8;18300;22100;4;7
1657;03/04/2022 0:00;2;914;Empresa;17;18100;23300;4;7
1658;03/04/2022 0:00;2;570;Empresa;33;17100;19300;4;7
1659;03/04/2022 0:00;2;1066;Empresa;86;17000;21400;4;7
1660;03/04/2022 0:00;1;321;Persona;97;17500;20100;4;2
1661;03/04/2022 0:00;1;1062;Persona;75;17000;19800;4;2
1662;03/04/2022 0:00;1;124;Persona;114;17800;20300;4;2
1663;03/04/2022 0:00;1;89;Persona;92;17500;22600;4;2
1664;04/04/2022 0:00;2;227;Persona;21;18000;19500;1;4
1665;04/04/2022 0:00;2;406;Persona;24;17200;19600;1;4
1666;04/04/2022 0:00;2;1179;Persona;91;18300;19300;1;4
1667;04/04/2022 0:00;2;1025;Persona;148;17000;18800;1;4
1668;04/04/2022 0:00;2;137;Persona;119;17300;20000;4;12
1669;04/04/2022 0:00;2;36;Persona;140;17300;20900;4;12
1670;04/04/2022 0:00;2;939;Persona;4;17700;22400;4;12
1671;05/04/2022 0:00;2;596;Persona;112;17500;19700;4;12
1672;05/04/2022 0:00;3;216;Persona;133;17500;18800;3;6
1673;05/04/2022 0:00;3;1114;Persona;29;17700;22500;1;4
1674;05/04/2022 0:00;3;12;Persona;122;17000;18900;3;6
1675;05/04/2022 0:00;3;1164;Persona;71;17800;20800;1;4
1676;05/04/2022 0:00;3;959;Persona;44;17900;22500;3;6
1677;05/04/2022 0:00;3;421;Persona;147;17300;18700;1;4
1678;05/04/2022 0:00;3;1171;Persona;109;17700;20600;3;6
1679;05/04/2022 0:00;3;208;Persona;13;17300;19400;1;4
1680;05/04/2022 0:00;2;1027;Persona;15;17200;22000;4;1
1681;05/04/2022 0:00;2;67;Persona;89;17200;20700;4;1
1682;05/04/2022 0:00;2;645;Persona;13;17300;20600;4;1
1683;05/04/2022 0:00;2;744;Persona;161;16600;18700;1;9
1684;05/04/2022 0:00;2;705;Persona;14;16800;19900;1;9
1685;05/04/2022 0:00;2;250;Persona;66;18400;21800;1;9
1686;05/04/2022 0:00;2;844;Persona;46;16700;21400;1;9
1687;06/04/2022 0:00;1;759;Persona;144;17200;21500;4;10
1688;06/04/2022 0:00;1;178;Persona;85;17600;19600;4;10
1689;06/04/2022 0:00;1;245;Persona;21;18000;22100;4;10
1690;06/04/2022 0:00;1;78;Persona;99;17500;20700;4;10
1691;06/04/2022 0:00;3;518;Persona;2;16800;19500;4;7
1692;06/04/2022 0:00;3;1166;Persona;71;17800;23100;4;7
1693;06/04/2022 0:00;3;788;Persona;125;17300;22000;4;7
1694;06/04/2022 0:00;3;260;Persona;19;17000;19100;3;6
1695;06/04/2022 0:00;3;1040;Persona;98;18000;22100;3;6
1696;06/04/2022 0:00;3;784;Persona;70;17300;22400;3;6
1697;06/04/2022 0:00;3;651;Persona;121;17100;21800;3;6
1698;06/04/2022 0:00;2;472;Persona;19;17000;20800;4;2
1699;06/04/2022 0:00;2;967;Persona;109;17700;18800;4;2
1700;06/04/2022 0:00;2;708;Persona;85;17600;20800;4;2
1701;06/04/2022 0:00;2;642;Persona;69;17800;19000;4;2
1702;06/04/2022 0:00;2;451;Persona;120;17600;21300;4;5
1703;06/04/2022 0:00;2;840;Persona;137;17800;22100;4;5
1704;06/04/2022 0:00;2;826;Persona;65;17100;18100;4;5
1705;06/04/2022 0:00;2;556;Persona;161;16600;20100;4;5
1706;06/04/2022 0:00;2;276;Persona;71;17800;23100;1;4
1707;06/04/2022 0:00;2;1097;Persona;131;17000;18900;1;4
1708;06/04/2022 0:00;2;354;Persona;174;17400;20200;1;4
1709;06/04/2022 0:00;2;773;Persona;107;17300;21200;1;4
1710;06/04/2022 0:00;2;29;Empresa;175;17800;19600;4;12
1711;07/04/2022 0:00;2;579;Empresa;15;17200;18200;4;12
1712;07/04/2022 0:00;2;562;Empresa;63;17400;18300;4;12
1713;07/04/2022 0:00;2;237;Empresa;28;17800;22600;4;12
1714;07/04/2022 0:00;2;191;Persona;175;17800;19600;4;1
1715;07/04/2022 0:00;2;612;Persona;47;17300;20600;4;1
1716;07/04/2022 0:00;2;295;Persona;33;17100;19100;4;1
1717;07/04/2022 0:00;2;185;Persona;76;17700;21100;4;1
1718;07/04/2022 0:00;2;128;Persona;141;18800;21600;1;9
1719;07/04/2022 0:00;2;878;Persona;99;17500;22600;1;9
1720;07/04/2022 0:00;2;93;Persona;150;17600;20700;1;9
1721;07/04/2022 0:00;2;890;Persona;84;18500;20400;1;9
1722;07/04/2022 0:00;1;766;Persona;126;18100;22400;2;8
1723;07/04/2022 0:00;1;1104;Persona;97;17500;20800;2;8
1724;07/04/2022 0:00;1;399;Persona;141;18800;22100;2;8
1725;07/04/2022 0:00;1;1145;Persona;50;16300;19900;2;8
1726;07/04/2022 0:00;4;408;Persona;114;17800;21400;4;5
1727;07/04/2022 0:00;4;1001;Persona;71;17800;22400;4;5
1728;07/04/2022 0:00;4;716;Persona;104;17400;21000;4;5
1729;07/04/2022 0:00;4;1053;Persona;176;17600;20200;4;5
1730;07/04/2022 0:00;4;1163;Persona;163;17800;22000;1;4
1731;07/04/2022 0:00;4;1167;Persona;153;17200;19200;1;4
1732;07/04/2022 0:00;4;544;Persona;139;17100;17900;1;4
1733;07/04/2022 0:00;4;345;Persona;59;18100;21300;1;4
1734;07/04/2022 0:00;4;832;Persona;2;16800;18100;4;3
1735;07/04/2022 0:00;4;304;Persona;55;17800;20500;4;3
1736;07/04/2022 0:00;4;461;Persona;15;17200;19200;4;3
1737;07/04/2022 0:00;4;685;Persona;138;17400;20600;4;3
1738;07/04/2022 0:00;4;571;Persona;122;17000;17900;4;10
1739;07/04/2022 0:00;4;12;Persona;155;18000;19400;4;10
1740;07/04/2022 0:00;4;582;Persona;176;17600;22800;4;10
1741;07/04/2022 0:00;4;625;Persona;36;17600;18900;4;10
1742;07/04/2022 0:00;2;298;Persona;169;18000;20400;4;10
1743;08/04/2022 0:00;2;279;Persona;127;17900;21900;4;10
1744;08/04/2022 0:00;2;1078;Persona;98;18000;20600;4;10
1745;08/04/2022 0:00;2;250;Persona;171;16800;20600;4;10
1746;08/04/2022 0:00;2;115;Persona;179;17500;22100;1;9
1747;08/04/2022 0:00;2;1072;Persona;38;18100;19600;1;9
1748;08/04/2022 0:00;2;126;Persona;18;17500;20600;1;9
1749;08/04/2022 0:00;2;572;Persona;73;17100;18700;1;9
1750;08/04/2022 0:00;2;245;Persona;80;17400;22000;3;6
1751;09/04/2022 0:00;2;193;Persona;32;17800;19800;3;6
1752;09/04/2022 0:00;2;74;Persona;172;17700;19200;3;6
1753;09/04/2022 0:00;2;762;Persona;100;18100;22600;3;6
1754;09/04/2022 0:00;3;360;Persona;165;16900;17900;4;7
1755;10/04/2022 0:00;3;425;Persona;93;16800;19800;4;7
1756;10/04/2022 0:00;3;467;Persona;87;18000;20600;4;7
1757;10/04/2022 0:00;3;858;Persona;154;17300;22000;4;7
1758;10/04/2022 0:00;3;771;Empresa;69;17800;21400;4;1
1759;10/04/2022 0:00;3;394;Empresa;48;17100;19100;4;1
1760;10/04/2022 0:00;3;134;Empresa;60;17300;19300;4;1
1761;10/04/2022 0:00;3;227;Empresa;168;17500;20700;4;1
1762;10/04/2022 0:00;3;472;Persona;22;18000;22600;4;12
1763;10/04/2022 0:00;3;207;Persona;8;18300;23700;4;12
1764;10/04/2022 0:00;3;1025;Persona;132;17200;18500;4;12
1765;10/04/2022 0:00;3;656;Persona;106;17600;20200;4;12
1766;10/04/2022 0:00;2;138;Persona;82;17700;22400;4;3
1767;10/04/2022 0:00;2;800;Persona;105;18200;23600;4;3
1768;10/04/2022 0:00;2;86;Persona;168;17500;20400;4;3
1769;10/04/2022 0:00;2;287;Persona;38;18100;19700;4;3
1770;10/04/2022 0:00;3;72;Persona;39;17200;21800;2;8
1771;10/04/2022 0:00;3;107;Persona;103;18000;22900;2;8
1772;10/04/2022 0:00;3;428;Persona;119;17300;20000;2;8
1773;10/04/2022 0:00;3;1173;Persona;5;17200;19400;2;8
1774;10/04/2022 0:00;3;855;Persona;139;17100;21800;1;9
1775;10/04/2022 0:00;3;623;Persona;18;17500;19500;1;9
1776;10/04/2022 0:00;3;5;Persona;99;17500;19900;1;9
1777;10/04/2022 0:00;3;1104;Persona;110;17200;18300;1;9
1778;11/04/2022 0:00;3;1142;Empresa;16;17800;21100;4;12
1779;11/04/2022 0:00;3;270;Empresa;175;17800;22300;4;12
1780;11/04/2022 0:00;3;627;Empresa;35;18000;23200;4;12
1781;11/04/2022 0:00;3;500;Empresa;10;16300;19200;4;12
1782;11/04/2022 0:00;2;811;Persona;82;17700;20300;4;10
1783;11/04/2022 0:00;2;442;Persona;155;18000;19000;4;10
1784;11/04/2022 0:00;2;560;Persona;13;17300;20200;4;10
1785;11/04/2022 0:00;2;946;Persona;119;17300;20600;4;10
1786;11/04/2022 0:00;1;885;Persona;65;17100;21900;4;7
1787;11/04/2022 0:00;1;173;Persona;38;18100;22000;4;7
1788;11/04/2022 0:00;1;497;Persona;132;17200;20000;4;7
1789;11/04/2022 0:00;1;1012;Persona;99;17500;20000;4;7
1790;11/04/2022 0:00;1;644;Persona;19;17000;19400;4;12
1791;11/04/2022 0:00;1;1133;Persona;141;18800;23000;4;12
1792;11/04/2022 0:00;1;578;Persona;154;17300;21300;4;12
1793;11/04/2022 0:00;1;274;Persona;145;17400;19100;4;12
1794;12/04/2022 0:00;1;1126;Persona;26;17200;18200;4;3
1795;12/04/2022 0:00;1;1148;Persona;100;18100;23300;4;3
1796;12/04/2022 0:00;1;155;Persona;48;17100;20000;4;3
1797;12/04/2022 0:00;4;282;Persona;103;18000;22300;2;11
1798;12/04/2022 0:00;4;1148;Persona;3;17000;19200;2;11
1799;12/04/2022 0:00;4;1063;Persona;112;17500;22600;2;11
1800;12/04/2022 0:00;4;714;Persona;85;17600;18600;4;12
1801;12/04/2022 0:00;4;588;Persona;90;17400;19000;4;12
1802;12/04/2022 0:00;4;902;Persona;20;17600;20100;4;12
1803;12/04/2022 0:00;4;653;Persona;65;17100;20000;4;12
1804;12/04/2022 0:00;2;418;Empresa;129;17800;21000;3;6
1805;12/04/2022 0:00;2;715;Empresa;90;17400;21300;3;6
1806;12/04/2022 0:00;2;1175;Empresa;97;17500;20600;3;6
1807;12/04/2022 0:00;2;687;Empresa;107;17300;21000;3;6
1808;12/04/2022 0:00;2;195;Persona;173;17500;20800;4;12
1809;12/04/2022 0:00;2;1055;Persona;98;18000;19800;4;12
1810;12/04/2022 0:00;2;464;Persona;162;18500;19900;4;12
1811;12/04/2022 0:00;2;556;Persona;54;17800;22300;4;12
1812;12/04/2022 0:00;3;965;Persona;158;17400;19100;2;8
1813;12/04/2022 0:00;3;351;Persona;47;17300;18500;2;8
1814;12/04/2022 0:00;3;918;Persona;123;18200;20900;2;8
1815;12/04/2022 0:00;3;787;Persona;148;17000;18800;2;8
1816;12/04/2022 0:00;2;1089;Persona;11;17300;22000;1;4
1817;12/04/2022 0:00;2;427;Persona;99;17500;20200;1;4
1818;12/04/2022 0:00;2;1164;Persona;20;17600;21800;1;4
1819;12/04/2022 0:00;2;629;Persona;152;16600;20500;1;4
1820;12/04/2022 0:00;2;744;Persona;25;17500;20300;3;6
1821;12/04/2022 0:00;2;508;Persona;117;16800;19200;3;6
1822;12/04/2022 0:00;2;973;Persona;41;17600;19500;3;6
1823;12/04/2022 0:00;2;620;Persona;40;17000;20200;3;6
1824;12/04/2022 0:00;1;904;Persona;32;17800;19700;4;1
1825;12/04/2022 0:00;1;120;Persona;49;17300;19300;4;1
1826;12/04/2022 0:00;1;43;Persona;167;18200;22800;4;1
1827;12/04/2022 0:00;1;1113;Persona;15;17200;20700;4;1
1828;13/04/2022 0:00;2;827;Empresa;124;17500;22600;1;4
1829;13/04/2022 0:00;2;994;Empresa;80;17400;19000;1;4
1830;13/04/2022 0:00;2;853;Empresa;134;18000;19300;1;4
1831;13/04/2022 0:00;2;391;Empresa;51;17500;19500;1;4
1832;13/04/2022 0:00;4;567;Persona;114;17800;19000;4;3
1833;13/04/2022 0:00;4;948;Persona;59;18100;19800;4;3
1834;13/04/2022 0:00;4;152;Persona;84;18500;20700;4;3
1835;13/04/2022 0:00;4;451;Persona;132;17200;21500;4;3
1836;14/04/2022 0:00;3;413;Persona;27;17400;18200;4;7
1837;14/04/2022 0:00;3;16;Persona;9;17100;19900;4;7
1838;14/04/2022 0:00;3;1141;Persona;176;17600;21000;4;7
1839;14/04/2022 0:00;3;949;Persona;166;18200;22500;4;7
1840;14/04/2022 0:00;3;1111;Empresa;55;17800;22100;4;3
1841;14/04/2022 0:00;3;605;Empresa;10;16300;18700;4;3
1842;14/04/2022 0:00;3;518;Empresa;105;18200;21800;4;3
1843;14/04/2022 0:00;3;943;Empresa;60;17300;20000;4;3
1844;14/04/2022 0:00;3;732;Persona;38;18100;22300;1;9
1845;14/04/2022 0:00;3;287;Persona;93;16800;21400;1;9
1846;14/04/2022 0:00;3;409;Persona;22;18000;20900;1;9
1847;14/04/2022 0:00;3;838;Persona;36;17600;20100;1;9
1848;14/04/2022 0:00;2;574;Persona;93;16800;21500;4;10
1849;14/04/2022 0:00;2;362;Persona;143;17700;19600;4;10
1850;14/04/2022 0:00;2;426;Persona;22;18000;20400;4;10
1851;14/04/2022 0:00;2;518;Persona;15;17200;18700;4;10
1852;14/04/2022 0:00;1;11;Persona;143;17700;20400;2;11
1853;14/04/2022 0:00;1;1075;Persona;8;18300;23300;2;11
1854;14/04/2022 0:00;1;655;Persona;31;16500;17500;2;11
1855;14/04/2022 0:00;1;956;Persona;48;17100;20100;2;11
1856;14/04/2022 0:00;3;278;Persona;21;18000;23000;4;12
1857;14/04/2022 0:00;3;270;Persona;82;17700;20900;4;12
1858;14/04/2022 0:00;3;853;Persona;35;18000;22400;4;12
1859;14/04/2022 0:00;3;900;Persona;100;18100;20300;4;12
1860;15/04/2022 0:00;2;717;Persona;76;17700;22500;4;5
1861;15/04/2022 0:00;2;166;Persona;121;17100;21800;4;5
1862;15/04/2022 0:00;2;1103;Persona;57;17700;20600;4;5
1863;15/04/2022 0:00;2;883;Persona;160;16800;21700;4;5
1864;15/04/2022 0:00;4;522;Persona;86;17000;19600;4;2
1865;15/04/2022 0:00;4;1022;Persona;36;17600;20200;4;2
1866;15/04/2022 0:00;4;36;Persona;37;17600;19200;4;2
1867;15/04/2022 0:00;4;981;Persona;134;18000;22200;4;2
1868;15/04/2022 0:00;1;1038;Persona;7;17800;19600;2;8
1869;15/04/2022 0:00;1;1072;Persona;60;17300;20500;2;8
1870;15/04/2022 0:00;1;316;Persona;169;18000;22700;2;8
1871;15/04/2022 0:00;1;269;Persona;69;17800;18700;2;8
1872;15/04/2022 0:00;4;1055;Persona;92;17500;22400;4;10
1873;15/04/2022 0:00;4;187;Persona;103;18000;20100;4;10
1874;15/04/2022 0:00;4;1064;Persona;150;17600;19700;4;10
1875;15/04/2022 0:00;4;458;Persona;60;17300;20200;4;10
1876;15/04/2022 0:00;4;309;Persona;24;17200;20300;4;10
1877;15/04/2022 0:00;4;984;Persona;127;17900;18800;4;10
1878;15/04/2022 0:00;4;119;Persona;177;16600;19800;4;10
1879;15/04/2022 0:00;4;61;Persona;26;17200;19500;4;10
1880;15/04/2022 0:00;4;565;Persona;22;18000;21500;4;10
1881;15/04/2022 0:00;4;636;Persona;102;17800;19600;4;10
1882;15/04/2022 0:00;4;1161;Persona;16;17800;19500;4;10
1883;15/04/2022 0:00;4;875;Persona;84;18500;22700;4;10
1884;15/04/2022 0:00;2;1059;Persona;31;16500;19800;2;8
1885;15/04/2022 0:00;2;396;Persona;80;17400;19100;2;8
1886;15/04/2022 0:00;2;742;Persona;42;17600;20100;2;8
1887;15/04/2022 0:00;2;259;Persona;99;17500;19000;2;8
1888;16/04/2022 0:00;2;445;Persona;41;17600;22500;1;9
1889;16/04/2022 0:00;2;738;Persona;75;17000;20100;1;9
1890;16/04/2022 0:00;2;230;Persona;178;17400;18400;1;9
1891;16/04/2022 0:00;2;619;Persona;157;18100;21400;1;9
1892;16/04/2022 0:00;3;624;Persona;20;17600;22500;4;12
1893;16/04/2022 0:00;3;370;Persona;127;17900;19200;4;12
1894;16/04/2022 0:00;3;235;Persona;99;17500;18700;4;12
1895;16/04/2022 0:00;2;135;Empresa;141;18800;19900;1;4
1896;16/04/2022 0:00;2;354;Empresa;23;17100;21800;1;4
1897;16/04/2022 0:00;2;1047;Empresa;45;17500;22500;1;4
1898;16/04/2022 0:00;2;1160;Empresa;55;17800;20300;1;4
1899;16/04/2022 0:00;2;492;Persona;27;17400;22400;4;10
1900;16/04/2022 0:00;2;433;Persona;51;17500;20400;4;10
1901;16/04/2022 0:00;2;94;Persona;148;17000;18900;4;10
1902;16/04/2022 0:00;2;727;Persona;83;17300;20400;4;10
1903;16/04/2022 0:00;1;943;Persona;82;17700;19000;2;11
1904;17/04/2022 0:00;1;520;Persona;43;18400;20400;2;11
1905;17/04/2022 0:00;1;559;Persona;117;16800;18200;2;11
1906;17/04/2022 0:00;1;91;Persona;152;16600;19500;2;11
1907;17/04/2022 0:00;1;694;Persona;28;17800;20600;4;1
1908;17/04/2022 0:00;1;208;Persona;60;17300;18200;4;1
1909;17/04/2022 0:00;1;533;Persona;170;17400;22300;4;1
1910;17/04/2022 0:00;4;469;Persona;92;17500;19400;2;11
1911;17/04/2022 0:00;4;714;Persona;80;17400;19200;2;11
1912;17/04/2022 0:00;4;818;Persona;136;17600;22500;2;11
1913;17/04/2022 0:00;4;178;Persona;20;17600;19100;2;11
1914;17/04/2022 0:00;3;47;Persona;177;16600;18900;2;8
1915;17/04/2022 0:00;3;280;Persona;41;17600;22400;2;8
1916;17/04/2022 0:00;3;631;Persona;114;17800;19200;2;8
1917;17/04/2022 0:00;3;417;Persona;143;17700;19700;2;8
1918;17/04/2022 0:00;4;557;Persona;79;17700;21900;2;11
1919;17/04/2022 0:00;4;786;Persona;68;17300;22300;2;11
1920;17/04/2022 0:00;4;388;Persona;51;17500;22500;2;11
1921;17/04/2022 0:00;4;894;Persona;173;17500;20000;2;11
1922;17/04/2022 0:00;4;205;Persona;94;17500;22400;1;9
1923;18/04/2022 0:00;4;940;Persona;50;16300;21000;1;9
1924;18/04/2022 0:00;4;146;Persona;3;17000;18200;1;9
1925;18/04/2022 0:00;4;802;Persona;139;17100;18900;1;9
1926;18/04/2022 0:00;4;987;Persona;128;17500;22500;2;8
1927;18/04/2022 0:00;4;570;Persona;86;17000;20100;2;8
1928;18/04/2022 0:00;4;411;Persona;108;18300;20400;2;8
1929;18/04/2022 0:00;4;1155;Persona;41;17600;20300;2;8
1930;18/04/2022 0:00;2;856;Empresa;46;16700;21400;4;10
1931;18/04/2022 0:00;2;1005;Empresa;174;17400;21200;4;10
1932;18/04/2022 0:00;2;1133;Empresa;23;17100;19400;4;10
1933;18/04/2022 0:00;2;493;Empresa;31;16500;21200;4;10
1934;18/04/2022 0:00;1;818;Persona;100;18100;19800;4;1
1935;18/04/2022 0:00;1;1031;Persona;70;17300;20300;4;1
1936;18/04/2022 0:00;1;719;Persona;19;17000;20900;4;1
1937;18/04/2022 0:00;1;128;Persona;70;17300;21000;4;1
1938;18/04/2022 0:00;1;777;Empresa;164;16800;18700;4;2
1939;18/04/2022 0:00;1;518;Empresa;23;17100;20400;4;2
1940;18/04/2022 0:00;1;528;Empresa;90;17400;18600;4;2
1941;19/04/2022 0:00;1;1040;Empresa;170;17400;18400;4;2
1942;19/04/2022 0:00;4;207;Persona;113;18000;22200;4;2
1943;19/04/2022 0:00;4;306;Persona;165;16900;18600;4;2
1944;19/04/2022 0:00;4;944;Persona;166;18200;23500;4;2
1945;19/04/2022 0:00;4;1021;Persona;156;17200;18400;4;2
1946;19/04/2022 0:00;1;500;Persona;47;17300;20600;3;6
1947;19/04/2022 0:00;1;1068;Persona;80;17400;21700;3;6
1948;19/04/2022 0:00;1;473;Persona;54;17800;19900;3;6
1949;20/04/2022 0:00;1;1013;Persona;146;17100;19800;3;6
1950;20/04/2022 0:00;1;820;Persona;55;17800;19300;4;2
1951;20/04/2022 0:00;1;549;Persona;51;17500;18600;4;2
1952;20/04/2022 0:00;1;340;Persona;121;17100;17900;4;2
1953;20/04/2022 0:00;1;28;Persona;73;17100;21300;4;2
1954;20/04/2022 0:00;4;983;Persona;16;17800;19300;2;8
1955;20/04/2022 0:00;4;573;Persona;167;18200;19200;2;8
1956;20/04/2022 0:00;4;551;Persona;84;18500;19500;2;8
1957;20/04/2022 0:00;4;1017;Persona;33;17100;21300;2;8
1958;20/04/2022 0:00;2;527;Persona;17;18100;22600;4;12
1959;20/04/2022 0:00;2;498;Persona;15;17200;20100;4;12
1960;20/04/2022 0:00;2;1151;Persona;39;17200;18200;4;12
1961;21/04/2022 0:00;2;995;Persona;101;17500;21100;4;12
1962;21/04/2022 0:00;4;197;Persona;149;17600;20900;3;6
1963;21/04/2022 0:00;4;300;Persona;51;17500;18700;3;6
1964;21/04/2022 0:00;4;147;Persona;135;17800;19100;3;6
1965;21/04/2022 0:00;4;1118;Persona;44;17900;22500;1;9
1966;21/04/2022 0:00;4;9;Persona;124;17500;19600;1;9
1967;21/04/2022 0:00;4;596;Persona;107;17300;19800;1;9
1968;22/04/2022 0:00;4;515;Persona;28;17800;20600;1;9
1969;22/04/2022 0:00;4;1016;Persona;142;17200;20300;1;4
1970;22/04/2022 0:00;4;1104;Persona;136;17600;22200;1;4
1971;22/04/2022 0:00;4;1018;Persona;142;17200;18400;1;4
1972;22/04/2022 0:00;4;873;Persona;67;17700;18600;1;4
1973;22/04/2022 0:00;1;90;Persona;111;17500;18300;4;12
1974;22/04/2022 0:00;1;13;Persona;37;17600;19700;4;12
1975;22/04/2022 0:00;1;287;Persona;12;17400;21300;4;12
1976;22/04/2022 0:00;1;38;Persona;162;18500;22200;4;12
1977;22/04/2022 0:00;4;867;Persona;24;17200;19300;4;12
1978;22/04/2022 0:00;4;185;Persona;36;17600;18700;4;12
1979;22/04/2022 0:00;4;358;Persona;50;16300;21000;4;12
1980;22/04/2022 0:00;4;664;Persona;117;16800;20400;4;12
1981;22/04/2022 0:00;3;799;Persona;60;17300;18900;1;9
1982;22/04/2022 0:00;3;917;Persona;60;17300;19700;1;9
1983;22/04/2022 0:00;3;1125;Persona;110;17200;20400;1;9
1984;22/04/2022 0:00;3;375;Persona;141;18800;20600;1;9
1985;22/04/2022 0:00;3;120;Persona;153;17200;21100;1;9
1986;22/04/2022 0:00;3;609;Persona;103;18000;23300;1;9
1987;23/04/2022 0:00;3;1135;Persona;29;17700;20700;1;9
1988;23/04/2022 0:00;3;184;Persona;117;16800;20200;1;9
1989;23/04/2022 0:00;2;1127;Persona;133;17500;19100;4;5
1990;23/04/2022 0:00;2;444;Persona;113;18000;21100;4;5
1991;23/04/2022 0:00;2;606;Persona;38;18100;20100;4;5
1992;23/04/2022 0:00;4;895;Persona;94;17500;20200;3;6
1993;23/04/2022 0:00;4;413;Persona;72;17800;21000;3;6
1994;23/04/2022 0:00;4;856;Persona;8;18300;20900;3;6
1995;23/04/2022 0:00;4;826;Persona;170;17400;22100;3;6
1996;23/04/2022 0:00;2;1141;Persona;141;18800;20300;1;4
1997;23/04/2022 0:00;2;1086;Persona;179;17500;21100;1;4
1998;23/04/2022 0:00;2;527;Persona;12;17400;19500;1;4
1999;23/04/2022 0:00;2;1012;Persona;60;17300;19800;1;4
2000;23/04/2022 0:00;2;353;Empresa;7;17800;20800;4;12
2001;23/04/2022 0:00;2;1041;Empresa;145;17400;22400;4;12
2002;23/04/2022 0:00;2;437;Empresa;161;16600;20200;4;12
2003;24/04/2022 0:00;2;829;Empresa;150;17600;20200;4;12
2004;24/04/2022 0:00;2;1168;Persona;54;17800;20500;1;4
2005;24/04/2022 0:00;2;1010;Persona;5;17200;22000;1;4
2006;24/04/2022 0:00;2;992;Persona;45;17500;19700;1;4
2007;24/04/2022 0:00;2;313;Persona;174;17400;19400;1;4
2008;24/04/2022 0:00;2;183;Persona;153;17200;21200;1;9
2009;24/04/2022 0:00;2;776;Persona;68;17300;18400;1;9
2010;24/04/2022 0:00;2;596;Persona;111;17500;21100;1;9
2011;24/04/2022 0:00;2;884;Persona;102;17800;19300;1;9
2012;24/04/2022 0:00;4;601;Persona;67;17700;19800;2;11
2013;24/04/2022 0:00;4;262;Persona;45;17500;21700;2;11
2014;24/04/2022 0:00;4;1104;Persona;99;17500;21800;2;11
2015;24/04/2022 0:00;4;1135;Persona;9;17100;18200;2;11
2016;24/04/2022 0:00;2;930;Persona;170;17400;22300;4;2
2017;24/04/2022 0:00;2;921;Persona;143;17700;19700;4;2
2018;24/04/2022 0:00;2;385;Persona;152;16600;19800;4;2
2019;25/04/2022 0:00;2;12;Persona;171;16800;18400;4;2
2020;25/04/2022 0:00;2;291;Empresa;179;17500;19100;1;4
2021;25/04/2022 0:00;2;839;Empresa;136;17600;18700;1;4
2022;25/04/2022 0:00;2;388;Empresa;68;17300;18300;1;4
2023;25/04/2022 0:00;2;403;Empresa;21;18000;22600;1;4
2024;25/04/2022 0:00;1;965;Persona;62;17100;19000;4;5
2025;25/04/2022 0:00;1;359;Persona;106;17600;22300;4;5
2026;25/04/2022 0:00;1;1076;Persona;81;17400;22000;4;5
2027;25/04/2022 0:00;1;24;Persona;24;17200;20900;4;5
2028;25/04/2022 0:00;3;565;Persona;18;17500;22400;4;10
2029;25/04/2022 0:00;3;533;Persona;152;16600;18000;4;10
2030;25/04/2022 0:00;3;536;Persona;4;17700;22600;4;10
2031;25/04/2022 0:00;2;864;Persona;64;17200;20400;4;12
2032;25/04/2022 0:00;2;363;Persona;125;17300;21600;4;12
2033;25/04/2022 0:00;2;1107;Persona;163;17800;22500;4;12
2034;25/04/2022 0:00;2;893;Persona;73;17100;21800;4;12
2035;26/04/2022 0:00;1;217;Persona;20;17600;18600;4;7
2036;26/04/2022 0:00;1;298;Persona;1;16800;19900;4;7
2037;26/04/2022 0:00;1;957;Persona;60;17300;21200;4;7
2038;26/04/2022 0:00;1;75;Persona;175;17800;20300;4;7
2039;26/04/2022 0:00;4;172;Persona;72;17800;21500;4;3
2040;26/04/2022 0:00;4;481;Persona;118;18000;20800;4;3
2041;26/04/2022 0:00;4;227;Persona;18;17500;20900;4;3
2042;26/04/2022 0:00;4;672;Persona;52;17800;22200;4;3
2043;26/04/2022 0:00;3;110;Empresa;43;18400;21200;4;7
2044;26/04/2022 0:00;3;361;Empresa;13;17300;20200;4;7
2045;26/04/2022 0:00;3;218;Empresa;46;16700;19400;4;7
2046;26/04/2022 0:00;3;156;Empresa;166;18200;21100;4;7
2047;27/04/2022 0:00;3;1039;Persona;14;16800;19700;4;1
2048;27/04/2022 0:00;3;657;Persona;51;17500;21500;4;1
2049;27/04/2022 0:00;3;895;Persona;74;18100;21800;4;1
2050;27/04/2022 0:00;3;691;Persona;39;17200;19600;4;1
2051;27/04/2022 0:00;2;1126;Persona;126;18100;22300;1;4
2052;27/04/2022 0:00;2;341;Persona;173;17500;21400;1;4
2053;27/04/2022 0:00;2;442;Persona;156;17200;19400;1;4
2054;27/04/2022 0:00;2;1139;Persona;167;18200;21600;1;4
2055;27/04/2022 0:00;2;985;Persona;155;18000;21900;4;5
2056;27/04/2022 0:00;2;527;Persona;171;16800;20000;4;5
2057;27/04/2022 0:00;2;715;Persona;60;17300;18400;4;5
2058;27/04/2022 0:00;2;1056;Persona;143;17700;19400;4;5
2059;28/04/2022 0:00;1;801;Persona;54;17800;19600;1;9
2060;28/04/2022 0:00;1;842;Persona;176;17600;22600;1;9
2061;28/04/2022 0:00;1;312;Persona;168;17500;21100;1;9
2062;28/04/2022 0:00;1;296;Persona;88;17000;19600;1;9
2063;28/04/2022 0:00;4;632;Persona;108;18300;20500;2;8
2064;28/04/2022 0:00;4;225;Persona;72;17800;22800;2;8
2065;28/04/2022 0:00;4;404;Persona;77;17300;19100;2;8
2066;28/04/2022 0:00;2;513;Persona;130;17900;22100;4;1
2067;28/04/2022 0:00;2;288;Persona;128;17500;19800;4;1
2068;28/04/2022 0:00;2;387;Persona;147;17300;19800;4;1
2069;28/04/2022 0:00;2;180;Persona;39;17200;19600;4;1
2070;28/04/2022 0:00;1;550;Persona;120;17600;21100;2;8
2071;28/04/2022 0:00;1;726;Persona;179;17500;22600;2;8
2072;28/04/2022 0:00;1;1120;Persona;18;17500;21600;2;8
2073;28/04/2022 0:00;1;81;Persona;94;17500;18900;2;8
2074;28/04/2022 0:00;4;472;Persona;42;17600;22200;1;9
2075;29/04/2022 0:00;4;441;Persona;112;17500;21400;1;9
2076;29/04/2022 0:00;4;1167;Persona;9;17100;21200;1;9
2077;29/04/2022 0:00;4;30;Persona;100;18100;21100;1;9
2078;29/04/2022 0:00;2;544;Persona;14;16800;21400;3;6
2079;29/04/2022 0:00;2;98;Persona;41;17600;21200;3;6
2080;29/04/2022 0:00;2;783;Persona;174;17400;19000;3;6
2081;29/04/2022 0:00;2;1053;Persona;126;18100;20000;3;6
2082;29/04/2022 0:00;2;469;Persona;140;17300;19300;2;11
2083;29/04/2022 0:00;2;577;Persona;45;17500;21700;2;11
2084;29/04/2022 0:00;2;950;Persona;38;18100;19300;2;11
2085;29/04/2022 0:00;2;1;Persona;175;17800;19500;2;11
2086;29/04/2022 0:00;1;275;Empresa;41;17600;19400;4;12
2087;29/04/2022 0:00;1;691;Empresa;156;17200;19400;4;12
2088;29/04/2022 0:00;1;127;Empresa;51;17500;18900;4;12
2089;29/04/2022 0:00;1;216;Empresa;43;18400;19500;4;12
2090;29/04/2022 0:00;1;598;Persona;158;17400;19900;3;6
2091;29/04/2022 0:00;1;13;Persona;90;17400;22100;3;6
2092;29/04/2022 0:00;1;1132;Persona;20;17600;22000;3;6
2093;29/04/2022 0:00;1;732;Persona;129;17800;18900;3;6
2094;29/04/2022 0:00;3;1036;Persona;135;17800;21500;1;4
2095;29/04/2022 0:00;3;1089;Persona;75;17000;19100;1;4
2096;29/04/2022 0:00;3;405;Persona;25;17500;20700;1;4
2097;29/04/2022 0:00;3;1044;Persona;32;17800;22100;1;4
2098;30/04/2022 0:00;3;18;Persona;31;16500;20700;3;6
2099;30/04/2022 0:00;3;12;Persona;8;18300;19700;3;6
2100;30/04/2022 0:00;3;620;Persona;102;17800;23000;3;6
2101;30/04/2022 0:00;3;528;Persona;131;17000;20500;3;6
2102;30/04/2022 0:00;4;105;Persona;167;18200;21100;1;4
2103;30/04/2022 0:00;4;841;Persona;10;16300;17900;1;4
2104;30/04/2022 0:00;4;602;Persona;116;17700;19000;1;4
2105;30/04/2022 0:00;4;846;Persona;48;17100;21600;1;4
2106;01/05/2022 0:00;4;300;Persona;178;17400;19700;4;3
2107;01/05/2022 0:00;4;197;Persona;155;18000;21200;4;3
2108;01/05/2022 0:00;4;23;Persona;41;17600;22700;4;3
2109;01/05/2022 0:00;4;441;Persona;56;17400;20800;4;3
2110;01/05/2022 0:00;4;541;Persona;32;17800;22000;4;7
2111;01/05/2022 0:00;4;674;Persona;36;17600;21800;4;7
2112;01/05/2022 0:00;4;317;Persona;164;16800;21600;4;7
2113;01/05/2022 0:00;4;998;Persona;7;17800;20600;4;7
2114;02/05/2022 0:00;4;695;Persona;103;18000;22300;2;11
2115;02/05/2022 0:00;4;1162;Persona;57;17700;20300;2;11
2116;02/05/2022 0:00;4;1074;Persona;40;17000;18400;2;11
2117;02/05/2022 0:00;4;321;Persona;69;17800;23000;2;11
2118;02/05/2022 0:00;1;3;Persona;60;17300;21700;4;2
2119;02/05/2022 0:00;1;778;Persona;136;17600;19500;4;2
2120;02/05/2022 0:00;1;810;Persona;155;18000;22700;4;2
2121;02/05/2022 0:00;1;364;Persona;8;18300;19200;4;2
2122;02/05/2022 0:00;4;257;Persona;148;17000;21100;4;12
2123;02/05/2022 0:00;4;1075;Persona;145;17400;20600;4;12
2124;02/05/2022 0:00;4;709;Persona;157;18100;20700;4;12
2125;02/05/2022 0:00;3;219;Persona;61;17600;21300;2;8
2126;03/05/2022 0:00;3;298;Persona;128;17500;22100;2;8
2127;03/05/2022 0:00;3;753;Persona;110;17200;20400;2;8
2128;03/05/2022 0:00;3;1159;Persona;133;17500;19000;2;8
2129;03/05/2022 0:00;2;779;Persona;48;17100;19900;4;1
2130;03/05/2022 0:00;2;564;Persona;173;17500;21300;4;1
2131;03/05/2022 0:00;2;1132;Persona;173;17500;18400;4;1
2132;03/05/2022 0:00;2;501;Persona;140;17300;19600;4;1
2133;03/05/2022 0:00;2;173;Persona;43;18400;21300;4;1
2134;03/05/2022 0:00;2;1022;Persona;11;17300;22000;4;1
2135;03/05/2022 0:00;2;764;Persona;139;17100;20700;4;1
2136;03/05/2022 0:00;4;1156;Persona;42;17600;21600;4;5
2137;03/05/2022 0:00;4;94;Persona;112;17500;20000;4;5
2138;03/05/2022 0:00;4;214;Persona;7;17800;19700;4;5
2139;03/05/2022 0:00;4;322;Persona;172;17700;21200;4;5
2140;03/05/2022 0:00;2;595;Persona;124;17500;18400;4;1
2141;03/05/2022 0:00;2;683;Persona;131;17000;21900;4;1
2142;04/05/2022 0:00;2;733;Persona;83;17300;20300;4;1
2143;04/05/2022 0:00;2;112;Persona;92;17500;21400;4;1
2144;04/05/2022 0:00;2;278;Persona;31;16500;18200;4;3
2145;04/05/2022 0:00;2;434;Persona;159;17400;21900;4;3
2146;04/05/2022 0:00;2;307;Persona;154;17300;19000;4;3
2147;04/05/2022 0:00;2;834;Persona;59;18100;19300;4;5
2148;04/05/2022 0:00;2;949;Persona;107;17300;19200;4;5
2149;04/05/2022 0:00;2;285;Persona;139;17100;22100;4;5
2150;04/05/2022 0:00;2;723;Persona;44;17900;20000;4;5
2151;04/05/2022 0:00;2;774;Persona;81;17400;18500;2;8
2152;04/05/2022 0:00;2;396;Persona;26;17200;19900;2;8
2153;04/05/2022 0:00;2;391;Persona;40;17000;20100;2;8
2154;05/05/2022 0:00;1;822;Persona;142;17200;19000;4;5
2155;05/05/2022 0:00;1;901;Persona;115;18400;23900;4;5
2156;05/05/2022 0:00;2;77;Persona;59;18100;20400;4;10
2157;05/05/2022 0:00;2;1124;Persona;157;18100;21500;4;10
2158;05/05/2022 0:00;2;269;Persona;71;17800;21700;4;10
2159;05/05/2022 0:00;2;1134;Persona;107;17300;18600;4;10
2160;05/05/2022 0:00;2;1067;Persona;6;17100;18700;4;5
2161;05/05/2022 0:00;2;556;Persona;40;17000;20500;4;5
2162;05/05/2022 0:00;2;1089;Persona;132;17200;20200;4;5
2163;05/05/2022 0:00;2;849;Persona;172;17700;20700;4;5
2164;05/05/2022 0:00;1;662;Persona;42;17600;22000;1;9
2165;05/05/2022 0:00;1;307;Persona;120;17600;19600;1;9
2166;05/05/2022 0:00;1;502;Persona;84;18500;20000;1;9
2167;05/05/2022 0:00;1;679;Persona;2;16800;19800;1;9
2168;05/05/2022 0:00;4;919;Persona;153;17200;19500;4;10
2169;05/05/2022 0:00;4;451;Persona;58;17600;21200;4;10
2170;05/05/2022 0:00;4;1126;Persona;108;18300;22600;4;10
2171;05/05/2022 0:00;4;862;Persona;179;17500;22500;4;10
2172;05/05/2022 0:00;3;1074;Persona;74;18100;19800;1;4
2173;05/05/2022 0:00;3;51;Persona;63;17400;22500;1;4
2174;05/05/2022 0:00;3;698;Persona;91;18300;20900;1;4
2175;05/05/2022 0:00;3;796;Persona;142;17200;21600;1;4
2176;05/05/2022 0:00;2;625;Persona;89;17200;20300;4;2
2177;05/05/2022 0:00;2;524;Persona;109;17700;22900;4;2
2178;05/05/2022 0:00;2;1170;Persona;25;17500;22600;4;2
2179;05/05/2022 0:00;2;593;Persona;18;17500;21700;4;2
2180;05/05/2022 0:00;2;377;Persona;45;17500;22600;2;8
2181;05/05/2022 0:00;2;258;Persona;26;17200;20200;2;8
2182;05/05/2022 0:00;2;834;Persona;62;17100;20500;2;8
2183;05/05/2022 0:00;2;52;Persona;102;17800;22400;2;8
2184;05/05/2022 0:00;2;520;Persona;128;17500;20500;2;11
2185;05/05/2022 0:00;2;589;Persona;128;17500;18400;2;11
2186;06/05/2022 0:00;2;455;Persona;65;17100;21800;2;11
2187;06/05/2022 0:00;2;725;Persona;153;17200;21100;2;11
2188;06/05/2022 0:00;2;1106;Persona;128;17500;19400;4;10
2189;06/05/2022 0:00;2;816;Persona;150;17600;19900;4;10
2190;06/05/2022 0:00;2;272;Persona;169;18000;21200;4;10
2191;06/05/2022 0:00;2;338;Persona;94;17500;18500;4;10
2192;06/05/2022 0:00;2;1134;Empresa;176;17600;21200;4;1
2193;06/05/2022 0:00;2;283;Empresa;91;18300;21900;4;1
2194;06/05/2022 0:00;2;855;Empresa;96;17200;21300;4;1
2195;06/05/2022 0:00;2;756;Empresa;140;17300;22300;4;1
2196;06/05/2022 0:00;2;580;Persona;18;17500;21400;4;7
2197;06/05/2022 0:00;2;73;Persona;179;17500;19800;4;7
2198;06/05/2022 0:00;2;502;Persona;149;17600;20600;4;7
2199;06/05/2022 0:00;1;1052;Persona;8;18300;21900;4;5
2200;06/05/2022 0:00;1;35;Persona;135;17800;22100;4;5
2201;06/05/2022 0:00;1;37;Persona;31;16500;19300;4;5
2202;06/05/2022 0:00;4;530;Persona;52;17800;23000;4;12
2203;06/05/2022 0:00;4;978;Persona;140;17300;20600;4;12
2204;06/05/2022 0:00;4;689;Persona;60;17300;22100;4;12
2205;06/05/2022 0:00;3;575;Persona;107;17300;19600;4;5
2206;06/05/2022 0:00;3;880;Persona;62;17100;20200;4;5
2207;06/05/2022 0:00;3;1009;Persona;173;17500;20700;4;5
2208;06/05/2022 0:00;3;12;Persona;126;18100;21900;4;5
2209;06/05/2022 0:00;3;35;Persona;3;17000;18100;4;2
2210;06/05/2022 0:00;3;144;Persona;16;17800;22900;4;2
2211;06/05/2022 0:00;3;782;Persona;54;17800;21900;4;2
2212;06/05/2022 0:00;3;108;Persona;80;17400;20500;4;2
2213;06/05/2022 0:00;2;1093;Empresa;25;17500;20600;3;6
2214;06/05/2022 0:00;2;657;Empresa;7;17800;20500;3;6
2215;06/05/2022 0:00;2;976;Empresa;123;18200;19300;3;6
2216;06/05/2022 0:00;2;754;Empresa;85;17600;22400;3;6
2217;06/05/2022 0:00;2;332;Persona;90;17400;19200;4;2
2218;07/05/2022 0:00;2;304;Persona;86;17000;20200;4;2
2219;07/05/2022 0:00;2;933;Persona;25;17500;21900;4;2
2220;07/05/2022 0:00;2;435;Persona;140;17300;21000;4;2
2221;07/05/2022 0:00;2;129;Empresa;35;18000;21000;2;11
2222;07/05/2022 0:00;2;362;Empresa;175;17800;22800;2;11
2223;07/05/2022 0:00;2;1118;Empresa;98;18000;23300;2;11
2224;07/05/2022 0:00;2;897;Empresa;58;17600;22200;2;11
2225;07/05/2022 0:00;2;1103;Persona;38;18100;19500;3;6
2226;07/05/2022 0:00;2;1010;Persona;118;18000;22100;3;6
2227;07/05/2022 0:00;2;945;Persona;13;17300;22000;3;6
2228;07/05/2022 0:00;2;343;Persona;7;17800;21000;3;6
2229;07/05/2022 0:00;1;1055;Persona;145;17400;22200;4;12
2230;07/05/2022 0:00;1;799;Persona;90;17400;19500;4;12
2231;07/05/2022 0:00;1;1133;Persona;81;17400;19500;4;12
2232;07/05/2022 0:00;1;498;Persona;71;17800;22600;4;12
2233;07/05/2022 0:00;2;349;Persona;51;17500;18400;4;5
2234;07/05/2022 0:00;2;867;Persona;144;17200;20500;4;5
2235;07/05/2022 0:00;2;503;Persona;12;17400;20500;4;5
2236;07/05/2022 0:00;2;671;Persona;155;18000;22200;4;2
2237;07/05/2022 0:00;2;452;Persona;113;18000;22600;4;2
2238;07/05/2022 0:00;2;662;Persona;81;17400;19000;4;2
2239;07/05/2022 0:00;2;912;Persona;96;17200;20500;4;2
2240;07/05/2022 0:00;2;326;Persona;104;17400;22200;1;4
2241;07/05/2022 0:00;2;613;Persona;132;17200;20600;1;4
2242;08/05/2022 0:00;2;1040;Persona;133;17500;19300;1;4
2243;08/05/2022 0:00;2;816;Persona;75;17000;18100;1;4
2244;08/05/2022 0:00;4;580;Persona;117;16800;18400;4;1
2245;08/05/2022 0:00;4;584;Persona;105;18200;21500;4;1
2246;08/05/2022 0:00;4;1007;Persona;79;17700;21700;4;1
2247;08/05/2022 0:00;4;104;Persona;97;17500;20000;4;1
2248;08/05/2022 0:00;3;24;Persona;100;18100;22700;2;11
2249;09/05/2022 0:00;3;709;Persona;141;18800;23800;2;11
2250;09/05/2022 0:00;3;971;Persona;62;17100;21100;2;11
2251;09/05/2022 0:00;3;155;Persona;42;17600;20700;2;11
2252;09/05/2022 0:00;2;1066;Persona;119;17300;20200;4;7
2253;09/05/2022 0:00;2;1039;Persona;69;17800;20800;4;7
2254;09/05/2022 0:00;2;636;Persona;174;17400;21000;4;7
2255;09/05/2022 0:00;2;476;Persona;127;17900;20900;4;7
2256;09/05/2022 0:00;4;1043;Empresa;89;17200;20100;4;10
2257;09/05/2022 0:00;4;509;Empresa;65;17100;20100;4;10
2258;09/05/2022 0:00;4;174;Empresa;11;17300;18100;4;10
2259;09/05/2022 0:00;4;596;Empresa;33;17100;20300;4;10
2260;09/05/2022 0:00;2;674;Persona;69;17800;18700;4;3
2261;09/05/2022 0:00;2;101;Persona;56;17400;20100;4;3
2262;09/05/2022 0:00;2;632;Persona;111;17500;20000;4;3
2263;09/05/2022 0:00;2;248;Persona;171;16800;19400;4;3
2264;10/05/2022 0:00;2;557;Empresa;167;18200;22200;1;4
2265;10/05/2022 0:00;2;69;Empresa;167;18200;22800;1;4
2266;10/05/2022 0:00;2;661;Empresa;85;17600;22000;1;4
2267;10/05/2022 0:00;2;542;Empresa;14;16800;18800;1;4
2268;10/05/2022 0:00;1;812;Persona;166;18200;22000;1;4
2269;10/05/2022 0:00;1;981;Persona;116;17700;19800;1;4
2270;10/05/2022 0:00;1;1011;Persona;58;17600;22700;1;4
2271;10/05/2022 0:00;1;238;Persona;53;16800;20700;1;4
2272;11/05/2022 0:00;1;834;Persona;23;17100;19500;4;10
2273;11/05/2022 0:00;1;121;Persona;170;17400;20700;4;10
2274;11/05/2022 0:00;1;727;Persona;96;17200;18800;4;10
2275;11/05/2022 0:00;4;825;Persona;42;17600;19100;4;7
2276;11/05/2022 0:00;4;83;Persona;109;17700;22100;4;7
2277;11/05/2022 0:00;4;20;Persona;87;18000;21400;4;7
2278;11/05/2022 0:00;4;212;Persona;76;17700;20900;4;7
2279;11/05/2022 0:00;4;869;Persona;31;16500;20500;4;2
2280;12/05/2022 0:00;4;496;Persona;74;18100;21500;4;2
2281;12/05/2022 0:00;4;290;Persona;44;17900;18900;4;2
2282;12/05/2022 0:00;4;244;Persona;96;17200;18000;4;2
2283;12/05/2022 0:00;2;744;Persona;175;17800;20000;4;3
2284;12/05/2022 0:00;2;569;Persona;46;16700;21200;4;3
2285;12/05/2022 0:00;2;575;Persona;175;17800;23000;4;3
2286;12/05/2022 0:00;2;429;Persona;34;17500;21500;4;3
2287;12/05/2022 0:00;2;1049;Persona;83;17300;20700;4;10
2288;12/05/2022 0:00;2;720;Persona;109;17700;19100;4;10
2289;12/05/2022 0:00;2;914;Persona;153;17200;19400;4;10
2290;12/05/2022 0:00;1;1059;Persona;65;17100;18500;4;7
2291;12/05/2022 0:00;1;895;Persona;167;18200;19800;4;7
2292;12/05/2022 0:00;1;304;Persona;156;17200;18300;4;7
2293;12/05/2022 0:00;1;697;Persona;139;17100;20600;4;7
2294;12/05/2022 0:00;1;705;Persona;64;17200;19700;2;11
2295;12/05/2022 0:00;1;1143;Persona;146;17100;19600;2;11
2296;12/05/2022 0:00;1;1036;Persona;174;17400;21800;2;11
2297;12/05/2022 0:00;1;943;Persona;60;17300;21600;2;11
2298;12/05/2022 0:00;4;642;Persona;20;17600;22400;4;3
2299;12/05/2022 0:00;4;516;Persona;81;17400;19300;4;3
2300;12/05/2022 0:00;4;712;Persona;123;18200;20700;4;3
2301;12/05/2022 0:00;4;1016;Persona;96;17200;21300;4;3
2302;12/05/2022 0:00;3;44;Persona;123;18200;20700;4;7
2303;12/05/2022 0:00;3;1091;Persona;95;17700;22100;4;7
2304;13/05/2022 0:00;3;1111;Persona;149;17600;21500;4;7
2305;13/05/2022 0:00;3;225;Persona;74;18100;20500;4;7
2306;13/05/2022 0:00;3;613;Persona;134;18000;22800;4;7
2307;13/05/2022 0:00;3;13;Persona;11;17300;22300;4;7
2308;13/05/2022 0:00;3;46;Persona;56;17400;19900;4;7
2309;13/05/2022 0:00;3;201;Persona;136;17600;21900;4;7
2310;13/05/2022 0:00;2;358;Persona;129;17800;23000;4;10
2311;13/05/2022 0:00;2;50;Persona;157;18100;22200;4;10
2312;13/05/2022 0:00;2;1115;Persona;164;16800;18500;4;10
2313;13/05/2022 0:00;2;343;Persona;158;17400;20100;4;10
2314;13/05/2022 0:00;4;711;Persona;34;17500;18600;4;3
2315;13/05/2022 0:00;4;534;Persona;53;16800;18700;4;3
2316;13/05/2022 0:00;4;644;Persona;8;18300;21900;4;3
2317;13/05/2022 0:00;4;575;Persona;39;17200;18500;4;3
2318;13/05/2022 0:00;2;618;Persona;54;17800;20900;1;9
2319;13/05/2022 0:00;2;491;Persona;179;17500;18900;1;9
2320;13/05/2022 0:00;2;887;Persona;89;17200;22100;1;9
2321;13/05/2022 0:00;2;71;Persona;10;16300;20800;1;9
2322;13/05/2022 0:00;2;934;Persona;83;17300;18200;2;11
2323;13/05/2022 0:00;2;217;Persona;106;17600;18600;2;11
2324;13/05/2022 0:00;2;1013;Persona;6;17100;22000;2;11
2325;13/05/2022 0:00;2;438;Persona;87;18000;22400;2;11
2326;13/05/2022 0:00;3;293;Persona;37;17600;19400;1;9
2327;13/05/2022 0:00;3;128;Persona;35;18000;19300;1;9
2328;14/05/2022 0:00;3;121;Persona;92;17500;20200;1;9
2329;14/05/2022 0:00;3;22;Persona;170;17400;20300;1;9
2330;14/05/2022 0:00;3;995;Persona;177;16600;20600;2;8
2331;14/05/2022 0:00;3;1079;Persona;69;17800;19200;2;8
2332;14/05/2022 0:00;3;342;Persona;140;17300;21300;2;8
2333;14/05/2022 0:00;3;299;Persona;15;17200;20300;2;8
2334;14/05/2022 0:00;3;751;Persona;75;17000;19000;2;8
2335;14/05/2022 0:00;3;46;Persona;3;17000;21100;2;8
2336;15/05/2022 0:00;3;63;Persona;167;18200;22300;2;8
2337;15/05/2022 0:00;3;388;Persona;43;18400;19400;2;8
2338;15/05/2022 0:00;2;1113;Persona;69;17800;19500;4;12
2339;15/05/2022 0:00;2;915;Persona;124;17500;18400;4;12
2340;15/05/2022 0:00;2;161;Persona;55;17800;19700;4;12
2341;15/05/2022 0:00;2;259;Persona;42;17600;22600;4;10
2342;15/05/2022 0:00;2;684;Persona;167;18200;20100;4;10
2343;15/05/2022 0:00;2;396;Persona;56;17400;18800;4;10
2344;15/05/2022 0:00;2;675;Persona;116;17700;20900;4;10
2345;15/05/2022 0:00;2;462;Persona;18;17500;21500;4;7
2346;15/05/2022 0:00;2;991;Persona;60;17300;18900;4;7
2347;15/05/2022 0:00;2;391;Persona;165;16900;19100;4;7
2348;16/05/2022 0:00;2;1052;Persona;24;17200;18600;4;7
2349;16/05/2022 0:00;1;1073;Persona;166;18200;23600;4;7
2350;16/05/2022 0:00;1;107;Persona;116;17700;21700;4;7
2351;16/05/2022 0:00;1;736;Persona;20;17600;19500;4;7
2352;16/05/2022 0:00;1;1143;Persona;110;17200;19000;4;7
2353;16/05/2022 0:00;3;447;Persona;176;17600;22000;4;3
2354;16/05/2022 0:00;3;803;Persona;21;18000;20900;4;3
2355;16/05/2022 0:00;3;58;Persona;20;17600;18600;4;3
2356;17/05/2022 0:00;3;328;Persona;36;17600;21800;4;3
2357;17/05/2022 0:00;3;125;Persona;54;17800;22000;1;4
2358;17/05/2022 0:00;3;1019;Persona;111;17500;18900;1;4
2359;17/05/2022 0:00;3;864;Persona;137;17800;22500;1;4
2360;17/05/2022 0:00;3;765;Persona;177;16600;20500;1;4
2361;17/05/2022 0:00;2;616;Persona;123;18200;21800;4;3
2362;17/05/2022 0:00;2;201;Persona;106;17600;20900;4;3
2363;17/05/2022 0:00;2;279;Persona;46;16700;17900;4;3
2364;17/05/2022 0:00;2;488;Persona;60;17300;21200;4;3
2365;17/05/2022 0:00;4;987;Persona;165;16900;19000;2;11
2366;17/05/2022 0:00;4;949;Persona;135;17800;21100;2;11
2367;17/05/2022 0:00;4;1002;Persona;165;16900;18400;2;11
2368;17/05/2022 0:00;4;768;Persona;87;18000;20700;2;11
2369;17/05/2022 0:00;2;412;Persona;171;16800;19900;1;9
2370;17/05/2022 0:00;2;320;Persona;145;17400;20300;1;9
2371;17/05/2022 0:00;2;805;Persona;172;17700;22300;1;9
2372;18/05/2022 0:00;1;1120;Empresa;127;17900;21800;1;4
2373;18/05/2022 0:00;1;922;Empresa;143;17700;20900;1;4
2374;18/05/2022 0:00;1;514;Empresa;100;18100;19200;1;4
2375;18/05/2022 0:00;1;78;Empresa;50;16300;20100;1;4
2376;18/05/2022 0:00;4;261;Persona;2;16800;17600;1;9
2377;18/05/2022 0:00;4;1100;Persona;4;17700;22600;1;9
2378;18/05/2022 0:00;4;256;Persona;96;17200;21100;1;9
2379;18/05/2022 0:00;4;753;Persona;93;16800;19100;1;9
2380;18/05/2022 0:00;2;241;Persona;171;16800;19600;4;10
2381;18/05/2022 0:00;2;927;Persona;3;17000;20200;4;10
2382;18/05/2022 0:00;2;792;Persona;125;17300;20600;4;10
2383;18/05/2022 0:00;2;430;Persona;158;17400;20900;4;10
2384;18/05/2022 0:00;1;424;Empresa;134;18000;19000;2;11
2385;18/05/2022 0:00;1;243;Empresa;90;17400;21200;2;11
2386;18/05/2022 0:00;1;93;Empresa;170;17400;18400;2;11
2387;18/05/2022 0:00;1;448;Empresa;41;17600;21500;2;11
2388;18/05/2022 0:00;3;146;Persona;9;17100;20300;1;4
2389;18/05/2022 0:00;3;1098;Persona;176;17600;19700;1;4
2390;18/05/2022 0:00;3;598;Persona;95;17700;22100;1;4
2391;18/05/2022 0:00;3;272;Persona;36;17600;19000;1;4
2392;18/05/2022 0:00;4;160;Empresa;168;17500;20200;4;7
2393;18/05/2022 0:00;4;34;Empresa;4;17700;22500;4;7
2394;18/05/2022 0:00;4;1157;Empresa;110;17200;19800;4;7
2395;18/05/2022 0:00;4;656;Empresa;149;17600;20800;4;7
2396;19/05/2022 0:00;2;158;Persona;39;17200;18400;4;1
2397;19/05/2022 0:00;2;662;Persona;139;17100;21400;4;1
2398;19/05/2022 0:00;2;1145;Persona;149;17600;19500;4;1
2399;19/05/2022 0:00;2;725;Persona;149;17600;19800;4;1
2400;19/05/2022 0:00;1;984;Persona;171;16800;18300;4;2
2401;19/05/2022 0:00;1;78;Persona;112;17500;22400;4;2
2402;19/05/2022 0:00;1;739;Persona;7;17800;19900;4;2
2403;19/05/2022 0:00;1;878;Persona;5;17200;18300;4;2
2404;19/05/2022 0:00;1;111;Persona;55;17800;20500;4;5
2405;19/05/2022 0:00;1;1163;Persona;56;17400;20000;4;5
2406;19/05/2022 0:00;1;530;Persona;33;17100;18800;4;5
2407;19/05/2022 0:00;1;272;Persona;32;17800;19900;4;5
2408;19/05/2022 0:00;3;84;Empresa;142;17200;20700;4;10
2409;19/05/2022 0:00;3;283;Empresa;155;18000;21300;4;10
2410;19/05/2022 0:00;3;323;Empresa;153;17200;20300;4;10
2411;19/05/2022 0:00;3;85;Empresa;126;18100;22100;4;10
2412;19/05/2022 0:00;3;194;Persona;5;17200;20700;4;1
2413;19/05/2022 0:00;3;54;Persona;87;18000;20700;4;1
2414;19/05/2022 0:00;3;767;Persona;155;18000;21200;4;1
2415;19/05/2022 0:00;3;1162;Persona;88;17000;18400;4;1
2416;20/05/2022 0:00;1;293;Persona;118;18000;22400;1;4
2417;20/05/2022 0:00;1;632;Persona;34;17500;19600;1;4
2418;20/05/2022 0:00;1;433;Persona;170;17400;22000;1;4
2419;20/05/2022 0:00;1;482;Persona;140;17300;19800;1;4
2420;20/05/2022 0:00;4;832;Persona;105;18200;20200;1;4
2421;20/05/2022 0:00;4;373;Persona;174;17400;20700;1;4
2422;20/05/2022 0:00;4;1031;Persona;112;17500;22400;1;4
2423;20/05/2022 0:00;4;111;Persona;79;17700;20700;1;4
2424;20/05/2022 0:00;3;26;Persona;100;18100;19300;4;12
2425;20/05/2022 0:00;3;478;Persona;38;18100;21600;4;12
2426;20/05/2022 0:00;3;478;Persona;53;16800;19500;4;12
2427;20/05/2022 0:00;3;567;Persona;61;17600;20800;4;12
2428;20/05/2022 0:00;4;659;Empresa;85;17600;18900;4;5
2429;20/05/2022 0:00;4;1094;Empresa;148;17000;20800;4;5
2430;20/05/2022 0:00;4;8;Empresa;31;16500;20600;4;5
2431;20/05/2022 0:00;4;630;Empresa;65;17100;18900;4;5
2432;20/05/2022 0:00;2;98;Persona;111;17500;20700;2;11
2433;20/05/2022 0:00;2;120;Persona;123;18200;22300;2;11
2434;20/05/2022 0:00;2;510;Persona;34;17500;21600;2;11
2435;20/05/2022 0:00;2;36;Persona;126;18100;20100;2;11
2436;20/05/2022 0:00;2;890;Persona;143;17700;20000;4;10
2437;20/05/2022 0:00;2;355;Persona;136;17600;21500;4;10
2438;20/05/2022 0:00;2;248;Persona;167;18200;21700;4;10
2439;21/05/2022 0:00;2;446;Persona;155;18000;20800;4;10
2440;21/05/2022 0:00;1;566;Persona;101;17500;20300;2;11
2441;21/05/2022 0:00;1;445;Persona;115;18400;21500;2;11
2442;21/05/2022 0:00;1;162;Persona;63;17400;18700;2;11
2443;21/05/2022 0:00;1;1091;Persona;100;18100;20300;2;11
2444;21/05/2022 0:00;3;499;Persona;179;17500;20800;4;10
2445;21/05/2022 0:00;3;1160;Persona;87;18000;19900;4;10
2446;21/05/2022 0:00;3;878;Persona;171;16800;18100;4;10
2447;21/05/2022 0:00;3;597;Persona;103;18000;22600;4;10
2448;21/05/2022 0:00;2;892;Persona;166;18200;22900;4;3
2449;21/05/2022 0:00;2;591;Persona;145;17400;19900;4;3
2450;21/05/2022 0:00;2;1079;Persona;96;17200;19800;4;3
2451;21/05/2022 0:00;2;933;Persona;168;17500;18700;4;2
2452;21/05/2022 0:00;2;727;Persona;118;18000;23000;4;2
2453;21/05/2022 0:00;2;111;Persona;84;18500;21300;4;2
2454;21/05/2022 0:00;2;557;Persona;10;16300;18500;4;2
2455;21/05/2022 0:00;1;100;Persona;97;17500;19700;3;6
2456;21/05/2022 0:00;1;248;Persona;96;17200;22000;3;6
2457;21/05/2022 0:00;1;1153;Persona;12;17400;22200;3;6
2458;21/05/2022 0:00;1;786;Persona;66;18400;22200;3;6
2459;21/05/2022 0:00;1;1047;Persona;27;17400;22300;3;6
2460;21/05/2022 0:00;1;127;Persona;34;17500;22600;3;6
2461;21/05/2022 0:00;1;1170;Persona;176;17600;22700;3;6
2462;21/05/2022 0:00;3;795;Persona;35;18000;19800;4;1
2463;21/05/2022 0:00;3;493;Persona;37;17600;19000;4;1
2464;21/05/2022 0:00;3;339;Persona;179;17500;19200;4;1
2465;21/05/2022 0:00;3;501;Persona;101;17500;21200;4;1
2466;21/05/2022 0:00;2;891;Persona;87;18000;19400;2;11
2467;21/05/2022 0:00;2;815;Persona;170;17400;21000;2;11
2468;21/05/2022 0:00;2;794;Persona;10;16300;19000;2;11
2469;21/05/2022 0:00;2;1057;Persona;101;17500;22400;2;11
2470;21/05/2022 0:00;2;392;Persona;114;17800;23100;4;7
2471;21/05/2022 0:00;2;105;Persona;3;17000;20000;4;7
2472;21/05/2022 0:00;2;868;Persona;152;16600;21000;4;7
2473;21/05/2022 0:00;2;395;Persona;57;17700;18600;4;7
2474;21/05/2022 0:00;2;173;Persona;19;17000;19100;1;9
2475;21/05/2022 0:00;2;113;Persona;147;17300;18500;1;9
2476;21/05/2022 0:00;2;884;Persona;87;18000;22500;1;9
2477;21/05/2022 0:00;2;12;Persona;110;17200;18200;1;9
2478;21/05/2022 0:00;4;434;Persona;11;17300;20200;2;11
2479;21/05/2022 0:00;4;337;Persona;118;18000;20200;2;11
2480;21/05/2022 0:00;4;68;Persona;142;17200;19900;2;11
2481;21/05/2022 0:00;4;1112;Persona;142;17200;22300;2;11
2482;21/05/2022 0:00;4;1037;Empresa;55;17800;22300;2;11
2483;21/05/2022 0:00;4;668;Empresa;134;18000;22100;2;11
2484;21/05/2022 0:00;4;410;Empresa;116;17700;20800;2;11
2485;21/05/2022 0:00;4;420;Empresa;174;17400;22500;2;11
2486;21/05/2022 0:00;1;575;Persona;137;17800;21600;4;7
2487;21/05/2022 0:00;1;189;Persona;84;18500;23400;4;7
2488;21/05/2022 0:00;1;864;Persona;86;17000;19300;4;7
2489;21/05/2022 0:00;1;438;Persona;126;18100;20900;4;7
2490;21/05/2022 0:00;3;700;Persona;18;17500;20000;2;8
2491;21/05/2022 0:00;3;547;Persona;87;18000;22100;2;8
2492;21/05/2022 0:00;3;766;Persona;23;17100;19100;2;8
2493;22/05/2022 0:00;3;792;Persona;119;17300;20500;4;10
2494;22/05/2022 0:00;3;750;Persona;93;16800;18600;4;10
2495;22/05/2022 0:00;3;405;Persona;146;17100;22000;4;10
2496;22/05/2022 0:00;1;595;Empresa;8;18300;23700;4;3
2497;22/05/2022 0:00;1;130;Empresa;170;17400;20000;4;3
2498;22/05/2022 0:00;1;783;Empresa;60;17300;21800;4;3
2499;22/05/2022 0:00;1;725;Empresa;96;17200;18900;4;3
2500;22/05/2022 0:00;2;509;Empresa;132;17200;20900;3;6
2501;22/05/2022 0:00;2;625;Empresa;87;18000;20800;3;6
2502;22/05/2022 0:00;2;390;Empresa;78;17200;18500;3;6
2503;22/05/2022 0:00;2;911;Empresa;152;16600;21100;3;6
2504;22/05/2022 0:00;4;521;Persona;176;17600;19000;2;8
2505;22/05/2022 0:00;4;277;Persona;23;17100;21100;2;8
2506;22/05/2022 0:00;4;950;Persona;63;17400;22100;2;8
2507;22/05/2022 0:00;4;978;Persona;59;18100;21400;2;8
2508;22/05/2022 0:00;4;270;Persona;21;18000;20400;2;8
2509;22/05/2022 0:00;4;367;Persona;75;17000;21700;2;8
2510;22/05/2022 0:00;2;803;Persona;72;17800;21700;2;8
2511;22/05/2022 0:00;2;1020;Persona;164;16800;20900;2;8
2512;23/05/2022 0:00;2;1097;Persona;18;17500;19100;2;8
2513;23/05/2022 0:00;2;409;Persona;85;17600;19800;2;8
2514;23/05/2022 0:00;4;856;Persona;105;18200;20000;4;2
2515;23/05/2022 0:00;4;5;Persona;48;17100;22000;4;2
2516;23/05/2022 0:00;4;250;Persona;149;17600;19900;4;2
2517;23/05/2022 0:00;4;467;Persona;60;17300;21400;4;2
2518;23/05/2022 0:00;4;171;Persona;123;18200;20800;4;7
2519;23/05/2022 0:00;4;3;Persona;127;17900;21600;4;7
2520;23/05/2022 0:00;4;1155;Persona;69;17800;20800;4;7
2521;23/05/2022 0:00;4;258;Persona;61;17600;19300;4;1
2522;23/05/2022 0:00;4;639;Persona;121;17100;18700;4;1
2523;23/05/2022 0:00;4;949;Persona;174;17400;21900;4;1
2524;23/05/2022 0:00;4;892;Persona;65;17100;18400;4;1
2525;23/05/2022 0:00;2;675;Persona;85;17600;19000;4;3
2526;23/05/2022 0:00;2;24;Persona;77;17300;20400;4;3
2527;23/05/2022 0:00;2;1016;Persona;151;17200;19800;4;3
2528;23/05/2022 0:00;2;39;Persona;140;17300;21000;4;3
2529;23/05/2022 0:00;2;966;Empresa;75;17000;19700;4;12
2530;23/05/2022 0:00;2;141;Empresa;118;18000;20500;4;12
2531;23/05/2022 0:00;2;503;Empresa;78;17200;18200;4;12
2532;24/05/2022 0:00;2;797;Empresa;167;18200;21100;4;12
2533;24/05/2022 0:00;1;1122;Persona;103;18000;20100;3;6
2534;24/05/2022 0:00;1;492;Persona;83;17300;21600;3;6
2535;24/05/2022 0:00;1;396;Persona;142;17200;21500;3;6
2536;24/05/2022 0:00;1;869;Persona;141;18800;21500;3;6
2537;24/05/2022 0:00;3;1070;Persona;11;17300;19300;2;8
2538;24/05/2022 0:00;3;772;Persona;50;16300;20200;2;8
2539;24/05/2022 0:00;3;832;Persona;69;17800;20300;2;8
2540;24/05/2022 0:00;3;892;Persona;163;17800;21000;2;8
2541;24/05/2022 0:00;3;1055;Persona;74;18100;22900;4;7
2542;24/05/2022 0:00;3;146;Persona;179;17500;21600;4;7
2543;24/05/2022 0:00;3;366;Persona;172;17700;22500;4;7
2544;24/05/2022 0:00;3;870;Persona;102;17800;23100;4;7
2545;24/05/2022 0:00;3;765;Persona;155;18000;19400;2;8
2546;24/05/2022 0:00;3;1104;Persona;43;18400;19500;2;8
2547;25/05/2022 0:00;3;928;Persona;66;18400;23300;2;8
2548;25/05/2022 0:00;3;736;Persona;94;17500;20800;2;8
2549;25/05/2022 0:00;2;700;Persona;101;17500;20200;4;2
2550;25/05/2022 0:00;2;1177;Persona;153;17200;20200;4;2
2551;25/05/2022 0:00;2;531;Persona;79;17700;20500;4;2
2552;25/05/2022 0:00;2;1023;Persona;150;17600;22200;4;2
2553;25/05/2022 0:00;2;487;Empresa;55;17800;21900;4;7
2554;25/05/2022 0:00;2;1122;Empresa;23;17100;17900;4;7
2555;25/05/2022 0:00;2;639;Empresa;63;17400;18600;4;7
2556;25/05/2022 0:00;2;438;Empresa;148;17000;18300;4;7
2557;25/05/2022 0:00;1;932;Persona;119;17300;18600;4;2
2558;25/05/2022 0:00;1;511;Persona;105;18200;20000;4;2
2559;25/05/2022 0:00;1;307;Persona;43;18400;19700;4;2
2560;25/05/2022 0:00;1;790;Persona;159;17400;22400;4;2
2561;25/05/2022 0:00;1;326;Persona;175;17800;18900;3;6
2562;25/05/2022 0:00;1;870;Persona;168;17500;18600;3;6
2563;25/05/2022 0:00;1;174;Persona;36;17600;19200;3;6
2564;25/05/2022 0:00;1;1113;Persona;112;17500;20300;3;6
2565;25/05/2022 0:00;4;283;Empresa;40;17000;19500;4;5
2566;26/05/2022 0:00;4;815;Empresa;72;17800;21900;4;5
2567;26/05/2022 0:00;4;602;Empresa;57;17700;20200;4;5
2568;26/05/2022 0:00;4;291;Empresa;97;17500;19600;4;5
2569;26/05/2022 0:00;2;658;Persona;14;16800;21100;4;12
2570;26/05/2022 0:00;2;349;Persona;11;17300;22200;4;12
2571;26/05/2022 0:00;2;719;Persona;65;17100;19700;4;12
2572;26/05/2022 0:00;2;218;Persona;121;17100;19200;4;12
2573;26/05/2022 0:00;2;777;Persona;107;17300;19600;4;2
2574;26/05/2022 0:00;2;508;Persona;63;17400;20500;4;2
2575;26/05/2022 0:00;2;158;Persona;35;18000;20200;4;2
2576;26/05/2022 0:00;2;632;Persona;60;17300;20700;4;2
2577;26/05/2022 0:00;2;371;Persona;175;17800;19900;4;1
2578;27/05/2022 0:00;2;654;Persona;102;17800;22300;4;1
2579;27/05/2022 0:00;2;1093;Persona;36;17600;22100;4;1
2580;27/05/2022 0:00;2;979;Persona;136;17600;20000;4;1
2581;27/05/2022 0:00;2;490;Persona;146;17100;20700;4;1
2582;27/05/2022 0:00;2;1071;Persona;146;17100;19900;4;1
2583;27/05/2022 0:00;2;834;Persona;77;17300;21800;4;1
2584;27/05/2022 0:00;2;850;Persona;131;17000;20900;4;1
2585;27/05/2022 0:00;2;389;Empresa;127;17900;22600;2;8
2586;27/05/2022 0:00;2;561;Empresa;96;17200;21700;2;8
2587;27/05/2022 0:00;2;955;Empresa;173;17500;22400;2;8
2588;27/05/2022 0:00;2;844;Empresa;153;17200;22300;2;8
2589;27/05/2022 0:00;1;198;Persona;67;17700;20600;2;11
2590;27/05/2022 0:00;1;494;Persona;158;17400;22300;2;11
2591;27/05/2022 0:00;1;598;Persona;138;17400;21200;2;11
2592;27/05/2022 0:00;1;961;Persona;98;18000;21200;2;11
2593;27/05/2022 0:00;2;1125;Persona;125;17300;18900;4;3
2594;27/05/2022 0:00;2;542;Persona;171;16800;19400;4;3
2595;27/05/2022 0:00;2;471;Persona;143;17700;22900;4;3
2596;27/05/2022 0:00;4;369;Persona;131;17000;20500;1;4
2597;27/05/2022 0:00;4;906;Persona;121;17100;19400;1;4
2598;27/05/2022 0:00;4;446;Persona;38;18100;21900;1;4
2599;27/05/2022 0:00;4;271;Persona;15;17200;21300;1;4
2600;27/05/2022 0:00;4;327;Persona;113;18000;19900;3;6
2601;27/05/2022 0:00;4;1082;Persona;58;17600;18700;3;6
2602;27/05/2022 0:00;4;898;Persona;38;18100;22700;3;6
2603;27/05/2022 0:00;4;714;Persona;43;18400;22800;3;6
2604;27/05/2022 0:00;1;1149;Persona;177;16600;18700;4;10
2605;28/05/2022 0:00;1;93;Persona;128;17500;19500;4;10
2606;28/05/2022 0:00;1;116;Persona;119;17300;21800;4;10
2607;28/05/2022 0:00;1;767;Persona;178;17400;20700;4;10
2608;28/05/2022 0:00;2;827;Persona;91;18300;22600;1;9
2609;28/05/2022 0:00;2;998;Persona;60;17300;21900;1;9
2610;28/05/2022 0:00;2;491;Persona;130;17900;21500;1;9
2611;28/05/2022 0:00;2;782;Persona;91;18300;21400;1;9
2612;28/05/2022 0:00;2;71;Persona;63;17400;18700;2;8
2613;28/05/2022 0:00;2;7;Persona;170;17400;22300;2;8
2614;28/05/2022 0:00;2;392;Persona;174;17400;18500;2;8
2615;28/05/2022 0:00;2;416;Persona;109;17700;20300;2;8
2616;28/05/2022 0:00;3;849;Persona;85;17600;20200;2;11
2617;28/05/2022 0:00;3;907;Persona;21;18000;22300;2;11
2618;28/05/2022 0:00;3;378;Persona;11;17300;18800;2;11
2619;28/05/2022 0:00;3;543;Persona;113;18000;21400;2;11
2620;28/05/2022 0:00;3;794;Empresa;137;17800;19200;4;5
2621;28/05/2022 0:00;3;998;Empresa;53;16800;18100;4;5
2622;28/05/2022 0:00;3;129;Empresa;66;18400;20900;4;5
2623;28/05/2022 0:00;3;353;Empresa;49;17300;20000;4;5
2624;28/05/2022 0:00;2;427;Persona;96;17200;18500;1;4
2625;28/05/2022 0:00;2;1097;Persona;25;17500;20900;1;4
2626;28/05/2022 0:00;2;532;Persona;81;17400;21000;1;4
2627;28/05/2022 0:00;2;193;Persona;115;18400;23300;1;4
2628;28/05/2022 0:00;4;803;Persona;86;17000;20500;4;7
2629;28/05/2022 0:00;4;290;Persona;59;18100;19600;4;7
2630;28/05/2022 0:00;4;511;Persona;89;17200;21000;4;7
2631;28/05/2022 0:00;4;695;Persona;141;18800;19700;4;7
2632;28/05/2022 0:00;4;861;Persona;148;17000;17900;2;11
2633;29/05/2022 0:00;4;242;Persona;115;18400;20700;2;11
2634;29/05/2022 0:00;4;650;Persona;2;16800;18300;2;11
2635;29/05/2022 0:00;4;28;Persona;124;17500;22100;2;11
2636;29/05/2022 0:00;2;473;Persona;14;16800;18500;4;7
2637;29/05/2022 0:00;2;371;Persona;177;16600;18900;4;7
2638;29/05/2022 0:00;2;91;Persona;156;17200;18800;4;7
2639;29/05/2022 0:00;2;474;Persona;33;17100;21000;4;7
2640;29/05/2022 0:00;4;1088;Empresa;138;17400;20700;4;1
2641;29/05/2022 0:00;4;453;Empresa;84;18500;22500;4;1
2642;29/05/2022 0:00;4;969;Empresa;159;17400;19600;4;1
2643;29/05/2022 0:00;4;875;Empresa;74;18100;21300;4;1
2644;29/05/2022 0:00;4;587;Persona;115;18400;19900;4;12
2645;29/05/2022 0:00;4;208;Persona;25;17500;18900;4;12
2646;29/05/2022 0:00;4;872;Persona;6;17100;21300;4;12
2647;29/05/2022 0:00;4;891;Persona;179;17500;21100;4;12
2648;29/05/2022 0:00;3;557;Persona;116;17700;19200;4;7
2649;29/05/2022 0:00;3;786;Persona;80;17400;19000;4;7
2650;29/05/2022 0:00;3;1127;Persona;125;17300;19800;4;7
2651;29/05/2022 0:00;3;1121;Persona;7;17800;20100;4;7
2652;29/05/2022 0:00;3;108;Persona;26;17200;18800;4;3
2653;29/05/2022 0:00;3;901;Persona;73;17100;21700;4;3
2654;29/05/2022 0:00;3;751;Persona;134;18000;20500;4;3
2655;29/05/2022 0:00;3;150;Persona;20;17600;19000;4;3
2656;29/05/2022 0:00;4;851;Persona;62;17100;21300;4;7
2657;29/05/2022 0:00;4;1037;Persona;48;17100;19500;4;7
2658;29/05/2022 0:00;4;819;Persona;173;17500;21200;4;7
2659;30/05/2022 0:00;4;1098;Persona;147;17300;21700;4;7
2660;30/05/2022 0:00;4;256;Persona;160;16800;18600;1;9
2661;30/05/2022 0:00;4;914;Persona;85;17600;21900;1;9
2662;30/05/2022 0:00;4;1152;Persona;73;17100;20400;1;9
2663;30/05/2022 0:00;4;126;Persona;93;16800;18100;1;9
2664;30/05/2022 0:00;2;940;Persona;166;18200;23200;4;10
2665;30/05/2022 0:00;2;974;Persona;160;16800;18900;4;10
2666;30/05/2022 0:00;2;574;Persona;173;17500;18400;4;10
2667;30/05/2022 0:00;2;6;Persona;155;18000;22500;4;10
2668;30/05/2022 0:00;1;1043;Persona;49;17300;21000;2;8
2669;30/05/2022 0:00;1;489;Persona;140;17300;20500;2;8
2670;30/05/2022 0:00;1;659;Persona;60;17300;19300;2;8
2671;30/05/2022 0:00;1;563;Persona;111;17500;20000;2;8
2672;30/05/2022 0:00;4;187;Persona;131;17000;19800;2;11
2673;30/05/2022 0:00;4;557;Persona;61;17600;19900;2;11
2674;30/05/2022 0:00;4;1160;Persona;94;17500;20600;2;11
2675;30/05/2022 0:00;4;916;Persona;14;16800;18700;2;11
2676;30/05/2022 0:00;4;207;Persona;178;17400;20400;4;12
2677;30/05/2022 0:00;4;1166;Persona;41;17600;21200;4;12
2678;30/05/2022 0:00;4;817;Persona;4;17700;19000;4;12
2679;31/05/2022 0:00;4;768;Persona;84;18500;21500;4;12
2680;31/05/2022 0:00;4;249;Persona;141;18800;23400;4;12
2681;31/05/2022 0:00;4;429;Persona;72;17800;23100;4;12
2682;31/05/2022 0:00;4;648;Persona;9;17100;18600;4;12
2683;31/05/2022 0:00;4;472;Persona;21;18000;21900;4;12
2684;31/05/2022 0:00;4;1035;Persona;76;17700;21500;4;2
2685;31/05/2022 0:00;4;613;Persona;41;17600;19600;4;2
2686;31/05/2022 0:00;4;873;Persona;141;18800;23100;4;2
2687;31/05/2022 0:00;4;1152;Persona;33;17100;22000;4;2
2688;31/05/2022 0:00;3;206;Persona;54;17800;20000;4;1
2689;31/05/2022 0:00;3;443;Persona;11;17300;18500;4;1
2690;31/05/2022 0:00;3;262;Persona;45;17500;21200;4;1
2691;31/05/2022 0:00;3;410;Persona;158;17400;18300;4;1
2692;31/05/2022 0:00;2;226;Persona;29;17700;20800;2;11
2693;31/05/2022 0:00;2;1142;Persona;75;17000;19900;2;11
2694;31/05/2022 0:00;2;113;Persona;138;17400;21100;2;11
2695;31/05/2022 0:00;2;494;Persona;152;16600;20000;2;11
2696;31/05/2022 0:00;4;1127;Empresa;80;17400;22200;4;12
2697;31/05/2022 0:00;4;343;Empresa;67;17700;19200;4;12
2698;01/06/2022 0:00;4;756;Empresa;26;17200;20600;4;12
2699;01/06/2022 0:00;4;415;Empresa;25;17500;22200;4;12
2700;01/06/2022 0:00;2;543;Persona;14;16800;19700;4;12
2701;01/06/2022 0:00;2;69;Persona;32;17800;23100;4;12
2702;01/06/2022 0:00;2;771;Persona;106;17600;20300;4;12
2703;01/06/2022 0:00;2;1075;Persona;90;17400;22100;4;12
2704;01/06/2022 0:00;2;403;Persona;34;17500;21900;4;12
2705;01/06/2022 0:00;2;653;Persona;53;16800;18700;4;12
2706;01/06/2022 0:00;2;861;Persona;3;17000;20800;4;12
2707;01/06/2022 0:00;2;89;Persona;107;17300;20100;4;12
2708;01/06/2022 0:00;1;628;Persona;89;17200;21500;4;2
2709;01/06/2022 0:00;1;287;Persona;157;18100;22400;4;2
2710;02/06/2022 0:00;1;960;Persona;154;17300;19700;4;2
2711;02/06/2022 0:00;3;1062;Persona;173;17500;22200;2;11
2712;02/06/2022 0:00;3;408;Persona;86;17000;18800;2;11
2713;02/06/2022 0:00;3;874;Persona;162;18500;20100;2;11
2714;02/06/2022 0:00;3;450;Persona;34;17500;19900;2;11
2715;02/06/2022 0:00;2;1021;Persona;27;17400;19500;3;6
2716;02/06/2022 0:00;2;536;Persona;28;17800;22100;3;6
2717;02/06/2022 0:00;2;821;Persona;71;17800;21700;3;6
2718;02/06/2022 0:00;2;543;Persona;143;17700;19500;3;6
2719;02/06/2022 0:00;2;56;Persona;106;17600;21600;1;9
2720;02/06/2022 0:00;2;1047;Persona;130;17900;19700;1;9
2721;02/06/2022 0:00;2;901;Persona;88;17000;18700;1;9
2722;03/06/2022 0:00;2;174;Persona;69;17800;18700;1;9
2723;03/06/2022 0:00;2;744;Persona;135;17800;22400;3;6
2724;03/06/2022 0:00;2;323;Persona;133;17500;19900;3;6
2725;03/06/2022 0:00;2;1019;Persona;163;17800;19400;3;6
2726;03/06/2022 0:00;2;659;Persona;20;17600;19600;3;6
2727;03/06/2022 0:00;2;957;Persona;101;17500;18400;2;11
2728;03/06/2022 0:00;2;1169;Persona;128;17500;19000;2;11
2729;03/06/2022 0:00;2;261;Persona;109;17700;21000;2;11
2730;03/06/2022 0:00;2;115;Persona;147;17300;19800;2;11
2731;03/06/2022 0:00;1;122;Persona;131;17000;21300;4;5
2732;03/06/2022 0:00;1;1023;Persona;134;18000;23100;4;5
2733;03/06/2022 0:00;1;751;Persona;152;16600;17700;4;5
2734;03/06/2022 0:00;1;180;Persona;12;17400;19200;4;5
2735;03/06/2022 0:00;1;99;Persona;64;17200;18400;4;12
2736;03/06/2022 0:00;1;973;Persona;169;18000;20600;4;12
2737;03/06/2022 0:00;1;806;Persona;99;17500;18300;4;12
2738;03/06/2022 0:00;1;725;Persona;64;17200;19000;4;12
2739;03/06/2022 0:00;4;906;Persona;162;18500;21500;3;6
2740;03/06/2022 0:00;4;440;Persona;120;17600;19900;3;6
2741;03/06/2022 0:00;4;990;Persona;2;16800;19700;3;6
2742;03/06/2022 0:00;4;797;Persona;46;16700;21500;3;6
2743;03/06/2022 0:00;2;428;Persona;81;17400;19100;4;2
2744;04/06/2022 0:00;2;943;Persona;82;17700;22700;4;2
2745;04/06/2022 0:00;2;995;Persona;124;17500;20400;4;2
2746;04/06/2022 0:00;2;733;Persona;154;17300;19500;4;2
2747;04/06/2022 0:00;2;1018;Persona;118;18000;19500;1;9
2748;04/06/2022 0:00;2;284;Persona;52;17800;22900;1;9
2749;04/06/2022 0:00;2;871;Persona;165;16900;18100;1;9
2750;04/06/2022 0:00;2;47;Persona;51;17500;20700;1;9
2751;04/06/2022 0:00;1;15;Empresa;105;18200;21000;4;5
2752;04/06/2022 0:00;1;387;Empresa;14;16800;19600;4;5
2753;04/06/2022 0:00;1;1074;Empresa;78;17200;21900;4;5
2754;04/06/2022 0:00;1;147;Empresa;50;16300;19900;4;5
2755;04/06/2022 0:00;3;573;Persona;177;16600;20100;4;5
2756;04/06/2022 0:00;3;287;Persona;178;17400;18300;4;5
2757;04/06/2022 0:00;3;1050;Persona;132;17200;18400;4;5
2758;04/06/2022 0:00;3;877;Persona;33;17100;20200;4;5
2759;04/06/2022 0:00;3;45;Persona;98;18000;22900;4;10
2760;04/06/2022 0:00;3;162;Persona;172;17700;22400;4;10
2761;04/06/2022 0:00;3;779;Persona;129;17800;23100;4;10
2762;04/06/2022 0:00;3;497;Persona;60;17300;20900;4;10
2763;04/06/2022 0:00;2;144;Persona;65;17100;21900;2;11
2764;04/06/2022 0:00;2;383;Persona;18;17500;20800;2;11
2765;04/06/2022 0:00;2;64;Persona;88;17000;18500;2;11
2766;04/06/2022 0:00;2;869;Persona;67;17700;22700;2;11
2767;04/06/2022 0:00;2;629;Persona;114;17800;22100;2;8
2768;05/06/2022 0:00;2;590;Persona;17;18100;19100;2;8
2769;05/06/2022 0:00;2;24;Persona;160;16800;19700;2;8
2770;05/06/2022 0:00;2;628;Persona;33;17100;20800;2;8
2771;05/06/2022 0:00;2;322;Empresa;176;17600;20000;2;11
2772;05/06/2022 0:00;2;68;Empresa;124;17500;18500;2;11
2773;05/06/2022 0:00;2;230;Empresa;119;17300;21600;2;11
2774;05/06/2022 0:00;2;240;Empresa;101;17500;22400;2;11
2775;05/06/2022 0:00;2;764;Persona;14;16800;18100;4;1
2776;05/06/2022 0:00;2;765;Persona;124;17500;19100;4;1
2777;05/06/2022 0:00;2;949;Persona;112;17500;20400;4;1
2778;05/06/2022 0:00;2;986;Persona;115;18400;19800;4;1
2779;05/06/2022 0:00;2;777;Persona;27;17400;18600;4;7
2780;05/06/2022 0:00;2;598;Persona;160;16800;21700;4;7
2781;05/06/2022 0:00;2;1040;Persona;160;16800;20800;4;7
2782;05/06/2022 0:00;2;931;Persona;144;17200;18400;4;7
2783;05/06/2022 0:00;1;521;Persona;138;17400;21500;4;12
2784;05/06/2022 0:00;1;263;Persona;128;17500;20500;4;12
2785;05/06/2022 0:00;1;498;Persona;17;18100;20500;4;12
2786;05/06/2022 0:00;1;676;Persona;127;17900;21000;4;12
2787;05/06/2022 0:00;4;441;Persona;179;17500;19300;3;6
2788;05/06/2022 0:00;4;1079;Persona;157;18100;23300;3;6
2789;05/06/2022 0:00;4;706;Persona;164;16800;20400;3;6
2790;05/06/2022 0:00;4;183;Persona;1;16800;17800;3;6
2791;05/06/2022 0:00;4;314;Persona;76;17700;21400;4;2
2792;05/06/2022 0:00;4;403;Persona;9;17100;19300;4;2
2793;05/06/2022 0:00;4;378;Persona;89;17200;20300;4;2
2794;06/06/2022 0:00;4;449;Persona;66;18400;23600;4;2
2795;06/06/2022 0:00;1;983;Persona;29;17700;20400;4;3
2796;06/06/2022 0:00;1;240;Persona;117;16800;20700;4;3
2797;06/06/2022 0:00;1;811;Persona;115;18400;23800;4;3
2798;06/06/2022 0:00;1;549;Persona;105;18200;19300;4;3
2799;06/06/2022 0:00;3;107;Persona;93;16800;17900;2;11
2800;06/06/2022 0:00;3;1054;Persona;141;18800;21500;2;11
2801;06/06/2022 0:00;3;380;Persona;177;16600;20000;2;11
2802;06/06/2022 0:00;3;520;Persona;61;17600;19700;2;11
2803;06/06/2022 0:00;3;173;Persona;148;17000;20900;4;1
2804;06/06/2022 0:00;3;1031;Persona;97;17500;20200;4;1
2805;06/06/2022 0:00;3;938;Persona;9;17100;19000;4;1
2806;07/06/2022 0:00;1;878;Persona;32;17800;20500;4;1
2807;07/06/2022 0:00;1;736;Persona;52;17800;21600;4;1
2808;07/06/2022 0:00;1;825;Persona;107;17300;18100;4;1
2809;07/06/2022 0:00;1;262;Persona;78;17200;19300;4;1
2810;07/06/2022 0:00;4;1169;Persona;166;18200;22300;1;4
2811;07/06/2022 0:00;4;845;Persona;4;17700;20500;1;4
2812;07/06/2022 0:00;4;1066;Persona;152;16600;17500;1;4
2813;07/06/2022 0:00;4;726;Persona;89;17200;20400;1;4
2814;07/06/2022 0:00;2;886;Persona;86;17000;20100;4;1
2815;07/06/2022 0:00;2;1028;Persona;35;18000;19100;4;1
2816;07/06/2022 0:00;2;411;Persona;7;17800;20100;4;1
2817;07/06/2022 0:00;2;293;Persona;127;17900;20000;4;1
2818;08/06/2022 0:00;2;494;Persona;174;17400;20800;4;1
2819;08/06/2022 0:00;2;285;Persona;101;17500;20500;4;1
2820;08/06/2022 0:00;2;33;Persona;127;17900;21700;4;1
2821;08/06/2022 0:00;2;609;Persona;76;17700;21600;4;1
2822;08/06/2022 0:00;2;882;Persona;35;18000;20200;4;12
2823;08/06/2022 0:00;2;1028;Persona;41;17600;20800;4;12
2824;08/06/2022 0:00;2;754;Persona;40;17000;19100;4;12
2825;08/06/2022 0:00;2;677;Persona;87;18000;21200;4;12
2826;08/06/2022 0:00;4;741;Persona;168;17500;18900;4;3
2827;08/06/2022 0:00;4;484;Persona;169;18000;19300;4;3
2828;08/06/2022 0:00;4;1157;Persona;174;17400;22600;4;3
2829;08/06/2022 0:00;4;915;Persona;9;17100;19000;4;3
2830;08/06/2022 0:00;1;724;Persona;160;16800;20800;4;1
2831;08/06/2022 0:00;1;563;Persona;135;17800;19500;4;1
2832;08/06/2022 0:00;1;284;Persona;85;17600;19900;4;1
2833;08/06/2022 0:00;1;6;Persona;178;17400;19900;4;1
2834;08/06/2022 0:00;4;378;Empresa;68;17300;21400;4;1
2835;08/06/2022 0:00;4;794;Empresa;175;17800;22000;4;1
2836;08/06/2022 0:00;4;562;Empresa;87;18000;22000;4;1
2837;08/06/2022 0:00;4;898;Empresa;80;17400;18300;4;1
2838;08/06/2022 0:00;4;159;Persona;22;18000;23100;3;6
2839;08/06/2022 0:00;4;203;Persona;99;17500;19200;3;6
2840;08/06/2022 0:00;4;1074;Persona;145;17400;21900;3;6
2841;08/06/2022 0:00;4;909;Persona;36;17600;20400;3;6
2842;08/06/2022 0:00;2;1107;Persona;149;17600;19500;4;7
2843;08/06/2022 0:00;2;871;Persona;155;18000;19100;4;7
2844;08/06/2022 0:00;2;981;Persona;9;17100;21500;4;7
2845;08/06/2022 0:00;2;911;Persona;177;16600;19400;4;7
2846;08/06/2022 0:00;2;968;Persona;25;17500;22100;4;1
2847;08/06/2022 0:00;2;885;Persona;141;18800;20700;4;1
2848;08/06/2022 0:00;2;718;Persona;146;17100;18800;4;1
2849;08/06/2022 0:00;2;641;Persona;122;17000;18800;4;1
2850;08/06/2022 0:00;1;1157;Persona;175;17800;22900;4;10
2851;08/06/2022 0:00;1;475;Persona;37;17600;19800;4;10
2852;09/06/2022 0:00;1;766;Persona;68;17300;18500;4;10
2853;09/06/2022 0:00;1;372;Persona;93;16800;21100;4;10
2854;09/06/2022 0:00;3;467;Empresa;42;17600;20600;4;7
2855;09/06/2022 0:00;3;8;Empresa;77;17300;18400;4;7
2856;09/06/2022 0:00;3;384;Empresa;81;17400;21700;4;7
2857;09/06/2022 0:00;3;502;Empresa;152;16600;18100;4;7
2858;09/06/2022 0:00;2;482;Persona;91;18300;22300;4;10
2859;09/06/2022 0:00;2;674;Persona;62;17100;18700;4;10
2860;09/06/2022 0:00;2;1116;Persona;119;17300;22100;4;10
2861;09/06/2022 0:00;2;737;Persona;53;16800;17800;4;10
2862;09/06/2022 0:00;3;491;Persona;176;17600;20400;4;3
2863;09/06/2022 0:00;3;486;Persona;17;18100;21500;4;3
2864;09/06/2022 0:00;3;1078;Persona;179;17500;20300;4;3
2865;09/06/2022 0:00;3;589;Persona;153;17200;20600;4;3
2866;09/06/2022 0:00;1;859;Persona;49;17300;20900;4;10
2867;09/06/2022 0:00;1;117;Persona;9;17100;18100;4;10
2868;10/06/2022 0:00;1;526;Persona;133;17500;21700;4;10
2869;10/06/2022 0:00;1;1048;Persona;40;17000;19900;4;10
2870;10/06/2022 0:00;1;927;Persona;112;17500;19900;4;12
2871;10/06/2022 0:00;1;1003;Persona;85;17600;22200;4;12
2872;10/06/2022 0:00;1;941;Persona;179;17500;19900;4;12
2873;10/06/2022 0:00;1;1090;Persona;13;17300;18400;4;12
2874;10/06/2022 0:00;1;688;Persona;158;17400;20700;1;9
2875;10/06/2022 0:00;1;1140;Persona;140;17300;20100;1;9
2876;10/06/2022 0:00;1;1142;Persona;131;17000;19400;1;9
2877;10/06/2022 0:00;1;777;Persona;43;18400;20800;1;9
2878;10/06/2022 0:00;4;151;Persona;74;18100;22100;4;1
2879;10/06/2022 0:00;4;707;Persona;62;17100;20300;4;1
2880;10/06/2022 0:00;4;847;Persona;174;17400;19200;4;1
2881;10/06/2022 0:00;4;882;Persona;51;17500;18800;4;1
2882;10/06/2022 0:00;3;789;Empresa;47;17300;20700;2;8
2883;10/06/2022 0:00;3;603;Empresa;55;17800;19100;2;8
2884;11/06/2022 0:00;3;460;Empresa;2;16800;21500;2;8
2885;11/06/2022 0:00;3;488;Empresa;85;17600;20700;2;8
2886;11/06/2022 0:00;3;641;Persona;61;17600;19800;4;12
2887;11/06/2022 0:00;3;123;Persona;13;17300;20100;4;12
2888;11/06/2022 0:00;3;684;Persona;72;17800;21600;4;12
2889;11/06/2022 0:00;3;771;Persona;119;17300;18800;4;12
2890;11/06/2022 0:00;3;748;Persona;101;17500;19400;4;3
2891;11/06/2022 0:00;3;131;Persona;80;17400;18600;4;3
2892;11/06/2022 0:00;3;597;Persona;82;17700;19800;4;3
2893;11/06/2022 0:00;3;322;Persona;72;17800;21300;4;3
2894;11/06/2022 0:00;2;183;Empresa;37;17600;21200;3;6
2895;11/06/2022 0:00;2;72;Empresa;89;17200;19500;3;6
2896;11/06/2022 0:00;2;1046;Empresa;164;16800;18100;3;6
2897;11/06/2022 0:00;2;316;Empresa;87;18000;22700;3;6
2898;11/06/2022 0:00;2;580;Empresa;95;17700;21900;4;10
2899;11/06/2022 0:00;2;342;Empresa;83;17300;19100;4;10
2900;11/06/2022 0:00;2;1009;Empresa;107;17300;19500;4;10
2901;11/06/2022 0:00;2;833;Empresa;177;16600;20600;4;10
2902;11/06/2022 0:00;2;482;Persona;67;17700;19400;4;3
2903;11/06/2022 0:00;2;1028;Persona;80;17400;18700;4;3
2904;11/06/2022 0:00;2;873;Persona;111;17500;22400;4;3
2905;12/06/2022 0:00;1;761;Empresa;12;17400;21800;1;9
2906;12/06/2022 0:00;1;51;Empresa;175;17800;22400;1;9
2907;12/06/2022 0:00;1;1015;Empresa;19;17000;20400;1;9
2908;12/06/2022 0:00;1;177;Empresa;18;17500;21400;1;9
2909;12/06/2022 0:00;1;450;Persona;33;17100;19200;4;5
2910;12/06/2022 0:00;1;1096;Persona;121;17100;21900;4;5
2911;12/06/2022 0:00;1;891;Persona;80;17400;22400;4;5
2912;12/06/2022 0:00;1;439;Persona;18;17500;21200;4;5
2913;12/06/2022 0:00;1;22;Persona;156;17200;20800;4;2
2914;12/06/2022 0:00;1;563;Persona;69;17800;18700;4;2
2915;12/06/2022 0:00;1;566;Persona;67;17700;20400;4;2
2916;12/06/2022 0:00;1;837;Persona;169;18000;20100;4;2
2917;12/06/2022 0:00;3;35;Persona;178;17400;18600;4;5
2918;12/06/2022 0:00;3;258;Persona;97;17500;19600;4;5
2919;12/06/2022 0:00;3;516;Persona;20;17600;18500;4;5
2920;12/06/2022 0:00;3;45;Persona;135;17800;20400;4;5
2921;12/06/2022 0:00;3;709;Persona;92;17500;21400;4;3
2922;12/06/2022 0:00;3;710;Persona;98;18000;19200;4;3
2923;12/06/2022 0:00;3;170;Persona;13;17300;20100;4;3
2924;12/06/2022 0:00;3;1172;Persona;48;17100;17900;4;3
2925;12/06/2022 0:00;2;521;Persona;138;17400;21400;2;8
2926;12/06/2022 0:00;2;827;Persona;114;17800;20200;2;8
2927;12/06/2022 0:00;2;1022;Persona;138;17400;19800;2;8
2928;12/06/2022 0:00;2;980;Persona;7;17800;22000;2;8
2929;12/06/2022 0:00;4;1169;Persona;108;18300;20000;1;4
2930;12/06/2022 0:00;4;1044;Persona;47;17300;19000;1;4
2931;13/06/2022 0:00;4;588;Persona;109;17700;20400;1;4
2932;13/06/2022 0:00;4;639;Persona;34;17500;22300;1;4
2933;13/06/2022 0:00;2;708;Persona;168;17500;22300;4;7
2934;13/06/2022 0:00;2;1135;Persona;119;17300;19300;4;7
2935;13/06/2022 0:00;2;1107;Persona;98;18000;19300;4;7
2936;13/06/2022 0:00;2;45;Persona;120;17600;18900;4;7
2937;13/06/2022 0:00;2;444;Persona;101;17500;18600;4;7
2938;13/06/2022 0:00;2;830;Persona;166;18200;19800;4;7
2939;13/06/2022 0:00;2;1065;Persona;97;17500;21500;4;7
2940;13/06/2022 0:00;2;20;Persona;139;17100;21000;4;7
2941;13/06/2022 0:00;3;995;Persona;30;17400;21500;1;9
2942;14/06/2022 0:00;3;360;Persona;105;18200;20100;1;9
2943;14/06/2022 0:00;3;1169;Persona;117;16800;20900;1;9
2944;14/06/2022 0:00;3;122;Persona;69;17800;20300;1;9
2945;14/06/2022 0:00;1;274;Persona;154;17300;21900;4;7
2946;14/06/2022 0:00;1;481;Persona;176;17600;21900;4;7
2947;14/06/2022 0:00;1;5;Persona;72;17800;20500;4;7
2948;14/06/2022 0:00;1;932;Persona;2;16800;20700;4;1
2949;14/06/2022 0:00;1;514;Persona;86;17000;19200;4;1
2950;14/06/2022 0:00;1;543;Persona;5;17200;18600;4;1
2951;14/06/2022 0:00;1;584;Persona;107;17300;19300;4;1
2952;14/06/2022 0:00;4;1075;Persona;60;17300;19800;2;11
2953;14/06/2022 0:00;4;372;Persona;153;17200;20200;2;11
2954;14/06/2022 0:00;3;1166;Persona;131;17000;20500;2;8
2955;14/06/2022 0:00;3;155;Persona;70;17300;20000;2;8
2956;14/06/2022 0:00;3;955;Persona;117;16800;17700;2;8
2957;14/06/2022 0:00;3;838;Persona;109;17700;20800;2;8
2958;14/06/2022 0:00;3;72;Persona;66;18400;21500;4;3
2959;14/06/2022 0:00;3;712;Persona;31;16500;20100;4;3
2960;14/06/2022 0:00;3;471;Persona;21;18000;19100;4;3
2961;14/06/2022 0:00;3;793;Persona;26;17200;19100;4;3
2962;14/06/2022 0:00;4;296;Persona;21;18000;18900;4;2
2963;14/06/2022 0:00;4;37;Persona;139;17100;20100;4;2
2964;14/06/2022 0:00;4;694;Persona;100;18100;22500;4;2
2965;14/06/2022 0:00;4;1104;Persona;145;17400;18400;4;7
2966;14/06/2022 0:00;4;1177;Persona;23;17100;19700;4;7
2967;14/06/2022 0:00;4;42;Persona;159;17400;21700;4;7
2968;14/06/2022 0:00;4;714;Persona;45;17500;19700;4;7
2969;14/06/2022 0:00;2;52;Persona;2;16800;21400;4;12
2970;15/06/2022 0:00;2;73;Persona;44;17900;21500;4;12
2971;15/06/2022 0:00;2;158;Persona;164;16800;19100;4;12
2972;15/06/2022 0:00;2;378;Persona;68;17300;21800;4;12
2973;15/06/2022 0:00;2;253;Persona;37;17600;21900;1;9
2974;15/06/2022 0:00;2;285;Persona;12;17400;20300;1;9
2975;15/06/2022 0:00;2;538;Persona;165;16900;18100;1;9
2976;15/06/2022 0:00;2;154;Persona;152;16600;19000;1;9
2977;15/06/2022 0:00;2;267;Persona;53;16800;20400;4;12
2978;15/06/2022 0:00;2;1123;Persona;12;17400;19900;4;12
2979;15/06/2022 0:00;2;284;Persona;149;17600;22600;4;12
2980;15/06/2022 0:00;2;224;Persona;28;17800;22200;4;12
2981;16/06/2022 0:00;3;1007;Persona;156;17200;20800;4;12
2982;16/06/2022 0:00;3;1081;Persona;43;18400;19900;4;12
2983;16/06/2022 0:00;3;731;Persona;162;18500;20400;4;12
2984;16/06/2022 0:00;3;644;Persona;179;17500;21400;4;12
2985;16/06/2022 0:00;1;1028;Persona;175;17800;20000;4;3
2986;16/06/2022 0:00;1;873;Persona;113;18000;20400;4;3
2987;16/06/2022 0:00;1;217;Persona;145;17400;19100;4;3
2988;16/06/2022 0:00;1;458;Persona;159;17400;20300;4;3
2989;16/06/2022 0:00;3;694;Persona;23;17100;21000;4;2
2990;16/06/2022 0:00;3;305;Persona;105;18200;21700;4;2
2991;16/06/2022 0:00;3;418;Persona;160;16800;21600;4;2
2992;16/06/2022 0:00;4;1092;Persona;122;17000;21500;1;9
2993;16/06/2022 0:00;4;735;Persona;158;17400;21200;1;9
2994;16/06/2022 0:00;4;747;Persona;155;18000;21600;1;9
2995;16/06/2022 0:00;4;1076;Persona;163;17800;22300;1;9
2996;16/06/2022 0:00;3;277;Persona;170;17400;22200;4;5
2997;16/06/2022 0:00;3;144;Persona;61;17600;19500;4;5
2998;16/06/2022 0:00;3;537;Persona;166;18200;22900;4;5
2999;16/06/2022 0:00;3;662;Persona;22;18000;20800;4;5
3000;16/06/2022 0:00;1;613;Persona;170;17400;22400;4;2
3001;16/06/2022 0:00;1;410;Persona;93;16800;18400;4;2
3002;16/06/2022 0:00;1;734;Persona;101;17500;20800;4;2
3003;16/06/2022 0:00;1;625;Persona;5;17200;21600;4;2
3004;16/06/2022 0:00;3;789;Persona;91;18300;19800;4;1
3005;16/06/2022 0:00;3;811;Persona;153;17200;20300;4;1
3006;16/06/2022 0:00;3;528;Persona;131;17000;19800;4;1
3007;16/06/2022 0:00;3;240;Persona;44;17900;19100;4;1
3008;16/06/2022 0:00;3;189;Persona;15;17200;20100;2;8
3009;17/06/2022 0:00;3;303;Persona;114;17800;19700;2;8
3010;17/06/2022 0:00;3;417;Persona;87;18000;19600;2;8
3011;17/06/2022 0:00;3;1109;Persona;9;17100;22000;2;8
3012;17/06/2022 0:00;1;944;Persona;64;17200;19300;4;3
3013;17/06/2022 0:00;1;941;Persona;120;17600;20300;4;3
3014;17/06/2022 0:00;1;317;Persona;164;16800;19200;4;3
3015;17/06/2022 0:00;1;182;Persona;120;17600;22700;4;3
3016;17/06/2022 0:00;2;846;Persona;62;17100;20100;4;5
3017;17/06/2022 0:00;2;471;Persona;148;17000;19100;4;5
3018;17/06/2022 0:00;2;352;Persona;40;17000;19900;4;5
3019;17/06/2022 0:00;2;223;Persona;149;17600;21200;4;5
3020;17/06/2022 0:00;2;895;Persona;173;17500;20000;3;6
3021;17/06/2022 0:00;2;1022;Persona;13;17300;19000;3;6
3022;17/06/2022 0:00;2;1099;Persona;94;17500;20800;3;6
3023;17/06/2022 0:00;2;92;Persona;15;17200;21000;3;6
3024;18/06/2022 0:00;4;1085;Persona;159;17400;22500;4;3
3025;18/06/2022 0:00;4;574;Persona;162;18500;21300;4;3
3026;18/06/2022 0:00;4;1011;Persona;125;17300;19900;4;3
3027;18/06/2022 0:00;4;280;Persona;103;18000;19200;4;3
3028;18/06/2022 0:00;2;900;Persona;58;17600;20000;2;11
3029;18/06/2022 0:00;2;79;Persona;48;17100;21800;2;11
3030;18/06/2022 0:00;2;7;Persona;108;18300;21300;2;11
3031;18/06/2022 0:00;2;104;Persona;109;17700;20000;2;11
3032;19/06/2022 0:00;1;597;Persona;138;17400;22200;4;10
3033;19/06/2022 0:00;1;1155;Persona;13;17300;21000;4;10
3034;19/06/2022 0:00;1;710;Persona;116;17700;20700;4;10
3035;19/06/2022 0:00;1;592;Persona;169;18000;20500;4;10
3036;19/06/2022 0:00;3;395;Persona;20;17600;21600;2;11
3037;19/06/2022 0:00;3;1153;Persona;63;17400;22000;2;11
3038;19/06/2022 0:00;3;650;Persona;101;17500;20800;2;11
3039;19/06/2022 0:00;3;532;Persona;48;17100;20500;2;11
3040;19/06/2022 0:00;2;312;Persona;15;17200;18400;4;3
3041;19/06/2022 0:00;2;685;Persona;113;18000;22900;4;3
3042;19/06/2022 0:00;2;1081;Persona;47;17300;19000;4;3
3043;19/06/2022 0:00;2;298;Persona;52;17800;22300;4;3
3044;20/06/2022 0:00;2;930;Persona;144;17200;19800;4;5
3045;20/06/2022 0:00;2;728;Persona;120;17600;19000;4;5
3046;20/06/2022 0:00;2;290;Persona;147;17300;21600;4;5
3047;20/06/2022 0:00;2;1032;Persona;124;17500;18900;4;5
3048;20/06/2022 0:00;2;873;Persona;106;17600;19300;1;4
3049;20/06/2022 0:00;2;620;Persona;107;17300;19600;1;4
3050;20/06/2022 0:00;2;79;Persona;53;16800;21000;1;4
3051;20/06/2022 0:00;2;653;Persona;28;17800;20900;1;4
3052;20/06/2022 0:00;4;305;Persona;159;17400;22300;1;9
3053;20/06/2022 0:00;4;505;Persona;60;17300;21800;1;9
3054;20/06/2022 0:00;4;85;Persona;47;17300;18900;1;9
3055;20/06/2022 0:00;4;92;Persona;104;17400;19500;1;9
3056;20/06/2022 0:00;1;1012;Persona;149;17600;21500;4;5
3057;20/06/2022 0:00;1;546;Persona;147;17300;21700;4;5
3058;20/06/2022 0:00;1;630;Persona;74;18100;21900;4;5
3059;20/06/2022 0:00;1;1012;Persona;51;17500;20400;4;5
3060;20/06/2022 0:00;1;182;Persona;66;18400;21100;4;1
3061;20/06/2022 0:00;1;41;Persona;175;17800;20900;4;1
3062;20/06/2022 0:00;1;109;Persona;119;17300;22200;4;1
3063;20/06/2022 0:00;1;297;Persona;31;16500;18500;4;1
3064;21/06/2022 0:00;1;372;Persona;31;16500;18300;3;6
3065;21/06/2022 0:00;1;779;Persona;145;17400;20300;3;6
3066;21/06/2022 0:00;1;997;Persona;61;17600;21300;3;6
3067;21/06/2022 0:00;1;803;Persona;21;18000;22200;3;6
3068;21/06/2022 0:00;2;355;Persona;56;17400;20000;4;3
3069;21/06/2022 0:00;2;224;Persona;11;17300;21900;4;3
3070;21/06/2022 0:00;2;193;Persona;120;17600;21900;4;3
3071;21/06/2022 0:00;2;823;Persona;77;17300;21000;2;11
3072;21/06/2022 0:00;2;451;Persona;136;17600;20100;2;11
3073;21/06/2022 0:00;2;719;Persona;86;17000;19800;2;11
3074;21/06/2022 0:00;2;512;Persona;135;17800;20500;2;11
3075;22/06/2022 0:00;3;606;Persona;47;17300;19400;3;6
3076;22/06/2022 0:00;3;836;Persona;124;17500;22000;3;6
3077;22/06/2022 0:00;3;755;Persona;33;17100;19100;3;6
3078;22/06/2022 0:00;3;961;Persona;73;17100;20500;3;6
3079;22/06/2022 0:00;4;620;Persona;41;17600;22300;4;12
3080;22/06/2022 0:00;4;907;Persona;75;17000;18300;4;12
3081;22/06/2022 0:00;4;1164;Persona;51;17500;20600;4;12
3082;22/06/2022 0:00;4;1009;Persona;138;17400;21800;4;12
3083;22/06/2022 0:00;2;835;Persona;125;17300;20500;4;2
3084;22/06/2022 0:00;2;30;Persona;144;17200;21500;4;2
3085;22/06/2022 0:00;2;342;Persona;97;17500;19700;4;2
3086;22/06/2022 0:00;2;1105;Persona;23;17100;20300;4;2
3087;22/06/2022 0:00;2;1152;Persona;98;18000;22000;2;8
3088;22/06/2022 0:00;2;558;Persona;82;17700;21800;2;8
3089;22/06/2022 0:00;2;360;Persona;96;17200;22200;2;8
3090;22/06/2022 0:00;2;799;Persona;121;17100;18900;2;8
3091;23/06/2022 0:00;2;413;Empresa;22;18000;20400;3;6
3092;23/06/2022 0:00;2;522;Empresa;137;17800;21500;3;6
3093;23/06/2022 0:00;2;750;Empresa;73;17100;19300;3;6
3094;23/06/2022 0:00;2;109;Empresa;135;17800;22700;3;6
3095;23/06/2022 0:00;1;350;Persona;72;17800;20700;1;4
3096;23/06/2022 0:00;1;1068;Persona;156;17200;21200;1;4
3097;23/06/2022 0:00;1;616;Persona;120;17600;22000;1;4
3098;23/06/2022 0:00;1;201;Persona;34;17500;22300;1;4
3099;23/06/2022 0:00;1;149;Persona;35;18000;21800;1;9
3100;23/06/2022 0:00;1;59;Persona;82;17700;22300;1;9
3101;23/06/2022 0:00;1;1050;Persona;159;17400;21400;1;9
3102;23/06/2022 0:00;1;954;Persona;47;17300;19300;1;9
3103;23/06/2022 0:00;4;765;Empresa;135;17800;21800;1;4
3104;23/06/2022 0:00;4;109;Empresa;179;17500;21200;1;4
3105;23/06/2022 0:00;4;313;Empresa;84;18500;21900;1;4
3106;23/06/2022 0:00;4;197;Empresa;59;18100;21300;1;4
3107;23/06/2022 0:00;2;207;Persona;142;17200;21900;4;2
3108;23/06/2022 0:00;2;1122;Persona;25;17500;18400;4;2
3109;23/06/2022 0:00;2;880;Persona;69;17800;22900;4;2
3110;23/06/2022 0:00;2;198;Persona;123;18200;19800;4;2
3111;23/06/2022 0:00;2;1012;Persona;35;18000;21600;4;3
3112;23/06/2022 0:00;2;107;Persona;82;17700;22600;4;3
3113;23/06/2022 0:00;2;900;Persona;3;17000;21100;4;3
3114;23/06/2022 0:00;2;165;Persona;54;17800;22900;4;3
3115;24/06/2022 0:00;4;530;Persona;98;18000;22400;4;12
3116;24/06/2022 0:00;4;303;Persona;8;18300;22600;4;12
3117;24/06/2022 0:00;4;499;Persona;168;17500;19900;4;12
3118;24/06/2022 0:00;4;657;Persona;101;17500;22400;4;5
3119;24/06/2022 0:00;4;330;Persona;33;17100;21800;4;5
3120;24/06/2022 0:00;4;376;Persona;43;18400;20200;4;5
3121;24/06/2022 0:00;4;333;Persona;123;18200;23400;4;5
3122;24/06/2022 0:00;1;41;Persona;164;16800;18800;4;1
3123;24/06/2022 0:00;1;508;Persona;134;18000;19900;4;1
3124;24/06/2022 0:00;1;604;Persona;63;17400;19300;4;1
3125;24/06/2022 0:00;1;113;Persona;137;17800;22400;4;1
3126;24/06/2022 0:00;1;937;Persona;167;18200;19800;4;10
3127;24/06/2022 0:00;1;841;Persona;157;18100;20200;4;10
3128;24/06/2022 0:00;1;358;Persona;118;18000;19500;4;10
3129;24/06/2022 0:00;1;852;Persona;69;17800;21400;4;10
3130;25/06/2022 0:00;3;905;Persona;179;17500;22500;2;11
3131;25/06/2022 0:00;3;663;Persona;69;17800;21300;2;11
3132;25/06/2022 0:00;3;515;Persona;12;17400;22500;2;11
3133;25/06/2022 0:00;3;788;Persona;18;17500;21000;2;11
3134;25/06/2022 0:00;3;771;Persona;157;18100;20700;4;1
3135;25/06/2022 0:00;3;1090;Persona;126;18100;23400;4;1
3136;25/06/2022 0:00;3;43;Persona;57;17700;22600;4;1
3137;25/06/2022 0:00;3;707;Persona;149;17600;22100;4;1
3138;25/06/2022 0:00;1;771;Persona;115;18400;22700;1;4
3139;25/06/2022 0:00;1;505;Persona;158;17400;21900;1;4
3140;25/06/2022 0:00;1;100;Persona;153;17200;21000;1;4
3141;25/06/2022 0:00;1;1136;Persona;58;17600;21200;1;4
3142;25/06/2022 0:00;4;579;Persona;128;17500;18900;2;8
3143;25/06/2022 0:00;4;784;Persona;65;17100;19000;2;8
3144;25/06/2022 0:00;4;783;Persona;18;17500;22500;2;8
3145;26/06/2022 0:00;4;201;Persona;58;17600;21200;2;8
3146;26/06/2022 0:00;3;414;Persona;67;17700;21400;3;6
3147;26/06/2022 0:00;3;1016;Persona;107;17300;19700;3;6
3148;26/06/2022 0:00;3;760;Persona;156;17200;19200;3;6
3149;26/06/2022 0:00;3;401;Persona;22;18000;21500;3;6
3150;26/06/2022 0:00;3;759;Empresa;8;18300;21500;4;1
3151;26/06/2022 0:00;3;35;Empresa;131;17000;18700;4;1
3152;26/06/2022 0:00;3;1083;Empresa;134;18000;19800;4;1
3153;26/06/2022 0:00;3;891;Empresa;67;17700;20200;4;1
3154;26/06/2022 0:00;4;1103;Persona;100;18100;19600;1;4
3155;26/06/2022 0:00;4;701;Persona;37;17600;20800;1;4
3156;26/06/2022 0:00;4;642;Persona;86;17000;18700;1;4
3157;27/06/2022 0:00;4;1090;Persona;79;17700;18800;1;4
3158;27/06/2022 0:00;4;1036;Persona;79;17700;22700;2;11
3159;27/06/2022 0:00;4;876;Persona;5;17200;22300;2;11
3160;27/06/2022 0:00;4;1053;Persona;78;17200;19800;2;11
3161;27/06/2022 0:00;4;517;Persona;132;17200;18600;2;11
3162;27/06/2022 0:00;2;584;Persona;53;16800;18900;2;11
3163;27/06/2022 0:00;2;328;Persona;145;17400;20000;2;11
3164;27/06/2022 0:00;2;462;Persona;38;18100;20300;2;11
3165;28/06/2022 0:00;2;928;Persona;169;18000;20100;2;11
3166;28/06/2022 0:00;1;1062;Persona;89;17200;19500;2;8
3167;28/06/2022 0:00;1;674;Persona;81;17400;19400;2;8
3168;28/06/2022 0:00;1;1095;Persona;62;17100;21100;2;8
3169;28/06/2022 0:00;1;915;Persona;37;17600;21500;2;8
3170;28/06/2022 0:00;3;851;Persona;58;17600;21800;3;6
3171;28/06/2022 0:00;3;914;Persona;154;17300;19000;3;6
3172;28/06/2022 0:00;3;626;Persona;91;18300;21500;3;6
3173;28/06/2022 0:00;3;806;Persona;143;17700;21600;3;6
3174;28/06/2022 0:00;4;1151;Persona;81;17400;18500;4;1
3175;28/06/2022 0:00;4;784;Persona;62;17100;17900;4;1
3176;28/06/2022 0:00;4;490;Persona;92;17500;19900;4;1
3177;28/06/2022 0:00;4;86;Persona;173;17500;22000;4;1
3178;28/06/2022 0:00;2;620;Persona;124;17500;19600;4;12
3179;28/06/2022 0:00;2;241;Persona;6;17100;19100;4;12
3180;28/06/2022 0:00;2;787;Persona;171;16800;18600;4;12
3181;28/06/2022 0:00;2;733;Persona;16;17800;22300;4;12
3182;28/06/2022 0:00;2;947;Persona;38;18100;19700;4;7
3183;28/06/2022 0:00;2;222;Persona;142;17200;20600;4;7
3184;28/06/2022 0:00;2;301;Persona;128;17500;21500;4;7
3185;28/06/2022 0:00;2;520;Persona;19;17000;19800;4;7
3186;28/06/2022 0:00;1;1056;Persona;89;17200;19300;4;3
3187;28/06/2022 0:00;1;952;Persona;164;16800;20400;4;3
3188;29/06/2022 0:00;1;475;Persona;101;17500;22100;4;3
3189;29/06/2022 0:00;1;1070;Persona;108;18300;22600;4;3
3190;29/06/2022 0:00;1;731;Persona;39;17200;20900;1;4
3191;29/06/2022 0:00;1;812;Persona;126;18100;19700;1;4
3192;29/06/2022 0:00;1;139;Persona;166;18200;21500;1;4
3193;29/06/2022 0:00;1;238;Persona;157;18100;19600;1;4
3194;29/06/2022 0:00;1;198;Persona;20;17600;18700;3;6
3195;29/06/2022 0:00;1;936;Persona;84;18500;22400;3;6
3196;29/06/2022 0:00;1;741;Persona;56;17400;20900;3;6
3197;29/06/2022 0:00;1;356;Persona;97;17500;19200;3;6
3198;29/06/2022 0:00;1;39;Persona;151;17200;20200;4;7
3199;29/06/2022 0:00;1;408;Persona;14;16800;20300;4;7
3200;29/06/2022 0:00;1;43;Persona;165;16900;19000;4;7
3201;29/06/2022 0:00;3;946;Persona;87;18000;21900;4;3
3202;30/06/2022 0:00;3;655;Persona;19;17000;20700;4;3
3203;30/06/2022 0:00;3;291;Persona;24;17200;21100;4;3
3204;30/06/2022 0:00;3;87;Persona;51;17500;19000;2;11
3205;30/06/2022 0:00;3;695;Persona;13;17300;19400;2;11
3206;30/06/2022 0:00;3;442;Persona;33;17100;19300;2;11
3207;30/06/2022 0:00;3;928;Persona;20;17600;19300;2;11
3208;30/06/2022 0:00;3;773;Persona;85;17600;19100;2;8
3209;30/06/2022 0:00;3;1002;Persona;102;17800;19200;2;8
3210;30/06/2022 0:00;3;660;Persona;72;17800;20000;2;8
3211;30/06/2022 0:00;4;245;Persona;80;17400;19600;1;4
3212;30/06/2022 0:00;4;1142;Persona;111;17500;21500;1;4
3213;30/06/2022 0:00;4;406;Persona;73;17100;21500;1;4
3214;30/06/2022 0:00;4;482;Persona;24;17200;20900;4;3
3215;30/06/2022 0:00;4;953;Persona;95;17700;19000;4;3
3216;30/06/2022 0:00;4;150;Persona;116;17700;19800;4;3
3217;30/06/2022 0:00;4;403;Persona;26;17200;19000;4;3
3218;30/06/2022 0:00;4;676;Persona;64;17200;18900;4;12
3219;30/06/2022 0:00;4;439;Persona;160;16800;18500;4;12
3220;30/06/2022 0:00;4;95;Persona;18;17500;22600;4;12
3221;01/07/2022 0:00;4;765;Persona;110;17200;19100;4;12
3222;01/07/2022 0:00;3;206;Persona;4;17700;19600;1;9
3223;01/07/2022 0:00;3;651;Persona;103;18000;20700;1;9
3224;01/07/2022 0:00;3;199;Persona;158;17400;20100;1;9
3225;01/07/2022 0:00;3;1048;Persona;124;17500;20900;1;9
3226;01/07/2022 0:00;4;723;Persona;14;16800;21200;1;9
3227;01/07/2022 0:00;4;61;Persona;95;17700;22800;1;9
3228;01/07/2022 0:00;4;180;Persona;13;17300;19500;1;9
3229;01/07/2022 0:00;4;984;Persona;127;17900;19700;1;9
3230;01/07/2022 0:00;4;85;Persona;127;17900;22100;4;7
3231;01/07/2022 0:00;4;201;Persona;151;17200;21500;4;7
3232;01/07/2022 0:00;4;1013;Persona;135;17800;21400;4;7
3233;01/07/2022 0:00;4;147;Persona;26;17200;21700;4;7
3234;01/07/2022 0:00;2;99;Persona;170;17400;19400;2;11
3235;01/07/2022 0:00;2;973;Persona;163;17800;21200;2;11
3236;01/07/2022 0:00;2;997;Persona;159;17400;22200;2;11
3237;01/07/2022 0:00;1;68;Persona;106;17600;18400;4;1
3238;01/07/2022 0:00;1;1078;Persona;78;17200;21900;4;1
3239;01/07/2022 0:00;1;313;Persona;37;17600;20400;4;1
3240;01/07/2022 0:00;1;405;Persona;95;17700;22000;4;1
3241;01/07/2022 0:00;1;798;Persona;5;17200;19900;4;1
3242;01/07/2022 0:00;1;848;Persona;83;17300;22100;4;1
3243;01/07/2022 0:00;1;62;Persona;85;17600;22300;4;1
3244;02/07/2022 0:00;1;452;Persona;73;17100;18100;4;1
3245;02/07/2022 0:00;4;916;Persona;7;17800;20600;1;4
3246;02/07/2022 0:00;4;40;Persona;98;18000;23400;1;4
3247;02/07/2022 0:00;4;491;Persona;89;17200;20000;1;4
3248;02/07/2022 0:00;4;959;Persona;121;17100;21600;1;4
3249;02/07/2022 0:00;4;1169;Persona;85;17600;18800;4;10
3250;02/07/2022 0:00;4;103;Persona;43;18400;23500;4;10
3251;02/07/2022 0:00;4;1039;Persona;44;17900;21000;4;10
3252;02/07/2022 0:00;4;469;Persona;1;16800;21300;4;10
3253;02/07/2022 0:00;2;1155;Persona;33;17100;19700;1;4
3254;02/07/2022 0:00;2;792;Persona;44;17900;22100;1;4
3255;02/07/2022 0:00;2;1041;Persona;164;16800;20100;1;4
3256;02/07/2022 0:00;2;286;Persona;104;17400;20200;1;4
3257;02/07/2022 0:00;2;939;Persona;149;17600;20400;4;10
3258;02/07/2022 0:00;2;590;Persona;111;17500;19600;4;10
3259;02/07/2022 0:00;2;227;Persona;153;17200;22000;4;10
3260;02/07/2022 0:00;2;246;Persona;34;17500;22100;4;10
3261;02/07/2022 0:00;4;368;Persona;167;18200;20500;1;4
3262;02/07/2022 0:00;4;895;Persona;4;17700;20900;1;4
3263;02/07/2022 0:00;4;968;Persona;76;17700;18800;1;4
3264;02/07/2022 0:00;4;86;Persona;22;18000;23100;1;4
3265;02/07/2022 0:00;1;180;Persona;62;17100;18600;4;1
3266;02/07/2022 0:00;1;1151;Persona;120;17600;18600;4;1
3267;02/07/2022 0:00;1;971;Persona;3;17000;18200;4;1
3268;02/07/2022 0:00;1;144;Persona;91;18300;20600;4;1
3269;02/07/2022 0:00;3;818;Persona;51;17500;18700;2;8
3270;02/07/2022 0:00;3;352;Persona;175;17800;22600;2;8
3271;02/07/2022 0:00;3;791;Persona;148;17000;18500;2;8
3272;02/07/2022 0:00;3;459;Persona;131;17000;21300;2;8
3273;02/07/2022 0:00;3;856;Persona;107;17300;21900;2;8
3274;02/07/2022 0:00;3;1171;Persona;84;18500;22900;2;8
3275;02/07/2022 0:00;3;538;Persona;162;18500;19900;2;8
3276;02/07/2022 0:00;3;989;Persona;144;17200;19000;2;8
3277;02/07/2022 0:00;2;175;Persona;19;17000;19100;4;10
3278;03/07/2022 0:00;2;132;Persona;5;17200;20400;4;10
3279;03/07/2022 0:00;2;744;Persona;154;17300;21100;4;10
3280;03/07/2022 0:00;2;441;Persona;120;17600;19400;4;10
3281;03/07/2022 0:00;1;956;Persona;114;17800;19900;4;1
3282;03/07/2022 0:00;1;649;Persona;4;17700;22400;4;1
3283;03/07/2022 0:00;1;200;Persona;165;16900;20900;4;1
3284;03/07/2022 0:00;1;107;Persona;72;17800;20500;4;1
3285;04/07/2022 0:00;4;412;Persona;159;17400;18400;2;11
3286;04/07/2022 0:00;4;1082;Persona;125;17300;19600;2;11
3287;04/07/2022 0:00;4;324;Persona;67;17700;22400;2;11
3288;04/07/2022 0:00;4;909;Persona;12;17400;21700;2;11
3289;04/07/2022 0:00;2;757;Persona;45;17500;21300;2;11
3290;04/07/2022 0:00;2;416;Persona;123;18200;20600;2;11
3291;04/07/2022 0:00;2;454;Persona;62;17100;20600;2;11
3292;04/07/2022 0:00;1;545;Persona;33;17100;19600;2;8
3293;04/07/2022 0:00;1;576;Persona;27;17400;22500;2;8
3294;04/07/2022 0:00;1;1005;Persona;95;17700;18900;2;8
3295;04/07/2022 0:00;1;844;Persona;151;17200;20300;2;8
3296;04/07/2022 0:00;4;214;Persona;107;17300;20000;4;5
3297;04/07/2022 0:00;4;205;Persona;102;17800;20900;4;5
3298;04/07/2022 0:00;4;692;Persona;66;18400;23000;4;5
3299;04/07/2022 0:00;4;434;Persona;107;17300;22000;4;5
3300;04/07/2022 0:00;3;795;Persona;102;17800;22100;1;4
3301;05/07/2022 0:00;3;896;Persona;1;16800;18000;1;4
3302;05/07/2022 0:00;3;318;Persona;150;17600;20600;1;4
3303;05/07/2022 0:00;3;443;Persona;5;17200;19000;1;4
3304;05/07/2022 0:00;2;915;Empresa;113;18000;19800;1;9
3305;05/07/2022 0:00;2;799;Empresa;148;17000;19300;1;9
3306;05/07/2022 0:00;2;297;Empresa;168;17500;21100;1;9
3307;05/07/2022 0:00;2;96;Empresa;158;17400;18700;1;9
3308;05/07/2022 0:00;2;1134;Persona;52;17800;22000;2;11
3309;05/07/2022 0:00;2;517;Persona;151;17200;21200;2;11
3310;05/07/2022 0:00;2;596;Persona;85;17600;20700;2;11
3311;05/07/2022 0:00;2;827;Persona;144;17200;21400;2;11
3312;05/07/2022 0:00;1;1092;Persona;89;17200;21500;4;1
3313;05/07/2022 0:00;1;1050;Persona;12;17400;19600;4;1
3314;05/07/2022 0:00;1;516;Persona;35;18000;19800;4;1
3315;05/07/2022 0:00;1;186;Persona;168;17500;20000;4;1
3316;05/07/2022 0:00;1;1050;Persona;58;17600;21600;4;2
3317;05/07/2022 0:00;1;718;Persona;50;16300;17200;4;2
3318;05/07/2022 0:00;1;784;Persona;166;18200;22100;4;2
3319;05/07/2022 0:00;1;173;Persona;171;16800;21000;4;2
3320;05/07/2022 0:00;2;964;Persona;29;17700;20100;4;10
3321;05/07/2022 0:00;2;510;Persona;113;18000;21000;4;10
3322;05/07/2022 0:00;2;351;Persona;179;17500;21200;4;10
3323;05/07/2022 0:00;2;398;Persona;36;17600;21700;4;10
3324;05/07/2022 0:00;1;922;Persona;69;17800;19700;1;9
3325;05/07/2022 0:00;1;710;Persona;151;17200;20600;1;9
3326;05/07/2022 0:00;1;237;Persona;61;17600;18900;1;9
3327;05/07/2022 0:00;1;732;Persona;60;17300;21500;1;9
3328;05/07/2022 0:00;1;121;Persona;113;18000;19900;2;8
3329;06/07/2022 0:00;1;340;Persona;129;17800;20800;2;8
3330;06/07/2022 0:00;1;427;Persona;135;17800;22400;2;8
3331;06/07/2022 0:00;1;491;Persona;109;17700;19100;2;8
3332;06/07/2022 0:00;1;990;Empresa;62;17100;21200;4;10
3333;06/07/2022 0:00;1;1064;Empresa;43;18400;21300;4;10
3334;06/07/2022 0:00;1;154;Empresa;132;17200;22000;4;10
3335;06/07/2022 0:00;1;957;Empresa;63;17400;19200;4;10
3336;06/07/2022 0:00;3;446;Persona;56;17400;21600;4;2
3337;06/07/2022 0:00;3;1083;Persona;67;17700;22700;4;2
3338;06/07/2022 0:00;3;866;Persona;47;17300;21400;4;2
3339;06/07/2022 0:00;2;444;Persona;114;17800;22700;4;3
3340;06/07/2022 0:00;2;963;Persona;157;18100;22000;4;3
3341;06/07/2022 0:00;2;524;Persona;35;18000;21700;4;3
3342;06/07/2022 0:00;2;823;Persona;63;17400;18400;4;3
3343;06/07/2022 0:00;4;501;Persona;4;17700;21200;4;10
3344;06/07/2022 0:00;4;1175;Persona;137;17800;20600;4;10
3345;07/07/2022 0:00;4;1136;Persona;87;18000;23100;4;10
3346;07/07/2022 0:00;2;912;Persona;164;16800;18700;2;8
3347;07/07/2022 0:00;2;551;Persona;42;17600;21500;2;8
3348;07/07/2022 0:00;2;985;Persona;29;17700;22200;2;8
3349;07/07/2022 0:00;2;234;Persona;8;18300;21800;2;8
3350;07/07/2022 0:00;4;1105;Persona;165;16900;17800;4;7
3351;07/07/2022 0:00;4;910;Persona;105;18200;22000;4;7
3352;07/07/2022 0:00;4;711;Persona;49;17300;20200;4;7
3353;07/07/2022 0:00;4;733;Persona;152;16600;19100;4;7
3354;07/07/2022 0:00;1;644;Empresa;71;17800;18800;2;11
3355;07/07/2022 0:00;1;942;Empresa;40;17000;20900;2;11
3356;07/07/2022 0:00;1;362;Empresa;2;16800;21200;2;11
3357;07/07/2022 0:00;1;804;Empresa;1;16800;19500;2;11
3358;07/07/2022 0:00;4;345;Persona;172;17700;19000;4;3
3359;07/07/2022 0:00;4;897;Persona;13;17300;21000;4;3
3360;07/07/2022 0:00;4;1058;Persona;71;17800;19300;4;3
3361;07/07/2022 0:00;2;838;Persona;170;17400;19000;4;1
3362;07/07/2022 0:00;2;854;Persona;158;17400;18400;4;1
3363;07/07/2022 0:00;2;1087;Persona;177;16600;20300;4;1
3364;08/07/2022 0:00;2;862;Persona;25;17500;21600;4;1
3365;08/07/2022 0:00;4;180;Persona;171;16800;19700;3;6
3366;08/07/2022 0:00;4;71;Persona;122;17000;19600;3;6
3367;08/07/2022 0:00;4;629;Persona;44;17900;19100;3;6
3368;08/07/2022 0:00;4;196;Persona;12;17400;18800;3;6
3369;08/07/2022 0:00;4;206;Persona;87;18000;22600;4;2
3370;08/07/2022 0:00;4;948;Persona;84;18500;22300;4;2
3371;08/07/2022 0:00;4;29;Persona;159;17400;22400;4;2
3372;09/07/2022 0:00;4;1;Persona;123;18200;22600;4;2
3373;09/07/2022 0:00;4;1054;Persona;104;17400;22000;4;3
3374;09/07/2022 0:00;4;939;Persona;77;17300;19400;4;3
3375;09/07/2022 0:00;4;795;Persona;153;17200;21900;4;3
3376;09/07/2022 0:00;4;177;Persona;136;17600;20300;4;3
3377;09/07/2022 0:00;3;819;Persona;157;18100;21600;2;8
3378;09/07/2022 0:00;3;248;Persona;38;18100;19800;2;8
3379;09/07/2022 0:00;3;802;Persona;133;17500;21600;2;8
3380;09/07/2022 0:00;3;698;Persona;79;17700;19800;2;8
3381;09/07/2022 0:00;2;1100;Persona;123;18200;22200;4;3
3382;09/07/2022 0:00;2;1138;Persona;75;17000;19200;4;3
3383;09/07/2022 0:00;2;219;Persona;140;17300;21300;4;3
3384;09/07/2022 0:00;2;760;Persona;4;17700;22400;4;3
3385;09/07/2022 0:00;2;912;Persona;78;17200;20200;1;4
3386;09/07/2022 0:00;2;121;Persona;174;17400;20300;1;4
3387;09/07/2022 0:00;2;241;Persona;82;17700;21400;1;4
3388;10/07/2022 0:00;1;212;Persona;69;17800;22500;4;2
3389;10/07/2022 0:00;1;919;Persona;170;17400;19600;4;2
3390;10/07/2022 0:00;1;986;Persona;108;18300;19600;4;2
3391;10/07/2022 0:00;1;326;Persona;130;17900;19600;4;2
3392;10/07/2022 0:00;4;702;Persona;141;18800;23300;4;1
3393;10/07/2022 0:00;4;33;Persona;5;17200;18500;4;1
3394;10/07/2022 0:00;4;2;Persona;21;18000;22300;4;1
3395;10/07/2022 0:00;4;868;Persona;134;18000;23200;1;9
3396;10/07/2022 0:00;4;1015;Persona;49;17300;22400;1;9
3397;10/07/2022 0:00;4;163;Persona;144;17200;20400;1;9
3398;10/07/2022 0:00;4;990;Persona;27;17400;18300;1;9
3399;10/07/2022 0:00;3;114;Persona;33;17100;19400;4;1
3400;10/07/2022 0:00;3;16;Persona;55;17800;20500;4;1
3401;10/07/2022 0:00;3;699;Persona;143;17700;19100;4;1
3402;10/07/2022 0:00;4;900;Persona;30;17400;19000;4;5
3403;10/07/2022 0:00;4;625;Persona;99;17500;18900;4;5
3404;10/07/2022 0:00;4;838;Persona;147;17300;18300;4;5
3405;10/07/2022 0:00;4;1163;Persona;139;17100;21900;4;5
3406;10/07/2022 0:00;2;227;Persona;139;17100;19200;2;11
3407;10/07/2022 0:00;2;388;Persona;42;17600;21100;2;11
3408;11/07/2022 0:00;2;158;Persona;173;17500;20000;2;11
3409;11/07/2022 0:00;2;638;Persona;106;17600;19700;2;11
3410;11/07/2022 0:00;2;1034;Empresa;71;17800;21500;4;1
3411;11/07/2022 0:00;2;1178;Empresa;101;17500;21200;4;1
3412;11/07/2022 0:00;2;362;Empresa;51;17500;18300;4;1
3413;11/07/2022 0:00;2;4;Empresa;2;16800;20300;4;1
3414;11/07/2022 0:00;3;412;Empresa;157;18100;19000;4;7
3415;11/07/2022 0:00;3;743;Empresa;118;18000;20700;4;7
3416;11/07/2022 0:00;3;1009;Empresa;158;17400;21100;4;7
3417;11/07/2022 0:00;3;938;Empresa;90;17400;22300;4;7
3418;11/07/2022 0:00;2;363;Persona;127;17900;22000;4;7
3419;11/07/2022 0:00;2;524;Persona;1;16800;21000;4;7
3420;11/07/2022 0:00;2;48;Persona;126;18100;23300;4;7
3421;11/07/2022 0:00;2;893;Persona;32;17800;19700;4;7
3422;11/07/2022 0:00;4;367;Persona;94;17500;20400;3;6
3423;11/07/2022 0:00;4;701;Persona;77;17300;19600;3;6
3424;11/07/2022 0:00;4;153;Persona;35;18000;20500;3;6
3425;11/07/2022 0:00;4;173;Persona;143;17700;21200;3;6
3426;11/07/2022 0:00;2;431;Persona;11;17300;18300;4;10
3427;12/07/2022 0:00;2;567;Persona;111;17500;22000;4;10
3428;12/07/2022 0:00;2;472;Persona;63;17400;19800;4;10
3429;12/07/2022 0:00;2;939;Persona;168;17500;22600;4;10
3430;12/07/2022 0:00;1;1052;Persona;96;17200;20200;4;10
3431;12/07/2022 0:00;1;543;Persona;58;17600;18900;4;10
3432;12/07/2022 0:00;1;6;Persona;43;18400;20600;4;10
3433;12/07/2022 0:00;1;531;Persona;64;17200;20200;4;10
3434;12/07/2022 0:00;1;404;Persona;99;17500;20400;2;8
3435;13/07/2022 0:00;1;236;Persona;67;17700;18600;2;8
3436;13/07/2022 0:00;1;249;Persona;105;18200;22200;2;8
3437;13/07/2022 0:00;1;172;Persona;141;18800;23400;2;8
3438;13/07/2022 0:00;1;65;Persona;114;17800;21900;3;6
3439;13/07/2022 0:00;1;810;Persona;119;17300;18700;3;6
3440;13/07/2022 0:00;1;512;Persona;150;17600;19200;3;6
3441;13/07/2022 0:00;1;196;Persona;43;18400;22200;3;6
3442;13/07/2022 0:00;2;976;Empresa;27;17400;21900;4;3
3443;13/07/2022 0:00;2;974;Empresa;160;16800;21400;4;3
3444;13/07/2022 0:00;2;755;Empresa;174;17400;19100;4;3
3445;13/07/2022 0:00;2;116;Persona;2;16800;20000;1;9
3446;13/07/2022 0:00;2;456;Persona;79;17700;22200;1;9
3447;13/07/2022 0:00;2;816;Persona;159;17400;22500;1;9
3448;13/07/2022 0:00;2;728;Persona;110;17200;19400;1;9
3449;13/07/2022 0:00;2;677;Persona;94;17500;19100;4;12
3450;13/07/2022 0:00;2;892;Persona;13;17300;19100;4;12
3451;13/07/2022 0:00;2;505;Persona;29;17700;20300;4;12
3452;13/07/2022 0:00;2;205;Persona;14;16800;19300;4;12
3453;13/07/2022 0:00;1;991;Persona;105;18200;22800;4;7
3454;13/07/2022 0:00;1;429;Persona;128;17500;21300;4;7
3455;13/07/2022 0:00;1;633;Persona;2;16800;17800;4;7
3456;13/07/2022 0:00;1;230;Persona;49;17300;20000;4;7
3457;13/07/2022 0:00;1;1039;Persona;82;17700;20900;4;5
3458;13/07/2022 0:00;1;144;Persona;170;17400;22200;4;5
3459;13/07/2022 0:00;1;16;Persona;72;17800;22600;4;5
3460;13/07/2022 0:00;1;631;Persona;49;17300;18700;4;5
3461;13/07/2022 0:00;3;1039;Persona;133;17500;19400;4;7
3462;13/07/2022 0:00;3;638;Persona;110;17200;20000;4;7
3463;14/07/2022 0:00;3;705;Persona;55;17800;22800;4;7
3464;14/07/2022 0:00;2;462;Empresa;122;17000;21700;2;11
3465;14/07/2022 0:00;2;92;Empresa;110;17200;19700;2;11
3466;14/07/2022 0:00;2;980;Empresa;20;17600;22500;2;11
3467;14/07/2022 0:00;2;888;Empresa;62;17100;18100;2;11
3468;14/07/2022 0:00;4;224;Persona;137;17800;20200;2;8
3469;14/07/2022 0:00;4;25;Persona;81;17400;18600;2;8
3470;14/07/2022 0:00;4;765;Persona;134;18000;19100;2;8
3471;14/07/2022 0:00;4;1009;Persona;153;17200;20000;2;8
3472;14/07/2022 0:00;2;915;Persona;137;17800;18700;1;4
3473;14/07/2022 0:00;2;503;Persona;44;17900;21100;1;4
3474;14/07/2022 0:00;2;901;Persona;96;17200;18700;1;4
3475;14/07/2022 0:00;2;253;Persona;140;17300;20300;1;4
3476;14/07/2022 0:00;1;432;Persona;97;17500;19600;4;3
3477;14/07/2022 0:00;1;163;Persona;39;17200;20700;4;3
3478;14/07/2022 0:00;1;51;Persona;131;17000;18800;4;3
3479;14/07/2022 0:00;1;196;Persona;161;16600;17500;4;3
3480;14/07/2022 0:00;1;1038;Persona;96;17200;22300;4;2
3481;15/07/2022 0:00;1;1163;Persona;38;18100;23400;4;2
3482;15/07/2022 0:00;1;1035;Persona;7;17800;20000;4;2
3483;15/07/2022 0:00;1;59;Persona;118;18000;19400;4;2
3484;15/07/2022 0:00;3;1062;Empresa;140;17300;18600;1;9
3485;15/07/2022 0:00;3;58;Empresa;156;17200;18600;1;9
3486;15/07/2022 0:00;3;301;Empresa;32;17800;22500;1;9
3487;15/07/2022 0:00;3;913;Empresa;25;17500;18600;1;9
3488;15/07/2022 0:00;3;517;Persona;103;18000;21600;1;9
3489;15/07/2022 0:00;3;335;Persona;75;17000;18100;1;9
3490;15/07/2022 0:00;3;430;Persona;176;17600;20300;1;9
3491;15/07/2022 0:00;3;1100;Persona;123;18200;19500;1;9
3492;15/07/2022 0:00;2;1004;Persona;13;17300;21800;4;1
3493;15/07/2022 0:00;2;1112;Persona;87;18000;19200;4;1
3494;15/07/2022 0:00;2;6;Persona;34;17500;21000;4;1
3495;15/07/2022 0:00;2;942;Persona;89;17200;19300;4;1
3496;15/07/2022 0:00;2;1080;Persona;28;17800;22800;4;5
3497;16/07/2022 0:00;2;1177;Persona;155;18000;23000;4;5
3498;16/07/2022 0:00;2;1064;Persona;152;16600;19500;4;5
3499;16/07/2022 0:00;2;1157;Persona;143;17700;18600;4;5
3500;16/07/2022 0:00;2;220;Persona;57;17700;22900;4;3
3501;16/07/2022 0:00;2;99;Persona;98;18000;23200;4;3
3502;16/07/2022 0:00;2;241;Persona;103;18000;23100;4;3
3503;16/07/2022 0:00;2;1088;Persona;5;17200;20200;4;3
3504;16/07/2022 0:00;1;776;Persona;78;17200;22100;4;7
3505;16/07/2022 0:00;1;105;Persona;93;16800;18500;4;7
3506;16/07/2022 0:00;1;1081;Persona;151;17200;21800;4;7
3507;16/07/2022 0:00;1;440;Persona;137;17800;21900;4;7
3508;16/07/2022 0:00;4;127;Persona;25;17500;21500;4;3
3509;16/07/2022 0:00;4;795;Persona;109;17700;22000;4;3
3510;16/07/2022 0:00;4;413;Persona;49;17300;20900;4;3
3511;16/07/2022 0:00;4;99;Persona;165;16900;17900;4;3
3512;16/07/2022 0:00;2;114;Persona;19;17000;18400;1;4
3513;16/07/2022 0:00;2;863;Persona;31;16500;17300;1;4
3514;16/07/2022 0:00;2;1128;Persona;4;17700;20600;1;4
3515;16/07/2022 0:00;2;1159;Persona;88;17000;19200;1;4
3516;16/07/2022 0:00;2;228;Persona;112;17500;19600;2;11
3517;16/07/2022 0:00;2;900;Persona;102;17800;19100;2;11
3518;16/07/2022 0:00;2;10;Persona;130;17900;21900;2;11
3519;16/07/2022 0:00;2;1142;Persona;162;18500;23900;2;11
3520;17/07/2022 0:00;4;649;Persona;178;17400;20600;4;5
3521;17/07/2022 0:00;4;219;Persona;24;17200;22000;4;5
3522;17/07/2022 0:00;4;249;Persona;60;17300;21000;4;5
3523;17/07/2022 0:00;2;434;Empresa;102;17800;19900;4;2
3524;18/07/2022 0:00;2;213;Empresa;48;17100;21800;4;2
3525;18/07/2022 0:00;2;632;Empresa;148;17000;20600;4;2
3526;18/07/2022 0:00;2;389;Empresa;141;18800;23700;4;2
3527;18/07/2022 0:00;2;223;Empresa;164;16800;21000;4;5
3528;18/07/2022 0:00;2;823;Empresa;101;17500;19700;4;5
3529;18/07/2022 0:00;2;388;Empresa;29;17700;22500;4;5
3530;18/07/2022 0:00;2;298;Empresa;156;17200;20200;4;5
3531;18/07/2022 0:00;1;487;Persona;162;18500;23200;4;12
3532;19/07/2022 0:00;1;727;Persona;157;18100;22800;4;12
3533;19/07/2022 0:00;1;753;Persona;81;17400;21900;4;12
3534;19/07/2022 0:00;1;550;Persona;70;17300;18900;4;12
3535;19/07/2022 0:00;4;1046;Empresa;86;17000;18400;2;8
3536;19/07/2022 0:00;4;537;Empresa;60;17300;21500;2;8
3537;19/07/2022 0:00;4;390;Empresa;142;17200;20400;2;8
3538;19/07/2022 0:00;4;549;Empresa;115;18400;21900;2;8
3539;19/07/2022 0:00;4;32;Persona;144;17200;21700;4;3
3540;19/07/2022 0:00;4;1009;Persona;97;17500;18900;4;3
3541;19/07/2022 0:00;4;217;Persona;52;17800;20100;4;3
3542;19/07/2022 0:00;4;631;Persona;126;18100;19000;4;3
3543;19/07/2022 0:00;1;1073;Persona;88;17000;18400;4;10
3544;19/07/2022 0:00;1;599;Persona;5;17200;18200;4;10
3545;19/07/2022 0:00;1;122;Persona;72;17800;22900;4;10
3546;19/07/2022 0:00;1;584;Persona;151;17200;21600;4;10
3547;19/07/2022 0:00;4;1068;Persona;23;17100;21000;4;3
3548;19/07/2022 0:00;4;467;Persona;170;17400;20400;4;3
3549;19/07/2022 0:00;4;1157;Persona;139;17100;19000;4;3
3550;19/07/2022 0:00;4;881;Persona;31;16500;17400;4;3
3551;19/07/2022 0:00;3;911;Persona;143;17700;18800;4;10
3552;19/07/2022 0:00;3;328;Persona;64;17200;21700;4;10
3553;19/07/2022 0:00;3;976;Persona;164;16800;21500;4;10
3554;19/07/2022 0:00;3;120;Persona;41;17600;18900;4;10
3555;19/07/2022 0:00;3;819;Persona;37;17600;22600;4;2
3556;19/07/2022 0:00;3;861;Persona;126;18100;22500;4;2
3557;19/07/2022 0:00;3;1056;Persona;63;17400;20700;4;2
3558;19/07/2022 0:00;3;807;Persona;141;18800;21900;4;2
3559;19/07/2022 0:00;2;756;Persona;114;17800;21200;4;5
3560;19/07/2022 0:00;2;492;Persona;149;17600;18900;4;5
3561;19/07/2022 0:00;2;564;Persona;55;17800;20700;4;5
3562;19/07/2022 0:00;2;261;Persona;19;17000;18700;4;5
3563;20/07/2022 0:00;2;714;Persona;151;17200;21900;2;11
3564;20/07/2022 0:00;2;403;Persona;129;17800;19300;2;11
3565;20/07/2022 0:00;2;645;Persona;169;18000;22700;2;11
3566;20/07/2022 0:00;2;369;Persona;84;18500;20200;2;11
3567;20/07/2022 0:00;1;1058;Persona;63;17400;21500;4;12
3568;20/07/2022 0:00;1;788;Persona;41;17600;21000;4;12
3569;20/07/2022 0:00;1;1071;Persona;106;17600;20900;4;12
3570;20/07/2022 0:00;1;871;Persona;91;18300;23400;4;12
3571;20/07/2022 0:00;4;1030;Empresa;52;17800;18900;3;6
3572;20/07/2022 0:00;4;811;Empresa;41;17600;19400;3;6
3573;20/07/2022 0:00;4;457;Empresa;62;17100;19800;3;6
3574;20/07/2022 0:00;4;733;Empresa;173;17500;20500;3;6
3575;20/07/2022 0:00;2;38;Persona;138;17400;20400;4;3
3576;20/07/2022 0:00;2;709;Persona;159;17400;19600;4;3
3577;20/07/2022 0:00;2;1177;Persona;148;17000;18700;4;3
3578;20/07/2022 0:00;2;1048;Persona;127;17900;22400;4;3
3579;20/07/2022 0:00;2;73;Persona;65;17100;21300;4;1
3580;20/07/2022 0:00;2;1166;Persona;133;17500;22100;4;1
3581;20/07/2022 0:00;2;97;Persona;48;17100;18900;4;1
3582;20/07/2022 0:00;2;1135;Persona;145;17400;18700;2;11
3583;20/07/2022 0:00;2;514;Persona;116;17700;20000;2;11
3584;20/07/2022 0:00;2;209;Persona;117;16800;21100;2;11
3585;20/07/2022 0:00;2;1075;Persona;52;17800;20800;2;11
3586;21/07/2022 0:00;2;58;Persona;87;18000;19800;4;2
3587;21/07/2022 0:00;2;932;Persona;144;17200;20100;4;2
3588;21/07/2022 0:00;2;1032;Persona;132;17200;21200;4;2
3589;21/07/2022 0:00;2;328;Persona;19;17000;20400;4;2
3590;21/07/2022 0:00;2;355;Persona;163;17800;22100;4;12
3591;21/07/2022 0:00;2;1149;Persona;110;17200;21100;4;12
3592;21/07/2022 0:00;2;997;Persona;128;17500;19900;4;12
3593;21/07/2022 0:00;2;429;Persona;42;17600;19800;4;12
3594;21/07/2022 0:00;4;1039;Persona;39;17200;21400;2;8
3595;21/07/2022 0:00;4;1112;Persona;19;17000;17800;2;8
3596;21/07/2022 0:00;4;644;Persona;94;17500;18700;2;8
3597;21/07/2022 0:00;2;1078;Empresa;130;17900;22000;2;11
3598;21/07/2022 0:00;2;232;Empresa;4;17700;22900;2;11
3599;21/07/2022 0:00;2;604;Empresa;117;16800;19300;2;11
3600;21/07/2022 0:00;2;750;Empresa;37;17600;22400;2;11
3601;21/07/2022 0:00;2;894;Empresa;3;17000;19400;4;3
3602;22/07/2022 0:00;2;1159;Empresa;49;17300;20500;4;3
3603;22/07/2022 0:00;2;397;Empresa;162;18500;22300;4;3
3604;22/07/2022 0:00;2;101;Empresa;6;17100;21300;4;3
3605;22/07/2022 0:00;1;1036;Persona;162;18500;20800;4;7
3606;22/07/2022 0:00;1;1176;Persona;52;17800;22700;4;7
3607;22/07/2022 0:00;1;1051;Persona;35;18000;20500;4;7
3608;22/07/2022 0:00;1;214;Persona;154;17300;20800;4;7
3609;22/07/2022 0:00;3;213;Persona;175;17800;21400;3;6
3610;22/07/2022 0:00;3;287;Persona;63;17400;18900;3;6
3611;22/07/2022 0:00;3;1173;Persona;90;17400;22600;3;6
3612;22/07/2022 0:00;3;1118;Persona;19;17000;21200;3;6
3613;22/07/2022 0:00;4;750;Persona;9;17100;18600;1;4
3614;22/07/2022 0:00;4;907;Persona;44;17900;19600;1;4
3615;22/07/2022 0:00;4;1000;Persona;12;17400;18600;1;4
3616;22/07/2022 0:00;4;896;Persona;114;17800;20700;1;4
3617;23/07/2022 0:00;4;183;Persona;61;17600;20800;4;3
3618;23/07/2022 0:00;4;855;Persona;135;17800;22200;4;3
3619;23/07/2022 0:00;4;869;Persona;49;17300;22100;4;3
3620;23/07/2022 0:00;4;306;Persona;5;17200;21000;3;6
3621;23/07/2022 0:00;4;121;Persona;9;17100;19200;3;6
3622;23/07/2022 0:00;4;771;Persona;4;17700;22000;3;6
3623;23/07/2022 0:00;4;1127;Persona;128;17500;21000;3;6
3624;23/07/2022 0:00;2;536;Persona;108;18300;23400;4;1
3625;23/07/2022 0:00;2;524;Persona;106;17600;21700;4;1
3626;23/07/2022 0:00;2;370;Persona;72;17800;20700;4;1
3627;23/07/2022 0:00;2;505;Persona;131;17000;18200;4;1
3628;23/07/2022 0:00;2;723;Persona;115;18400;22500;1;4
3629;23/07/2022 0:00;2;99;Persona;64;17200;21600;1;4
3630;23/07/2022 0:00;2;1157;Persona;112;17500;18800;1;4
3631;23/07/2022 0:00;2;341;Persona;171;16800;21700;1;4
3632;23/07/2022 0:00;2;627;Persona;30;17400;19100;3;6
3633;23/07/2022 0:00;2;368;Persona;139;17100;21900;3;6
3634;23/07/2022 0:00;2;771;Persona;12;17400;21000;3;6
3635;23/07/2022 0:00;3;710;Persona;169;18000;18900;4;5
3636;23/07/2022 0:00;3;226;Persona;48;17100;20400;4;5
3637;23/07/2022 0:00;3;440;Persona;108;18300;19200;4;5
3638;23/07/2022 0:00;3;1092;Persona;136;17600;22000;4;5
3639;23/07/2022 0:00;2;464;Empresa;83;17300;20900;2;11
3640;23/07/2022 0:00;2;457;Empresa;154;17300;19800;2;11
3641;23/07/2022 0:00;2;1000;Empresa;157;18100;21700;2;11
3642;23/07/2022 0:00;2;776;Empresa;82;17700;19200;2;11
3643;23/07/2022 0:00;1;136;Persona;19;17000;18700;3;6
3644;23/07/2022 0:00;1;351;Persona;74;18100;20700;3;6
3645;24/07/2022 0:00;1;926;Persona;63;17400;20300;3;6
3646;24/07/2022 0:00;4;846;Persona;67;17700;20100;4;3
3647;24/07/2022 0:00;4;16;Persona;144;17200;21700;4;3
3648;24/07/2022 0:00;4;808;Persona;53;16800;20100;4;3
3649;24/07/2022 0:00;4;464;Persona;4;17700;20200;4;3
3650;24/07/2022 0:00;4;282;Persona;116;17700;19600;2;8
3651;24/07/2022 0:00;4;609;Persona;134;18000;20300;2;8
3652;24/07/2022 0:00;4;475;Persona;34;17500;19400;2;8
3653;24/07/2022 0:00;4;114;Persona;149;17600;20700;2;8
3654;24/07/2022 0:00;3;121;Empresa;20;17600;19900;4;10
3655;24/07/2022 0:00;3;1049;Empresa;132;17200;21800;4;10
3656;24/07/2022 0:00;3;1056;Empresa;116;17700;21800;4;10
3657;24/07/2022 0:00;3;795;Empresa;43;18400;23400;4;10
3658;24/07/2022 0:00;2;184;Persona;133;17500;19600;2;11
3659;24/07/2022 0:00;2;1106;Persona;118;18000;19800;2;11
3660;24/07/2022 0:00;2;253;Persona;64;17200;22000;2;11
3661;24/07/2022 0:00;2;21;Persona;165;16900;18900;2;11
3662;24/07/2022 0:00;1;1023;Persona;20;17600;22200;2;11
3663;24/07/2022 0:00;1;848;Persona;124;17500;18600;2;11
3664;25/07/2022 0:00;1;579;Persona;134;18000;20800;2;11
3665;25/07/2022 0:00;1;466;Persona;84;18500;22800;2;11
3666;25/07/2022 0:00;1;938;Persona;45;17500;22300;2;8
3667;25/07/2022 0:00;1;874;Persona;145;17400;20600;2;8
3668;25/07/2022 0:00;1;1034;Persona;32;17800;19300;2;8
3669;25/07/2022 0:00;4;745;Persona;151;17200;21000;4;7
3670;25/07/2022 0:00;4;21;Persona;41;17600;22400;4;7
3671;25/07/2022 0:00;4;634;Persona;99;17500;21300;4;7
3672;25/07/2022 0:00;4;429;Persona;174;17400;20600;4;7
3673;25/07/2022 0:00;3;139;Persona;27;17400;18800;4;1
3674;25/07/2022 0:00;3;1058;Persona;70;17300;22200;4;1
3675;25/07/2022 0:00;3;836;Persona;129;17800;21800;4;1
3676;25/07/2022 0:00;3;493;Empresa;135;17800;19700;4;7
3677;25/07/2022 0:00;3;561;Empresa;115;18400;23000;4;7
3678;25/07/2022 0:00;3;493;Empresa;163;17800;19200;4;7
3679;25/07/2022 0:00;3;1158;Empresa;124;17500;22500;4;7
3680;25/07/2022 0:00;2;318;Persona;145;17400;21900;3;6
3681;25/07/2022 0:00;2;270;Persona;57;17700;22500;3;6
3682;25/07/2022 0:00;2;330;Persona;157;18100;20900;3;6
3683;25/07/2022 0:00;2;94;Persona;51;17500;18800;3;6
3684;25/07/2022 0:00;2;506;Persona;38;18100;19400;4;12
3685;25/07/2022 0:00;2;716;Persona;107;17300;19400;4;12
3686;25/07/2022 0:00;2;321;Persona;154;17300;21100;4;12
3687;25/07/2022 0:00;2;96;Persona;18;17500;21200;4;5
3688;26/07/2022 0:00;2;976;Persona;169;18000;19500;4;5
3689;26/07/2022 0:00;2;155;Persona;105;18200;22100;4;5
3690;26/07/2022 0:00;2;280;Persona;163;17800;20500;4;5
3691;26/07/2022 0:00;2;1012;Persona;137;17800;19600;4;10
3692;26/07/2022 0:00;2;796;Persona;34;17500;20300;4;10
3693;26/07/2022 0:00;2;219;Persona;169;18000;23000;4;10
3694;26/07/2022 0:00;2;572;Persona;38;18100;20400;4;10
3695;26/07/2022 0:00;2;735;Persona;94;17500;20200;4;5
3696;26/07/2022 0:00;2;357;Persona;34;17500;20900;4;5
3697;26/07/2022 0:00;2;993;Persona;83;17300;18700;4;5
3698;26/07/2022 0:00;2;50;Persona;19;17000;19400;4;5
3699;26/07/2022 0:00;1;652;Persona;3;17000;18700;4;3
3700;26/07/2022 0:00;1;866;Persona;99;17500;22300;4;3
3701;26/07/2022 0:00;1;313;Persona;49;17300;18300;4;3
3702;26/07/2022 0:00;1;837;Persona;116;17700;19300;4;3
3703;26/07/2022 0:00;1;456;Persona;25;17500;19400;4;10
3704;26/07/2022 0:00;1;550;Persona;60;17300;19300;4;10
3705;26/07/2022 0:00;1;851;Persona;140;17300;19600;4;10
3706;26/07/2022 0:00;1;767;Persona;31;16500;19000;4;10
3707;26/07/2022 0:00;4;227;Persona;64;17200;20800;4;12
3708;27/07/2022 0:00;4;236;Persona;83;17300;20700;4;12
3709;27/07/2022 0:00;4;1142;Persona;175;17800;19800;4;12
3710;27/07/2022 0:00;4;771;Persona;24;17200;21100;4;12
3711;27/07/2022 0:00;3;333;Persona;108;18300;21500;2;8
3712;27/07/2022 0:00;3;474;Persona;22;18000;22500;2;8
3713;27/07/2022 0:00;3;168;Persona;93;16800;17700;2;8
3714;27/07/2022 0:00;3;958;Persona;120;17600;19800;2;8
3715;27/07/2022 0:00;3;1168;Empresa;129;17800;19100;4;3
3716;27/07/2022 0:00;3;181;Empresa;125;17300;20700;4;3
3717;27/07/2022 0:00;3;751;Empresa;105;18200;20500;4;3
3718;27/07/2022 0:00;3;315;Empresa;48;17100;20400;4;3
3719;27/07/2022 0:00;2;83;Persona;27;17400;18600;4;5
3720;27/07/2022 0:00;2;221;Persona;133;17500;19300;4;5
3721;27/07/2022 0:00;2;379;Persona;58;17600;22100;4;5
3722;27/07/2022 0:00;2;518;Persona;156;17200;20400;4;5
3723;27/07/2022 0:00;2;382;Empresa;41;17600;20500;4;10
3724;27/07/2022 0:00;2;636;Empresa;138;17400;21100;4;10
3725;27/07/2022 0:00;2;781;Empresa;95;17700;20700;4;10
3726;27/07/2022 0:00;2;376;Empresa;18;17500;19200;4;10
3727;27/07/2022 0:00;2;261;Persona;124;17500;22500;4;2
3728;27/07/2022 0:00;2;73;Persona;143;17700;21600;4;2
3729;27/07/2022 0:00;2;180;Persona;53;16800;20700;4;2
3730;27/07/2022 0:00;2;55;Persona;86;17000;19300;4;2
3731;27/07/2022 0:00;2;1005;Empresa;129;17800;20400;3;6
3732;27/07/2022 0:00;2;940;Empresa;15;17200;22300;3;6
3733;27/07/2022 0:00;2;1082;Empresa;39;17200;21000;3;6
3734;27/07/2022 0:00;2;253;Empresa;100;18100;20400;3;6
3735;27/07/2022 0:00;1;731;Persona;78;17200;19000;4;1
3736;27/07/2022 0:00;1;711;Persona;162;18500;19800;4;1
3737;27/07/2022 0:00;1;1077;Persona;165;16900;19000;4;1
3738;27/07/2022 0:00;1;1166;Persona;45;17500;20200;4;1
3739;27/07/2022 0:00;3;780;Persona;130;17900;19900;4;7
3740;28/07/2022 0:00;3;93;Persona;44;17900;21700;4;7
3741;28/07/2022 0:00;3;400;Persona;172;17700;22200;4;7
3742;28/07/2022 0:00;3;277;Persona;110;17200;21100;4;7
3743;28/07/2022 0:00;3;451;Persona;168;17500;19900;4;10
3744;28/07/2022 0:00;3;166;Persona;61;17600;20600;4;10
3745;28/07/2022 0:00;3;994;Persona;140;17300;19300;4;10
3746;28/07/2022 0:00;3;1014;Persona;14;16800;20100;4;10
3747;28/07/2022 0:00;4;497;Persona;87;18000;21200;4;3
3748;28/07/2022 0:00;4;270;Persona;120;17600;18500;4;3
3749;28/07/2022 0:00;4;821;Persona;10;16300;17200;4;3
3750;28/07/2022 0:00;4;577;Persona;157;18100;23400;4;3
3751;28/07/2022 0:00;2;746;Persona;154;17300;21700;1;9
3752;28/07/2022 0:00;2;230;Persona;152;16600;18400;1;9
3753;28/07/2022 0:00;2;570;Persona;35;18000;21300;1;9
3754;28/07/2022 0:00;2;1063;Persona;116;17700;22100;1;9
3755;28/07/2022 0:00;2;1125;Persona;172;17700;20800;4;5
3756;28/07/2022 0:00;2;131;Persona;24;17200;18800;4;5
3757;28/07/2022 0:00;2;1010;Persona;4;17700;20000;4;5
3758;28/07/2022 0:00;2;447;Persona;163;17800;19300;3;6
3759;28/07/2022 0:00;2;427;Persona;128;17500;22400;3;6
3760;28/07/2022 0:00;2;1010;Persona;172;17700;20600;3;6
3761;28/07/2022 0:00;2;266;Persona;6;17100;21600;3;6
3762;28/07/2022 0:00;2;944;Persona;128;17500;20000;4;5
3763;28/07/2022 0:00;2;230;Persona;2;16800;17800;4;5
3764;29/07/2022 0:00;2;384;Persona;53;16800;18800;4;5
3765;29/07/2022 0:00;2;803;Persona;167;18200;21600;4;12
3766;29/07/2022 0:00;2;307;Persona;99;17500;18600;4;12
3767;29/07/2022 0:00;2;787;Persona;41;17600;22400;4;12
3768;29/07/2022 0:00;2;1176;Persona;107;17300;18700;4;12
3769;29/07/2022 0:00;1;796;Persona;26;17200;18900;4;2
3770;29/07/2022 0:00;1;549;Persona;97;17500;22300;4;2
3771;29/07/2022 0:00;1;772;Persona;163;17800;21800;4;2
3772;29/07/2022 0:00;1;59;Persona;67;17700;22000;4;2
3773;29/07/2022 0:00;1;822;Persona;135;17800;19500;4;12
3774;29/07/2022 0:00;1;94;Persona;138;17400;21800;4;12
3775;29/07/2022 0:00;1;425;Persona;170;17400;20200;4;12
3776;29/07/2022 0:00;1;541;Persona;54;17800;21400;4;12
3777;29/07/2022 0:00;1;306;Persona;170;17400;19800;2;8
3778;29/07/2022 0:00;1;840;Persona;179;17500;22100;2;8
3779;29/07/2022 0:00;1;894;Persona;129;17800;22900;2;8
3780;29/07/2022 0:00;1;932;Persona;100;18100;19400;2;8
3781;29/07/2022 0:00;1;971;Persona;38;18100;19200;4;2
3782;29/07/2022 0:00;1;153;Persona;176;17600;19800;4;2
3783;29/07/2022 0:00;1;996;Persona;116;17700;20100;4;2
3784;30/07/2022 0:00;1;319;Persona;143;17700;19800;4;2
3785;30/07/2022 0:00;3;477;Persona;127;17900;20300;4;3
3786;30/07/2022 0:00;3;702;Persona;60;17300;20200;4;3
3787;30/07/2022 0:00;3;250;Persona;93;16800;21100;4;3
3788;30/07/2022 0:00;2;1095;Empresa;172;17700;20300;3;6
3789;30/07/2022 0:00;2;555;Empresa;45;17500;21400;3;6
3790;30/07/2022 0:00;2;797;Empresa;108;18300;19700;3;6
3791;30/07/2022 0:00;2;113;Empresa;58;17600;21100;3;6
3792;30/07/2022 0:00;4;600;Persona;40;17000;21400;4;10
3793;30/07/2022 0:00;4;939;Persona;15;17200;20300;4;10
3794;30/07/2022 0:00;4;865;Persona;162;18500;21000;4;10
3795;30/07/2022 0:00;4;1014;Persona;165;16900;21100;4;10
3796;30/07/2022 0:00;2;724;Persona;151;17200;21900;4;1
3797;30/07/2022 0:00;2;1075;Persona;129;17800;21000;4;1
3798;30/07/2022 0:00;2;947;Persona;121;17100;19800;4;1
3799;30/07/2022 0:00;2;588;Persona;77;17300;20200;4;1
3800;30/07/2022 0:00;2;307;Persona;164;16800;19300;2;8
3801;30/07/2022 0:00;2;283;Persona;20;17600;21000;2;8
3802;30/07/2022 0:00;2;877;Persona;167;18200;19200;2;8
3803;30/07/2022 0:00;2;1128;Persona;154;17300;20300;2;8
3804;30/07/2022 0:00;1;145;Persona;8;18300;20400;4;3
3805;30/07/2022 0:00;1;953;Persona;45;17500;20100;4;3
3806;30/07/2022 0:00;1;755;Persona;96;17200;20000;4;3
3807;31/07/2022 0:00;1;356;Persona;32;17800;19800;4;3
3808;31/07/2022 0:00;4;734;Persona;166;18200;21400;3;6
3809;31/07/2022 0:00;4;89;Persona;94;17500;20100;3;6
3810;31/07/2022 0:00;4;756;Persona;83;17300;21700;3;6
3811;31/07/2022 0:00;4;517;Persona;110;17200;18500;3;6
3812;31/07/2022 0:00;3;177;Persona;166;18200;20700;2;8
3813;31/07/2022 0:00;3;191;Persona;44;17900;18700;2;8
3814;31/07/2022 0:00;3;71;Persona;92;17500;19500;2;8
3815;31/07/2022 0:00;3;813;Persona;63;17400;19400;2;8
3816;31/07/2022 0:00;2;1069;Persona;104;17400;19100;4;3
3817;31/07/2022 0:00;2;757;Persona;159;17400;20000;4;3
3818;31/07/2022 0:00;2;800;Persona;23;17100;18400;4;3
3819;01/08/2022 0:00;2;811;Persona;16;17800;23100;4;3
3820;01/08/2022 0:00;4;864;Empresa;74;18100;20200;4;10
3821;01/08/2022 0:00;4;718;Empresa;44;17900;22500;4;10
3822;01/08/2022 0:00;4;217;Empresa;38;18100;20900;4;10
3823;01/08/2022 0:00;4;277;Empresa;44;17900;22900;4;10
3824;01/08/2022 0:00;2;344;Persona;160;16800;17800;3;6
3825;01/08/2022 0:00;2;61;Persona;140;17300;20900;3;6
3826;01/08/2022 0:00;2;1026;Persona;44;17900;20200;3;6
3827;01/08/2022 0:00;2;867;Persona;113;18000;20400;4;7
3828;01/08/2022 0:00;2;285;Persona;123;18200;23100;4;7
3829;01/08/2022 0:00;2;785;Persona;100;18100;20600;4;7
3830;01/08/2022 0:00;2;97;Persona;44;17900;21600;4;7
3831;01/08/2022 0:00;1;1115;Persona;140;17300;21300;2;11
3832;01/08/2022 0:00;1;237;Persona;12;17400;19500;2;11
3833;01/08/2022 0:00;1;305;Persona;99;17500;20700;2;11
3834;01/08/2022 0:00;2;1109;Persona;168;17500;22600;4;5
3835;01/08/2022 0:00;2;848;Persona;109;17700;20400;4;5
3836;01/08/2022 0:00;2;950;Persona;68;17300;19300;4;5
3837;01/08/2022 0:00;1;449;Persona;45;17500;20000;4;2
3838;01/08/2022 0:00;1;1155;Persona;47;17300;18400;4;2
3839;01/08/2022 0:00;1;794;Persona;118;18000;21700;4;2
3840;01/08/2022 0:00;1;1025;Persona;139;17100;18200;4;2
3841;01/08/2022 0:00;4;403;Persona;16;17800;19300;4;7
3842;01/08/2022 0:00;4;707;Persona;1;16800;17700;4;7
3843;01/08/2022 0:00;4;131;Persona;56;17400;19400;4;7
3844;01/08/2022 0:00;4;327;Persona;31;16500;19200;4;7
3845;01/08/2022 0:00;3;278;Persona;143;17700;20200;4;1
3846;01/08/2022 0:00;3;371;Persona;68;17300;22300;4;1
3847;01/08/2022 0:00;3;937;Persona;114;17800;21500;4;1
3848;01/08/2022 0:00;3;876;Persona;91;18300;23400;4;1
3849;01/08/2022 0:00;4;328;Persona;36;17600;19400;4;7
3850;01/08/2022 0:00;4;797;Persona;108;18300;20300;4;7
3851;01/08/2022 0:00;4;359;Persona;92;17500;21600;4;7
3852;01/08/2022 0:00;4;241;Persona;26;17200;18100;4;7
3853;02/08/2022 0:00;4;1154;Persona;14;16800;17800;4;12
3854;02/08/2022 0:00;4;10;Persona;130;17900;19500;4;12
3855;02/08/2022 0:00;4;802;Persona;2;16800;19300;4;12
3856;02/08/2022 0:00;4;851;Persona;13;17300;21400;4;12
3857;02/08/2022 0:00;2;998;Persona;67;17700;18500;4;3
3858;02/08/2022 0:00;2;157;Persona;80;17400;21500;4;3
3859;02/08/2022 0:00;2;15;Persona;50;16300;20900;4;3
3860;02/08/2022 0:00;2;961;Persona;84;18500;21800;4;3
3861;02/08/2022 0:00;1;612;Persona;144;17200;20400;4;3
3862;02/08/2022 0:00;1;1113;Persona;88;17000;19000;4;3
3863;02/08/2022 0:00;1;132;Persona;11;17300;19000;4;3
3864;02/08/2022 0:00;1;523;Persona;97;17500;19100;4;3
3865;02/08/2022 0:00;1;1114;Empresa;78;17200;22000;4;12
3866;02/08/2022 0:00;1;54;Empresa;77;17300;19300;4;12
3867;02/08/2022 0:00;1;355;Empresa;149;17600;19400;4;12
3868;02/08/2022 0:00;1;406;Empresa;80;17400;19300;4;12
3869;02/08/2022 0:00;3;774;Persona;127;17900;21200;4;3
3870;02/08/2022 0:00;3;300;Persona;37;17600;21800;4;3
3871;02/08/2022 0:00;3;133;Persona;36;17600;21300;4;3
3872;02/08/2022 0:00;3;804;Persona;71;17800;22100;4;3
3873;02/08/2022 0:00;3;452;Persona;8;18300;23700;4;3
3874;02/08/2022 0:00;3;677;Persona;54;17800;22800;4;3
3875;02/08/2022 0:00;3;886;Persona;136;17600;22500;4;3
3876;02/08/2022 0:00;3;596;Persona;13;17300;19900;4;3
3877;02/08/2022 0:00;2;70;Persona;99;17500;18700;4;12
3878;02/08/2022 0:00;2;1108;Persona;117;16800;18700;4;12
3879;02/08/2022 0:00;2;145;Persona;112;17500;19100;4;12
3880;03/08/2022 0:00;2;749;Persona;126;18100;19300;4;12
3881;03/08/2022 0:00;2;643;Empresa;156;17200;19300;4;10
3882;03/08/2022 0:00;2;307;Empresa;63;17400;21500;4;10
3883;03/08/2022 0:00;2;124;Empresa;43;18400;23900;4;10
3884;03/08/2022 0:00;2;550;Empresa;165;16900;18800;4;10
3885;03/08/2022 0:00;2;713;Persona;166;18200;19700;4;1
3886;03/08/2022 0:00;2;668;Persona;175;17800;20800;4;1
3887;03/08/2022 0:00;2;59;Persona;163;17800;18700;4;1
3888;03/08/2022 0:00;2;860;Persona;64;17200;20500;4;1
3889;03/08/2022 0:00;1;1103;Persona;108;18300;23200;1;9
3890;03/08/2022 0:00;1;436;Persona;35;18000;21000;1;9
3891;03/08/2022 0:00;1;47;Persona;56;17400;21000;1;9
3892;04/08/2022 0:00;1;388;Persona;108;18300;19400;1;9
3893;04/08/2022 0:00;1;110;Persona;68;17300;19000;2;11
3894;04/08/2022 0:00;1;933;Persona;157;18100;22900;2;11
3895;04/08/2022 0:00;1;188;Persona;34;17500;21400;2;11
3896;04/08/2022 0:00;1;282;Persona;158;17400;20000;4;7
3897;04/08/2022 0:00;1;1070;Persona;172;17700;19300;4;7
3898;04/08/2022 0:00;1;759;Persona;155;18000;22100;4;7
3899;04/08/2022 0:00;1;1137;Persona;160;16800;19900;4;7
3900;04/08/2022 0:00;1;667;Persona;124;17500;21400;4;12
3901;04/08/2022 0:00;1;479;Persona;95;17700;22400;4;12
3902;04/08/2022 0:00;1;545;Persona;64;17200;20900;4;12
3903;04/08/2022 0:00;1;110;Persona;28;17800;21100;4;12
3904;04/08/2022 0:00;2;828;Persona;90;17400;20400;4;10
3905;04/08/2022 0:00;2;924;Persona;53;16800;19500;4;10
3906;04/08/2022 0:00;2;233;Persona;108;18300;22100;4;10
3907;04/08/2022 0:00;2;1156;Persona;89;17200;22000;4;10
3908;04/08/2022 0:00;4;960;Persona;168;17500;21600;2;8
3909;04/08/2022 0:00;4;613;Persona;33;17100;21900;2;8
3910;04/08/2022 0:00;4;495;Persona;29;17700;19500;2;8
3911;04/08/2022 0:00;4;473;Persona;158;17400;19100;2;8
3912;04/08/2022 0:00;2;284;Persona;40;17000;22100;1;4
3913;04/08/2022 0:00;2;910;Persona;138;17400;18600;1;4
3914;04/08/2022 0:00;2;14;Persona;120;17600;21100;1;4
3915;04/08/2022 0:00;2;963;Persona;106;17600;21300;1;4
3916;05/08/2022 0:00;2;417;Persona;145;17400;20400;4;7
3917;05/08/2022 0:00;2;80;Persona;67;17700;19900;4;7
3918;05/08/2022 0:00;2;424;Persona;70;17300;20700;4;7
3919;05/08/2022 0:00;2;143;Persona;18;17500;22000;4;7
3920;06/08/2022 0:00;2;1143;Persona;166;18200;23400;4;7
3921;06/08/2022 0:00;2;984;Persona;86;17000;20400;4;7
3922;06/08/2022 0:00;2;770;Persona;14;16800;19100;4;7
3923;06/08/2022 0:00;2;202;Persona;93;16800;20800;1;4
3924;06/08/2022 0:00;2;207;Persona;140;17300;19000;1;4
3925;06/08/2022 0:00;2;930;Persona;132;17200;19800;1;4
3926;06/08/2022 0:00;2;581;Persona;165;16900;21400;1;4
3927;06/08/2022 0:00;2;147;Persona;162;18500;19700;3;6
3928;06/08/2022 0:00;2;780;Persona;111;17500;21600;3;6
3929;06/08/2022 0:00;2;332;Persona;52;17800;22200;3;6
3930;06/08/2022 0:00;2;700;Persona;156;17200;19600;3;6
3931;06/08/2022 0:00;4;289;Persona;125;17300;21900;4;1
3932;06/08/2022 0:00;4;217;Persona;145;17400;22200;4;1
3933;06/08/2022 0:00;4;992;Persona;90;17400;20000;4;1
3934;06/08/2022 0:00;4;762;Persona;61;17600;20200;4;1
3935;06/08/2022 0:00;3;282;Persona;137;17800;22900;2;11
3936;06/08/2022 0:00;3;593;Persona;3;17000;18800;2;11
3937;06/08/2022 0:00;3;951;Persona;47;17300;19600;2;11
3938;06/08/2022 0:00;3;857;Persona;150;17600;22700;2;11
3939;06/08/2022 0:00;3;519;Persona;42;17600;22200;3;6
3940;06/08/2022 0:00;3;700;Persona;39;17200;21900;3;6
3941;06/08/2022 0:00;3;72;Persona;150;17600;20300;3;6
3942;06/08/2022 0:00;3;477;Persona;168;17500;21400;4;5
3943;06/08/2022 0:00;3;598;Persona;28;17800;20200;4;5
3944;06/08/2022 0:00;3;695;Persona;30;17400;22000;4;5
3945;06/08/2022 0:00;3;185;Persona;56;17400;18600;4;5
3946;06/08/2022 0:00;2;804;Persona;92;17500;20600;4;10
3947;07/08/2022 0:00;2;611;Persona;35;18000;20400;4;10
3948;07/08/2022 0:00;2;799;Persona;162;18500;19400;4;10
3949;07/08/2022 0:00;2;887;Persona;92;17500;21100;4;10
3950;07/08/2022 0:00;2;454;Persona;126;18100;22400;2;8
3951;07/08/2022 0:00;2;686;Persona;152;16600;17400;2;8
3952;07/08/2022 0:00;2;905;Persona;141;18800;23800;2;8
3953;07/08/2022 0:00;2;52;Persona;69;17800;19600;2;8
3954;07/08/2022 0:00;2;194;Persona;34;17500;22600;1;4
3955;07/08/2022 0:00;2;402;Persona;64;17200;21100;1;4
3956;07/08/2022 0:00;2;733;Persona;91;18300;23000;1;4
3957;07/08/2022 0:00;2;1136;Persona;83;17300;20400;1;4
3958;07/08/2022 0:00;1;1044;Persona;164;16800;18000;4;3
3959;07/08/2022 0:00;1;45;Persona;73;17100;21400;4;3
3960;07/08/2022 0:00;1;428;Persona;66;18400;22000;4;3
3961;07/08/2022 0:00;1;758;Persona;167;18200;22200;4;3
3962;07/08/2022 0:00;4;614;Persona;31;16500;19700;3;6
3963;07/08/2022 0:00;4;41;Persona;94;17500;22500;3;6
3964;07/08/2022 0:00;4;389;Persona;128;17500;18700;3;6
3965;07/08/2022 0:00;4;313;Persona;72;17800;20500;3;6
3966;07/08/2022 0:00;3;374;Persona;105;18200;21000;4;5
3967;07/08/2022 0:00;3;18;Persona;149;17600;20800;4;5
3968;07/08/2022 0:00;3;1029;Persona;116;17700;22400;4;5
3969;07/08/2022 0:00;3;52;Persona;127;17900;21200;4;5
3970;07/08/2022 0:00;1;752;Persona;150;17600;18900;2;11
3971;07/08/2022 0:00;1;1041;Persona;74;18100;21000;2;11
3972;07/08/2022 0:00;1;296;Persona;114;17800;22900;2;11
3973;07/08/2022 0:00;1;252;Persona;99;17500;22600;2;11
3974;07/08/2022 0:00;4;916;Persona;89;17200;19100;3;6
3975;07/08/2022 0:00;4;856;Persona;148;17000;20400;3;6
3976;07/08/2022 0:00;4;685;Persona;8;18300;20000;3;6
3977;08/08/2022 0:00;4;885;Persona;130;17900;23000;3;6
3978;08/08/2022 0:00;3;654;Persona;112;17500;19200;4;10
3979;08/08/2022 0:00;3;544;Persona;122;17000;21800;4;10
3980;08/08/2022 0:00;3;698;Persona;140;17300;22000;4;10
3981;08/08/2022 0:00;3;732;Persona;125;17300;21300;4;10
3982;08/08/2022 0:00;3;668;Persona;110;17200;18300;2;8
3983;08/08/2022 0:00;3;778;Persona;88;17000;18000;2;8
3984;08/08/2022 0:00;3;930;Persona;155;18000;20500;2;8
3985;08/08/2022 0:00;3;304;Persona;56;17400;20100;2;8
3986;08/08/2022 0:00;3;488;Empresa;4;17700;19700;4;10
3987;08/08/2022 0:00;3;657;Empresa;121;17100;19900;4;10
3988;08/08/2022 0:00;3;670;Empresa;126;18100;22500;4;10
3989;08/08/2022 0:00;3;62;Empresa;108;18300;22600;4;10
3990;08/08/2022 0:00;4;50;Persona;41;17600;21500;1;4
3991;08/08/2022 0:00;4;516;Persona;30;17400;20200;1;4
3992;08/08/2022 0:00;4;538;Persona;158;17400;21100;1;4
3993;08/08/2022 0:00;4;199;Persona;10;16300;20000;1;4
3994;08/08/2022 0:00;2;561;Persona;12;17400;19100;4;5
3995;08/08/2022 0:00;2;1061;Persona;35;18000;20200;4;5
3996;09/08/2022 0:00;2;53;Persona;91;18300;20700;4;5
3997;09/08/2022 0:00;2;43;Persona;153;17200;20600;4;5
3998;09/08/2022 0:00;2;186;Persona;112;17500;18400;1;4
3999;09/08/2022 0:00;2;762;Persona;56;17400;18200;1;4
4000;09/08/2022 0:00;2;1150;Persona;64;17200;18600;1;4
4001;09/08/2022 0:00;2;932;Persona;57;17700;20800;1;4
4002;09/08/2022 0:00;1;707;Persona;25;17500;21000;2;11
4003;09/08/2022 0:00;1;1011;Persona;7;17800;22400;2;11
4004;09/08/2022 0:00;1;1068;Persona;66;18400;20100;2;11
4005;09/08/2022 0:00;1;38;Persona;23;17100;21000;2;11
4006;09/08/2022 0:00;4;722;Persona;159;17400;22500;3;6
4007;09/08/2022 0:00;4;243;Persona;177;16600;18300;3;6
4008;09/08/2022 0:00;4;1016;Persona;97;17500;19900;3;6
4009;09/08/2022 0:00;4;978;Persona;70;17300;20000;3;6
4010;09/08/2022 0:00;3;1097;Persona;99;17500;21500;2;8
4011;09/08/2022 0:00;3;832;Persona;156;17200;18000;2;8
4012;09/08/2022 0:00;3;876;Persona;133;17500;18900;2;8
4013;09/08/2022 0:00;2;1043;Persona;114;17800;19800;4;10
4014;09/08/2022 0:00;2;1004;Persona;93;16800;20000;4;10
4015;10/08/2022 0:00;2;792;Persona;114;17800;21500;4;10
4016;10/08/2022 0:00;2;230;Persona;38;18100;22900;4;10
4017;10/08/2022 0:00;4;496;Persona;68;17300;21700;1;9
4018;10/08/2022 0:00;4;400;Persona;26;17200;21000;1;9
4019;10/08/2022 0:00;4;40;Persona;44;17900;22200;1;9
4020;10/08/2022 0:00;4;948;Persona;144;17200;21400;1;9
4021;10/08/2022 0:00;4;536;Persona;123;18200;22200;2;11
4022;10/08/2022 0:00;4;301;Persona;41;17600;19700;2;11
4023;10/08/2022 0:00;4;534;Persona;175;17800;19300;2;11
4024;10/08/2022 0:00;2;688;Empresa;18;17500;21400;4;2
4025;10/08/2022 0:00;2;547;Empresa;136;17600;22500;4;2
4026;10/08/2022 0:00;2;1165;Empresa;89;17200;21400;4;2
4027;10/08/2022 0:00;2;524;Empresa;106;17600;20500;4;2
4028;10/08/2022 0:00;2;1130;Empresa;131;17000;18700;4;2
4029;10/08/2022 0:00;2;340;Empresa;3;17000;21100;4;2
4030;10/08/2022 0:00;2;792;Empresa;10;16300;17900;4;2
4031;10/08/2022 0:00;2;639;Empresa;173;17500;21700;4;2
4032;10/08/2022 0:00;3;559;Persona;132;17200;20200;2;11
4033;10/08/2022 0:00;3;487;Persona;65;17100;18600;2;11
4034;10/08/2022 0:00;3;1060;Persona;152;16600;20200;2;11
4035;10/08/2022 0:00;3;982;Persona;9;17100;21300;2;11
4036;10/08/2022 0:00;2;444;Empresa;160;16800;21300;4;5
4037;10/08/2022 0:00;2;441;Empresa;31;16500;19200;4;5
4038;10/08/2022 0:00;2;683;Empresa;90;17400;22400;4;5
4039;11/08/2022 0:00;2;80;Empresa;79;17700;22700;4;5
4040;11/08/2022 0:00;2;445;Persona;148;17000;19200;4;5
4041;11/08/2022 0:00;2;319;Persona;27;17400;20200;4;5
4042;11/08/2022 0:00;2;5;Persona;113;18000;21400;4;5
4043;11/08/2022 0:00;2;114;Persona;28;17800;19100;4;5
4044;11/08/2022 0:00;2;75;Empresa;16;17800;23100;4;7
4045;11/08/2022 0:00;2;1058;Empresa;173;17500;18400;4;7
4046;11/08/2022 0:00;2;868;Empresa;78;17200;20700;4;7
4047;11/08/2022 0:00;2;1056;Empresa;71;17800;22200;4;7
4048;11/08/2022 0:00;1;715;Empresa;71;17800;18700;1;9
4049;11/08/2022 0:00;1;999;Empresa;29;17700;20000;1;9
4050;11/08/2022 0:00;1;61;Empresa;9;17100;20300;1;9
4051;11/08/2022 0:00;1;643;Empresa;85;17600;20300;1;9
4052;11/08/2022 0:00;4;19;Persona;23;17100;20600;4;5
4053;11/08/2022 0:00;4;256;Persona;72;17800;20100;4;5
4054;11/08/2022 0:00;4;1056;Persona;103;18000;18900;4;5
4055;11/08/2022 0:00;4;1031;Persona;59;18100;23400;1;4
4056;11/08/2022 0:00;4;88;Persona;44;17900;19000;1;4
4057;11/08/2022 0:00;4;801;Persona;169;18000;20500;1;4
4058;11/08/2022 0:00;4;861;Persona;142;17200;19800;1;4
4059;12/08/2022 0:00;3;520;Persona;25;17500;19400;4;5
4060;12/08/2022 0:00;3;918;Persona;111;17500;22600;4;5
4061;12/08/2022 0:00;3;73;Persona;87;18000;19900;4;5
4062;12/08/2022 0:00;3;716;Persona;2;16800;19200;4;5
4063;12/08/2022 0:00;4;75;Persona;152;16600;21500;4;12
4064;12/08/2022 0:00;4;120;Persona;103;18000;19400;4;12
4065;12/08/2022 0:00;4;1072;Persona;59;18100;19400;4;12
4066;12/08/2022 0:00;4;948;Persona;53;16800;21200;4;12
4067;12/08/2022 0:00;2;766;Empresa;67;17700;20900;1;4
4068;12/08/2022 0:00;2;948;Empresa;25;17500;20400;1;4
4069;12/08/2022 0:00;2;922;Empresa;147;17300;18500;1;4
4070;12/08/2022 0:00;2;1031;Empresa;19;17000;21100;1;4
4071;12/08/2022 0:00;1;709;Persona;114;17800;22800;4;2
4072;12/08/2022 0:00;1;96;Persona;145;17400;19700;4;2
4073;12/08/2022 0:00;1;213;Persona;22;18000;23000;4;2
4074;13/08/2022 0:00;1;1153;Persona;65;17100;20700;1;4
4075;13/08/2022 0:00;1;1169;Persona;32;17800;23000;1;4
4076;13/08/2022 0:00;1;839;Persona;4;17700;21700;1;4
4077;13/08/2022 0:00;1;587;Persona;138;17400;20200;1;4
4078;13/08/2022 0:00;4;551;Persona;3;17000;19900;4;3
4079;13/08/2022 0:00;4;747;Persona;9;17100;19800;4;3
4080;13/08/2022 0:00;4;1069;Persona;173;17500;22600;4;3
4081;13/08/2022 0:00;4;341;Persona;102;17800;18700;4;3
4082;13/08/2022 0:00;4;749;Persona;96;17200;19100;4;2
4083;13/08/2022 0:00;4;498;Persona;62;17100;19800;4;2
4084;13/08/2022 0:00;4;1016;Persona;137;17800;21600;4;2
4085;13/08/2022 0:00;4;794;Persona;116;17700;22200;4;2
4086;13/08/2022 0:00;1;976;Persona;46;16700;19100;4;5
4087;13/08/2022 0:00;1;131;Persona;26;17200;21800;4;5
4088;13/08/2022 0:00;1;245;Persona;179;17500;20500;4;5
4089;13/08/2022 0:00;1;1155;Persona;45;17500;22100;4;5
4090;13/08/2022 0:00;4;396;Persona;169;18000;22300;4;10
4091;13/08/2022 0:00;4;999;Persona;9;17100;19200;4;10
4092;13/08/2022 0:00;4;871;Persona;149;17600;22400;4;10
4093;13/08/2022 0:00;4;729;Persona;172;17700;20700;4;10
4094;14/08/2022 0:00;4;570;Persona;103;18000;22200;1;4
4095;14/08/2022 0:00;4;933;Persona;37;17600;22200;1;4
4096;14/08/2022 0:00;4;481;Persona;166;18200;20700;1;4
4097;14/08/2022 0:00;4;461;Persona;112;17500;22400;1;4
4098;14/08/2022 0:00;1;395;Persona;87;18000;20000;4;12
4099;14/08/2022 0:00;1;323;Persona;160;16800;20800;4;12
4100;14/08/2022 0:00;1;621;Persona;29;17700;19300;4;12
4101;14/08/2022 0:00;1;1134;Persona;175;17800;22400;4;12
4102;14/08/2022 0:00;1;226;Persona;123;18200;23100;4;2
4103;14/08/2022 0:00;1;878;Persona;155;18000;19300;4;2
4104;14/08/2022 0:00;1;255;Persona;61;17600;18600;4;2
4105;14/08/2022 0:00;1;254;Persona;27;17400;20700;4;2
4106;14/08/2022 0:00;1;537;Empresa;23;17100;20200;2;8
4107;14/08/2022 0:00;1;45;Empresa;176;17600;22700;2;8
4108;14/08/2022 0:00;1;698;Empresa;64;17200;19800;2;8
4109;14/08/2022 0:00;1;237;Empresa;131;17000;20700;2;8
4110;14/08/2022 0:00;4;16;Persona;170;17400;19400;4;5
4111;14/08/2022 0:00;4;600;Persona;37;17600;22700;4;5
4112;14/08/2022 0:00;4;625;Persona;49;17300;21100;4;5
4113;14/08/2022 0:00;4;100;Persona;125;17300;19400;4;5
4114;14/08/2022 0:00;3;143;Persona;167;18200;22600;4;10
4115;14/08/2022 0:00;3;879;Persona;5;17200;21400;4;10
4116;14/08/2022 0:00;3;394;Persona;138;17400;21900;4;10
4117;14/08/2022 0:00;3;877;Persona;54;17800;18800;4;10
4118;15/08/2022 0:00;2;594;Persona;142;17200;21000;2;8
4119;15/08/2022 0:00;2;1102;Persona;83;17300;19400;2;8
4120;15/08/2022 0:00;2;1126;Persona;110;17200;21700;2;8
4121;15/08/2022 0:00;2;364;Persona;139;17100;20900;2;8
4122;15/08/2022 0:00;4;705;Persona;24;17200;19600;4;2
4123;15/08/2022 0:00;4;596;Persona;170;17400;19200;4;2
4124;15/08/2022 0:00;4;620;Persona;114;17800;20800;4;2
4125;15/08/2022 0:00;4;379;Persona;29;17700;22400;4;2
4126;15/08/2022 0:00;1;933;Persona;18;17500;20200;3;6
4127;15/08/2022 0:00;1;568;Persona;159;17400;19500;3;6
4128;15/08/2022 0:00;1;454;Persona;152;16600;21500;3;6
4129;15/08/2022 0:00;1;9;Persona;20;17600;21000;3;6
4130;15/08/2022 0:00;1;225;Persona;83;17300;22300;4;1
4131;15/08/2022 0:00;1;546;Persona;137;17800;21800;4;1
4132;15/08/2022 0:00;1;1055;Persona;168;17500;20400;4;1
4133;15/08/2022 0:00;1;541;Persona;97;17500;21600;4;1
4134;15/08/2022 0:00;1;616;Persona;86;17000;18400;3;6
4135;15/08/2022 0:00;1;387;Persona;66;18400;19400;3;6
4136;15/08/2022 0:00;1;374;Persona;153;17200;19000;3;6
4137;15/08/2022 0:00;1;662;Persona;3;17000;20500;3;6
4138;15/08/2022 0:00;3;98;Persona;150;17600;19400;4;3
4139;15/08/2022 0:00;3;108;Persona;55;17800;21100;4;3
4140;15/08/2022 0:00;3;310;Persona;117;16800;18200;4;3
4141;15/08/2022 0:00;3;827;Persona;43;18400;21100;4;7
4142;15/08/2022 0:00;3;497;Persona;177;16600;21300;4;7
4143;15/08/2022 0:00;3;741;Persona;75;17000;21700;4;7
4144;15/08/2022 0:00;3;1133;Persona;34;17500;22300;4;7
4145;15/08/2022 0:00;4;794;Persona;62;17100;18000;2;8
4146;15/08/2022 0:00;4;324;Persona;89;17200;18600;2;8
4147;15/08/2022 0:00;4;1133;Persona;36;17600;22000;2;8
4148;15/08/2022 0:00;4;405;Persona;157;18100;19000;2;8
4149;15/08/2022 0:00;4;1123;Persona;61;17600;19000;4;7
4150;15/08/2022 0:00;4;32;Persona;72;17800;21600;4;7
4151;15/08/2022 0:00;4;998;Persona;35;18000;19200;4;7
4152;15/08/2022 0:00;4;567;Persona;174;17400;19400;4;7
4153;15/08/2022 0:00;2;331;Persona;13;17300;20400;2;8
4154;15/08/2022 0:00;2;539;Persona;86;17000;19500;2;8
4155;15/08/2022 0:00;2;444;Persona;18;17500;21800;2;8
4156;15/08/2022 0:00;2;500;Persona;147;17300;19100;2;8
4157;15/08/2022 0:00;2;208;Persona;7;17800;22300;4;3
4158;15/08/2022 0:00;2;1083;Persona;166;18200;19900;4;3
4159;15/08/2022 0:00;2;540;Persona;115;18400;20500;4;3
4160;15/08/2022 0:00;2;277;Persona;54;17800;21600;4;3
4161;15/08/2022 0:00;2;29;Persona;122;17000;18100;4;3
4162;15/08/2022 0:00;2;1121;Persona;157;18100;22000;4;3
4163;15/08/2022 0:00;2;1056;Persona;38;18100;23400;4;3
4164;16/08/2022 0:00;2;320;Persona;39;17200;20400;4;3
4165;16/08/2022 0:00;2;241;Persona;137;17800;22400;2;8
4166;16/08/2022 0:00;2;273;Persona;69;17800;19600;2;8
4167;16/08/2022 0:00;2;416;Persona;147;17300;20900;2;8
4168;16/08/2022 0:00;2;1147;Persona;19;17000;18700;2;8
4169;16/08/2022 0:00;1;421;Persona;8;18300;19800;4;1
4170;16/08/2022 0:00;1;235;Persona;19;17000;21500;4;1
4171;16/08/2022 0:00;1;711;Persona;113;18000;21900;4;1
4172;16/08/2022 0:00;1;808;Persona;49;17300;19200;4;1
4173;16/08/2022 0:00;1;261;Persona;137;17800;21500;4;3
4174;16/08/2022 0:00;1;33;Persona;79;17700;18600;4;3
4175;17/08/2022 0:00;1;497;Persona;130;17900;21300;4;3
4176;17/08/2022 0:00;1;679;Persona;153;17200;19800;4;3
4177;17/08/2022 0:00;1;1161;Empresa;98;18000;22700;2;8
4178;17/08/2022 0:00;1;1070;Empresa;117;16800;18500;2;8
4179;17/08/2022 0:00;1;492;Empresa;131;17000;20500;2;8
4180;17/08/2022 0:00;1;1071;Empresa;6;17100;19600;2;8
4181;17/08/2022 0:00;3;1089;Persona;15;17200;18300;4;10
4182;17/08/2022 0:00;3;52;Persona;140;17300;22100;4;10
4183;17/08/2022 0:00;3;775;Persona;121;17100;17900;4;10
4184;17/08/2022 0:00;3;98;Persona;41;17600;19300;4;10
4185;17/08/2022 0:00;4;1064;Persona;178;17400;19200;4;1
4186;17/08/2022 0:00;4;1151;Persona;76;17700;22800;4;1
4187;17/08/2022 0:00;4;548;Persona;59;18100;21800;4;1
4188;17/08/2022 0:00;4;735;Persona;81;17400;20300;4;1
4189;17/08/2022 0:00;2;941;Persona;148;17000;21900;1;4
4190;17/08/2022 0:00;2;847;Persona;146;17100;21400;1;4
4191;17/08/2022 0:00;2;561;Persona;123;18200;21600;1;4
4192;17/08/2022 0:00;2;961;Persona;114;17800;19100;1;4
4193;17/08/2022 0:00;1;82;Persona;97;17500;22400;4;12
4194;17/08/2022 0:00;1;820;Persona;71;17800;20100;4;12
4195;17/08/2022 0:00;1;900;Persona;71;17800;23100;4;12
4196;17/08/2022 0:00;1;112;Persona;83;17300;21000;4;12
4197;17/08/2022 0:00;3;438;Persona;161;16600;21200;2;8
4198;17/08/2022 0:00;3;9;Persona;147;17300;20900;2;8
4199;18/08/2022 0:00;3;321;Persona;29;17700;21300;2;8
4200;18/08/2022 0:00;3;846;Persona;126;18100;22100;2;8
4201;18/08/2022 0:00;2;1168;Persona;50;16300;20000;4;10
4202;18/08/2022 0:00;2;401;Persona;169;18000;22500;4;10
4203;18/08/2022 0:00;2;407;Persona;48;17100;21800;4;10
4204;18/08/2022 0:00;2;659;Persona;100;18100;23100;4;10
4205;18/08/2022 0:00;2;147;Persona;121;17100;19700;4;7
4206;18/08/2022 0:00;2;483;Persona;44;17900;19000;4;7
4207;18/08/2022 0:00;2;367;Persona;70;17300;20600;4;7
4208;18/08/2022 0:00;2;384;Persona;7;17800;19500;4;7
4209;18/08/2022 0:00;4;508;Persona;127;17900;20200;4;1
4210;18/08/2022 0:00;4;1126;Persona;29;17700;19700;4;1
4211;18/08/2022 0:00;4;574;Persona;3;17000;20000;4;1
4212;18/08/2022 0:00;4;24;Persona;134;18000;20100;4;1
4213;18/08/2022 0:00;2;600;Persona;96;17200;19600;2;8
4214;18/08/2022 0:00;2;999;Persona;55;17800;20100;2;8
4215;18/08/2022 0:00;2;865;Persona;147;17300;19700;2;8
4216;18/08/2022 0:00;2;764;Persona;88;17000;19000;2;8
4217;18/08/2022 0:00;2;781;Persona;92;17500;20400;4;2
4218;18/08/2022 0:00;2;596;Persona;133;17500;20900;4;2
4219;18/08/2022 0:00;2;511;Persona;23;17100;22000;4;2
4220;18/08/2022 0:00;2;232;Persona;148;17000;19200;4;2
4221;18/08/2022 0:00;2;64;Persona;80;17400;22100;1;4
4222;18/08/2022 0:00;2;209;Persona;109;17700;22000;1;4
4223;18/08/2022 0:00;2;1040;Persona;148;17000;18400;1;4
4224;18/08/2022 0:00;2;181;Persona;71;17800;20800;1;4
4225;18/08/2022 0:00;1;294;Persona;4;17700;22700;2;8
4226;18/08/2022 0:00;1;496;Persona;36;17600;19000;2;8
4227;18/08/2022 0:00;1;278;Persona;164;16800;21300;2;8
4228;18/08/2022 0:00;1;620;Persona;152;16600;20700;2;8
4229;18/08/2022 0:00;1;599;Persona;136;17600;21500;1;9
4230;18/08/2022 0:00;1;832;Persona;133;17500;18400;1;9
4231;18/08/2022 0:00;1;660;Persona;84;18500;24000;1;9
4232;18/08/2022 0:00;1;714;Persona;156;17200;19000;1;9
4233;18/08/2022 0:00;2;622;Persona;88;17000;18700;4;1
4234;18/08/2022 0:00;2;142;Persona;115;18400;22200;4;1
4235;19/08/2022 0:00;2;203;Persona;170;17400;19000;4;1
4236;19/08/2022 0:00;2;580;Persona;33;17100;21200;4;1
4237;19/08/2022 0:00;1;22;Persona;130;17900;23000;1;4
4238;19/08/2022 0:00;1;213;Persona;38;18100;22900;1;4
4239;19/08/2022 0:00;1;437;Persona;88;17000;18600;1;4
4240;19/08/2022 0:00;1;292;Persona;74;18100;22400;1;4
4241;19/08/2022 0:00;3;84;Persona;20;17600;22700;4;12
4242;19/08/2022 0:00;3;202;Persona;35;18000;19000;4;12
4243;19/08/2022 0:00;3;947;Persona;132;17200;19600;4;12
4244;19/08/2022 0:00;3;31;Persona;71;17800;22400;4;12
4245;19/08/2022 0:00;1;128;Persona;45;17500;19000;4;3
4246;19/08/2022 0:00;1;673;Persona;75;17000;19800;4;3
4247;19/08/2022 0:00;1;212;Persona;41;17600;22600;4;3
4248;19/08/2022 0:00;1;556;Persona;134;18000;22700;4;3
4249;19/08/2022 0:00;1;73;Persona;156;17200;21100;4;7
4250;19/08/2022 0:00;1;147;Persona;136;17600;20300;4;7
4251;19/08/2022 0:00;1;853;Persona;83;17300;22300;4;7
4252;19/08/2022 0:00;1;841;Persona;62;17100;18900;4;7
4253;19/08/2022 0:00;1;424;Persona;54;17800;20300;2;8
4254;19/08/2022 0:00;1;278;Persona;139;17100;20800;2;8
4255;19/08/2022 0:00;1;147;Persona;135;17800;23100;2;8
4256;19/08/2022 0:00;1;355;Persona;73;17100;18800;2;8
4257;19/08/2022 0:00;3;1045;Persona;32;17800;22100;4;3
4258;19/08/2022 0:00;3;291;Persona;58;17600;19900;4;3
4259;19/08/2022 0:00;3;15;Persona;171;16800;18400;4;3
4260;19/08/2022 0:00;3;499;Persona;105;18200;19900;4;3
4261;19/08/2022 0:00;3;1140;Persona;175;17800;18800;4;1
4262;19/08/2022 0:00;3;998;Persona;50;16300;20100;4;1
4263;20/08/2022 0:00;3;242;Persona;125;17300;22400;4;1
4264;20/08/2022 0:00;3;641;Persona;32;17800;22300;4;1
4265;20/08/2022 0:00;2;962;Persona;16;17800;23000;2;8
4266;20/08/2022 0:00;2;1098;Persona;59;18100;23300;2;8
4267;20/08/2022 0:00;2;520;Persona;85;17600;20100;2;8
4268;20/08/2022 0:00;2;970;Persona;136;17600;20400;2;8
4269;20/08/2022 0:00;2;168;Persona;61;17600;21800;4;1
4270;20/08/2022 0:00;2;814;Persona;59;18100;23200;4;1
4271;20/08/2022 0:00;2;910;Persona;30;17400;21100;4;1
4272;20/08/2022 0:00;2;455;Persona;145;17400;20900;4;1
4273;20/08/2022 0:00;1;107;Persona;98;18000;22800;4;12
4274;20/08/2022 0:00;1;763;Persona;108;18300;23500;4;12
4275;20/08/2022 0:00;1;459;Persona;159;17400;20200;4;12
4276;20/08/2022 0:00;1;559;Persona;138;17400;19400;4;12
4277;20/08/2022 0:00;1;399;Persona;8;18300;20500;2;8
4278;20/08/2022 0:00;1;930;Persona;24;17200;18900;2;8
4279;20/08/2022 0:00;1;987;Persona;165;16900;19900;2;8
4280;20/08/2022 0:00;1;109;Persona;174;17400;19200;2;8
4281;20/08/2022 0:00;3;534;Persona;176;17600;20300;2;11
4282;20/08/2022 0:00;3;58;Persona;15;17200;20400;2;11
4283;21/08/2022 0:00;3;582;Persona;43;18400;21600;2;11
4284;21/08/2022 0:00;3;230;Persona;108;18300;22600;2;11
4285;21/08/2022 0:00;2;306;Persona;68;17300;18700;4;12
4286;21/08/2022 0:00;2;285;Persona;117;16800;20400;4;12
4287;21/08/2022 0:00;2;324;Persona;116;17700;19200;4;12
4288;21/08/2022 0:00;2;749;Persona;75;17000;19800;4;12
4289;21/08/2022 0:00;2;1131;Persona;35;18000;19500;2;11
4290;21/08/2022 0:00;2;31;Persona;88;17000;21000;2;11
4291;22/08/2022 0:00;2;610;Persona;27;17400;21900;2;11
4292;22/08/2022 0:00;2;866;Persona;168;17500;22100;2;11
4293;22/08/2022 0:00;1;898;Empresa;118;18000;21800;1;9
4294;22/08/2022 0:00;1;1034;Empresa;115;18400;23100;1;9
4295;22/08/2022 0:00;1;1055;Empresa;174;17400;19500;1;9
4296;22/08/2022 0:00;1;285;Empresa;159;17400;21900;1;9
4297;22/08/2022 0:00;1;513;Persona;23;17100;18900;4;10
4298;22/08/2022 0:00;1;1034;Persona;53;16800;21400;4;10
4299;22/08/2022 0:00;1;507;Persona;167;18200;21800;4;10
4300;22/08/2022 0:00;1;469;Persona;149;17600;22300;4;10
4301;22/08/2022 0:00;1;13;Persona;103;18000;20900;1;9
4302;22/08/2022 0:00;1;192;Persona;87;18000;20300;1;9
4303;22/08/2022 0:00;1;1103;Persona;92;17500;21200;1;9
4304;22/08/2022 0:00;1;914;Persona;60;17300;18900;1;9
4305;22/08/2022 0:00;2;95;Persona;164;16800;19400;1;4
4306;22/08/2022 0:00;2;96;Persona;143;17700;20800;1;4
4307;23/08/2022 0:00;2;1176;Persona;5;17200;21300;1;4
4308;23/08/2022 0:00;1;889;Persona;109;17700;22000;4;12
4309;23/08/2022 0:00;1;1138;Persona;50;16300;20200;4;12
4310;23/08/2022 0:00;1;1135;Persona;34;17500;18400;4;12
4311;23/08/2022 0:00;1;552;Persona;151;17200;22300;4;12
4312;23/08/2022 0:00;2;789;Persona;103;18000;21400;3;6
4313;23/08/2022 0:00;2;347;Persona;74;18100;23100;3;6
4314;23/08/2022 0:00;2;887;Persona;128;17500;19300;3;6
4315;23/08/2022 0:00;2;604;Persona;3;17000;18000;3;6
4316;23/08/2022 0:00;1;1124;Persona;71;17800;21100;3;6
4317;23/08/2022 0:00;1;169;Persona;106;17600;22000;3;6
4318;23/08/2022 0:00;1;918;Persona;16;17800;22300;3;6
4319;23/08/2022 0:00;3;967;Persona;49;17300;22200;4;7
4320;23/08/2022 0:00;3;1061;Persona;89;17200;18100;4;7
4321;23/08/2022 0:00;3;1148;Persona;173;17500;22200;4;7
4322;23/08/2022 0:00;3;56;Persona;83;17300;19000;4;7
4323;24/08/2022 0:00;3;729;Persona;97;17500;19700;4;5
4324;24/08/2022 0:00;3;38;Persona;149;17600;19900;4;5
4325;24/08/2022 0:00;3;1092;Persona;156;17200;20800;4;5
4326;24/08/2022 0:00;3;1129;Persona;164;16800;20500;4;5
4327;24/08/2022 0:00;2;434;Persona;11;17300;18100;4;2
4328;24/08/2022 0:00;2;573;Persona;120;17600;19000;4;2
4329;24/08/2022 0:00;2;941;Persona;156;17200;19600;4;2
4330;24/08/2022 0:00;2;319;Persona;152;16600;19200;4;2
4331;24/08/2022 0:00;1;524;Persona;4;17700;19600;1;9
4332;24/08/2022 0:00;1;878;Persona;67;17700;21000;1;9
4333;24/08/2022 0:00;1;76;Persona;102;17800;19700;1;9
4334;25/08/2022 0:00;1;213;Persona;150;17600;19600;1;9
4335;25/08/2022 0:00;3;770;Empresa;52;17800;19400;4;3
4336;25/08/2022 0:00;3;983;Empresa;75;17000;21500;4;3
4337;25/08/2022 0:00;3;243;Empresa;118;18000;21700;4;3
4338;25/08/2022 0:00;3;600;Empresa;139;17100;18800;4;3
4339;25/08/2022 0:00;3;462;Persona;102;17800;22100;3;6
4340;25/08/2022 0:00;3;1154;Persona;133;17500;19500;3;6
4341;25/08/2022 0:00;3;1009;Persona;161;16600;21400;3;6
4342;25/08/2022 0:00;4;832;Persona;61;17600;22500;4;10
4343;25/08/2022 0:00;4;616;Persona;49;17300;20600;4;10
4344;25/08/2022 0:00;4;800;Persona;68;17300;19100;4;10
4345;25/08/2022 0:00;4;242;Persona;13;17300;21800;4;10
4346;25/08/2022 0:00;2;78;Empresa;31;16500;20500;4;2
4347;25/08/2022 0:00;2;461;Empresa;91;18300;19400;4;2
4348;25/08/2022 0:00;2;697;Empresa;41;17600;19400;4;2
4349;25/08/2022 0:00;2;782;Empresa;27;17400;20700;4;2
4350;25/08/2022 0:00;2;688;Persona;136;17600;20800;3;6
4351;25/08/2022 0:00;2;834;Persona;34;17500;22100;3;6
4352;25/08/2022 0:00;2;1044;Persona;159;17400;18600;3;6
4353;25/08/2022 0:00;2;144;Persona;34;17500;21100;3;6
4354;26/08/2022 0:00;1;706;Persona;96;17200;21600;2;11
4355;26/08/2022 0:00;1;230;Persona;115;18400;19300;2;11
4356;26/08/2022 0:00;1;1053;Persona;19;17000;20100;2;11
4357;26/08/2022 0:00;1;420;Persona;34;17500;22600;2;11
4358;26/08/2022 0:00;3;205;Persona;118;18000;22500;4;10
4359;26/08/2022 0:00;3;592;Persona;70;17300;18500;4;10
4360;26/08/2022 0:00;3;1054;Persona;97;17500;22600;4;10
4361;26/08/2022 0:00;3;987;Persona;42;17600;19000;4;10
4362;26/08/2022 0:00;3;1091;Persona;41;17600;22600;2;11
4363;26/08/2022 0:00;3;785;Persona;3;17000;18300;2;11
4364;26/08/2022 0:00;3;617;Persona;18;17500;19000;2;11
4365;26/08/2022 0:00;3;355;Persona;76;17700;22800;2;11
4366;27/08/2022 0:00;2;576;Persona;140;17300;19700;4;5
4367;27/08/2022 0:00;2;860;Persona;5;17200;18600;4;5
4368;27/08/2022 0:00;2;550;Persona;87;18000;21000;4;5
4369;27/08/2022 0:00;2;417;Persona;2;16800;20500;4;5
4370;28/08/2022 0:00;2;306;Empresa;49;17300;21700;2;8
4371;28/08/2022 0:00;2;842;Empresa;69;17800;22000;2;8
4372;28/08/2022 0:00;2;731;Empresa;48;17100;18800;2;8
4373;28/08/2022 0:00;2;555;Empresa;92;17500;18800;2;8
4374;28/08/2022 0:00;2;1103;Persona;172;17700;22100;4;7
4375;28/08/2022 0:00;2;306;Persona;124;17500;22600;4;7
4376;28/08/2022 0:00;2;917;Persona;150;17600;18900;4;7
4377;28/08/2022 0:00;2;237;Persona;56;17400;21800;4;7
4378;28/08/2022 0:00;3;355;Persona;120;17600;20900;3;6
4379;28/08/2022 0:00;3;218;Persona;164;16800;19500;3;6
4380;28/08/2022 0:00;3;858;Persona;2;16800;21500;3;6
4381;28/08/2022 0:00;3;354;Persona;28;17800;22800;3;6
4382;28/08/2022 0:00;4;624;Persona;138;17400;20300;2;11
4383;28/08/2022 0:00;4;1076;Persona;59;18100;20700;2;11
4384;28/08/2022 0:00;4;301;Persona;32;17800;22600;2;11
4385;28/08/2022 0:00;4;699;Persona;54;17800;22300;2;11
4386;28/08/2022 0:00;1;306;Persona;70;17300;20000;3;6
4387;28/08/2022 0:00;1;664;Persona;142;17200;22200;3;6
4388;28/08/2022 0:00;1;329;Persona;95;17700;21700;3;6
4389;29/08/2022 0:00;1;623;Persona;66;18400;19800;3;6
4390;29/08/2022 0:00;4;88;Persona;160;16800;20400;4;2
4391;29/08/2022 0:00;4;109;Persona;179;17500;19800;4;2
4392;29/08/2022 0:00;4;164;Persona;41;17600;20000;4;2
4393;29/08/2022 0:00;4;764;Persona;125;17300;18200;4;2
4394;29/08/2022 0:00;3;829;Persona;99;17500;19800;3;6
4395;29/08/2022 0:00;3;1138;Persona;128;17500;19200;3;6
4396;29/08/2022 0:00;3;109;Persona;138;17400;22500;3;6
4397;29/08/2022 0:00;3;959;Persona;102;17800;20800;3;6
4398;29/08/2022 0:00;2;875;Persona;146;17100;21500;4;1
4399;29/08/2022 0:00;2;74;Persona;75;17000;21600;4;1
4400;29/08/2022 0:00;2;807;Persona;146;17100;20500;4;1
4401;29/08/2022 0:00;2;269;Persona;122;17000;19800;4;1
4402;29/08/2022 0:00;1;1;Persona;175;17800;19900;4;2
4403;29/08/2022 0:00;1;190;Persona;141;18800;21500;4;2
4404;29/08/2022 0:00;1;573;Persona;6;17100;19500;4;2
4405;29/08/2022 0:00;1;27;Persona;127;17900;20700;4;2
4406;29/08/2022 0:00;4;1065;Persona;40;17000;18800;4;7
4407;29/08/2022 0:00;4;594;Persona;103;18000;22800;4;7
4408;29/08/2022 0:00;4;904;Persona;98;18000;21000;4;7
4409;29/08/2022 0:00;4;903;Persona;80;17400;19600;4;7
4410;29/08/2022 0:00;3;321;Persona;134;18000;21200;1;4
4411;29/08/2022 0:00;3;1168;Persona;91;18300;20400;1;4
4412;29/08/2022 0:00;3;552;Persona;111;17500;19500;1;4
4413;30/08/2022 0:00;3;815;Persona;146;17100;19300;1;4
4414;30/08/2022 0:00;2;577;Empresa;14;16800;20100;4;5
4415;30/08/2022 0:00;2;61;Empresa;55;17800;22000;4;5
4416;30/08/2022 0:00;2;188;Empresa;98;18000;20000;4;5
4417;30/08/2022 0:00;2;882;Empresa;6;17100;21600;4;5
4418;30/08/2022 0:00;3;794;Persona;96;17200;21600;4;7
4419;30/08/2022 0:00;3;590;Persona;30;17400;21500;4;7
4420;30/08/2022 0:00;3;1121;Persona;115;18400;23700;4;7
4421;30/08/2022 0:00;3;1153;Persona;17;18100;22700;4;7
4422;30/08/2022 0:00;3;241;Persona;94;17500;20200;4;1
4423;30/08/2022 0:00;3;691;Persona;45;17500;22200;4;1
4424;30/08/2022 0:00;3;1075;Persona;134;18000;20400;4;1
4425;30/08/2022 0:00;3;920;Persona;92;17500;21800;4;10
4426;30/08/2022 0:00;3;482;Persona;18;17500;18800;4;10
4427;30/08/2022 0:00;3;955;Persona;139;17100;19500;4;10
4428;30/08/2022 0:00;3;440;Persona;138;17400;18900;4;10
4429;30/08/2022 0:00;2;319;Persona;54;17800;19000;2;8
4430;30/08/2022 0:00;2;150;Persona;91;18300;21200;2;8
4431;30/08/2022 0:00;2;974;Persona;139;17100;21900;2;8
4432;30/08/2022 0:00;2;593;Persona;27;17400;19300;2;8
4433;31/08/2022 0:00;4;1167;Persona;160;16800;19700;4;3
4434;31/08/2022 0:00;4;933;Persona;159;17400;20900;4;3
4435;31/08/2022 0:00;4;351;Persona;105;18200;23200;4;3
4436;31/08/2022 0:00;4;100;Persona;116;17700;20900;4;3
4437;31/08/2022 0:00;3;1149;Persona;168;17500;18500;4;3
4438;31/08/2022 0:00;3;494;Persona;138;17400;19100;4;3
4439;31/08/2022 0:00;3;251;Persona;3;17000;21700;4;3
4440;31/08/2022 0:00;3;97;Persona;65;17100;18400;4;3
4441;31/08/2022 0:00;4;719;Persona;41;17600;21300;4;2
4442;31/08/2022 0:00;4;927;Persona;112;17500;22600;4;2
4443;31/08/2022 0:00;4;213;Persona;149;17600;21300;4;2
4444;31/08/2022 0:00;4;1115;Persona;65;17100;20400;4;2
4445;31/08/2022 0:00;2;530;Persona;122;17000;20400;4;2
4446;31/08/2022 0:00;2;541;Persona;82;17700;19500;4;2
4447;31/08/2022 0:00;2;81;Persona;90;17400;21500;4;2
4448;31/08/2022 0:00;2;415;Persona;73;17100;19900;4;2
4449;31/08/2022 0:00;1;1140;Empresa;162;18500;19400;2;11
4450;31/08/2022 0:00;1;539;Empresa;25;17500;21300;2;11
4451;31/08/2022 0:00;1;144;Empresa;119;17300;21600;2;11
4452;31/08/2022 0:00;1;474;Empresa;23;17100;18700;2;11
4453;01/09/2022 0:00;1;1073;Empresa;53;16800;20200;4;3
4454;01/09/2022 0:00;1;707;Empresa;90;17400;22200;4;3
4455;01/09/2022 0:00;1;1156;Empresa;124;17500;21600;4;3
4456;01/09/2022 0:00;1;429;Empresa;163;17800;21100;4;3
4457;01/09/2022 0:00;4;380;Persona;152;16600;21100;4;12
4458;01/09/2022 0:00;4;551;Persona;72;17800;20400;4;12
4459;01/09/2022 0:00;4;75;Persona;95;17700;22700;4;12
4460;01/09/2022 0:00;4;205;Persona;2;16800;20700;4;12
4461;01/09/2022 0:00;2;246;Persona;37;17600;19500;2;11
4462;01/09/2022 0:00;2;50;Persona;111;17500;20600;2;11
4463;01/09/2022 0:00;2;936;Persona;36;17600;19300;2;11
4464;01/09/2022 0:00;2;1044;Persona;98;18000;21900;2;11
4465;01/09/2022 0:00;2;711;Persona;156;17200;20400;1;4
4466;01/09/2022 0:00;2;598;Persona;123;18200;23200;1;4
4467;01/09/2022 0:00;2;385;Persona;137;17800;23000;1;4
4468;02/09/2022 0:00;2;363;Persona;137;17800;20000;1;4
4469;02/09/2022 0:00;2;511;Persona;88;17000;18000;4;12
4470;02/09/2022 0:00;2;676;Persona;39;17200;21900;4;12
4471;02/09/2022 0:00;2;1177;Persona;35;18000;20200;4;12
4472;02/09/2022 0:00;2;141;Persona;124;17500;21200;4;1
4473;02/09/2022 0:00;2;104;Persona;81;17400;21800;4;1
4474;02/09/2022 0:00;2;874;Persona;26;17200;18000;4;1
4475;02/09/2022 0:00;2;526;Persona;108;18300;21300;4;1
4476;02/09/2022 0:00;1;893;Persona;132;17200;19900;2;11
4477;02/09/2022 0:00;1;679;Persona;79;17700;20500;2;11
4478;02/09/2022 0:00;1;285;Persona;178;17400;21200;2;11
4479;02/09/2022 0:00;3;746;Persona;141;18800;20700;4;3
4480;02/09/2022 0:00;3;566;Persona;178;17400;21100;4;3
4481;02/09/2022 0:00;3;913;Persona;135;17800;22700;4;3
4482;02/09/2022 0:00;3;1011;Persona;88;17000;18600;4;3
4483;02/09/2022 0:00;3;435;Persona;80;17400;19000;2;11
4484;02/09/2022 0:00;3;326;Persona;140;17300;19300;2;11
4485;02/09/2022 0:00;3;422;Persona;134;18000;22300;2;11
4486;02/09/2022 0:00;3;514;Persona;105;18200;21500;2;11
4487;02/09/2022 0:00;2;479;Persona;23;17100;20700;1;9
4488;02/09/2022 0:00;2;565;Persona;1;16800;21500;1;9
4489;02/09/2022 0:00;2;865;Persona;53;16800;20000;1;9
4490;02/09/2022 0:00;2;861;Persona;3;17000;21400;1;9
4491;03/09/2022 0:00;1;32;Persona;171;16800;18900;4;3
4492;03/09/2022 0:00;1;1098;Persona;74;18100;19800;4;3
4493;03/09/2022 0:00;1;331;Persona;73;17100;20200;4;3
4494;03/09/2022 0:00;1;1002;Persona;100;18100;22900;4;3
4495;03/09/2022 0:00;4;679;Empresa;101;17500;20100;3;6
4496;03/09/2022 0:00;4;1064;Empresa;10;16300;20600;3;6
4497;03/09/2022 0:00;4;488;Empresa;172;17700;22900;3;6
4498;03/09/2022 0:00;4;727;Empresa;114;17800;20000;3;6
4499;04/09/2022 0:00;3;231;Persona;103;18000;20000;4;7
4500;04/09/2022 0:00;3;16;Persona;123;18200;20800;4;7
4501;04/09/2022 0:00;3;1028;Persona;164;16800;21500;4;7
4502;04/09/2022 0:00;3;1071;Persona;79;17700;20300;4;7
4503;04/09/2022 0:00;2;604;Persona;71;17800;20300;4;7
4504;04/09/2022 0:00;2;51;Persona;58;17600;18600;4;7
4505;04/09/2022 0:00;2;682;Persona;37;17600;21700;4;7
4506;04/09/2022 0:00;2;269;Persona;103;18000;20000;4;7
4507;04/09/2022 0:00;2;56;Persona;123;18200;22800;4;2
4508;04/09/2022 0:00;2;840;Persona;160;16800;21400;4;2
4509;04/09/2022 0:00;2;542;Persona;74;18100;19900;4;2
4510;04/09/2022 0:00;2;499;Persona;49;17300;19600;4;5
4511;04/09/2022 0:00;2;170;Persona;11;17300;19600;4;5
4512;04/09/2022 0:00;2;570;Persona;114;17800;20200;4;5
4513;04/09/2022 0:00;2;440;Persona;41;17600;21700;4;5
4514;04/09/2022 0:00;4;445;Persona;27;17400;19700;1;9
4515;04/09/2022 0:00;4;646;Persona;78;17200;21300;1;9
4516;04/09/2022 0:00;4;133;Persona;88;17000;19600;1;9
4517;04/09/2022 0:00;4;195;Persona;44;17900;20400;4;2
4518;05/09/2022 0:00;4;240;Persona;16;17800;21600;4;2
4519;05/09/2022 0:00;4;447;Persona;173;17500;19100;4;2
4520;05/09/2022 0:00;4;159;Persona;31;16500;18100;4;2
4521;05/09/2022 0:00;4;558;Persona;48;17100;20100;1;4
4522;05/09/2022 0:00;4;797;Persona;33;17100;18200;1;4
4523;05/09/2022 0:00;4;303;Persona;127;17900;19000;1;4
4524;05/09/2022 0:00;4;744;Persona;105;18200;21800;1;4
4525;05/09/2022 0:00;2;374;Persona;34;17500;22300;2;8
4526;05/09/2022 0:00;2;525;Persona;166;18200;23500;2;8
4527;05/09/2022 0:00;2;705;Persona;58;17600;21800;2;8
4528;05/09/2022 0:00;2;219;Persona;117;16800;19100;2;8
4529;05/09/2022 0:00;2;783;Persona;92;17500;18400;4;7
4530;05/09/2022 0:00;2;285;Persona;92;17500;18900;4;7
4531;05/09/2022 0:00;2;1179;Persona;42;17600;19300;4;7
4532;05/09/2022 0:00;2;400;Persona;58;17600;21400;4;7
4533;05/09/2022 0:00;1;1037;Persona;146;17100;20800;4;3
4534;05/09/2022 0:00;1;192;Persona;122;17000;21100;4;3
4535;05/09/2022 0:00;1;200;Persona;107;17300;18300;4;3
4536;05/09/2022 0:00;1;1070;Persona;99;17500;18600;4;3
4537;05/09/2022 0:00;4;779;Persona;30;17400;19800;4;3
4538;05/09/2022 0:00;4;580;Persona;20;17600;19800;4;3
4539;05/09/2022 0:00;4;533;Persona;133;17500;19400;4;3
4540;06/09/2022 0:00;4;751;Empresa;123;18200;20000;4;7
4541;06/09/2022 0:00;4;426;Empresa;132;17200;21000;4;7
4542;06/09/2022 0:00;4;240;Empresa;97;17500;20100;4;7
4543;06/09/2022 0:00;4;544;Empresa;21;18000;20100;4;7
4544;06/09/2022 0:00;3;808;Persona;14;16800;17800;2;11
4545;06/09/2022 0:00;3;503;Persona;112;17500;22000;2;11
4546;06/09/2022 0:00;3;963;Persona;55;17800;19100;2;11
4547;06/09/2022 0:00;3;52;Persona;136;17600;20300;2;11
4548;06/09/2022 0:00;2;673;Empresa;2;16800;18100;3;6
4549;06/09/2022 0:00;2;1038;Empresa;67;17700;22200;3;6
4550;06/09/2022 0:00;2;1039;Empresa;73;17100;20700;3;6
4551;06/09/2022 0:00;2;74;Empresa;173;17500;19200;3;6
4552;07/09/2022 0:00;2;678;Persona;103;18000;20800;4;7
4553;07/09/2022 0:00;2;376;Persona;52;17800;22700;4;7
4554;07/09/2022 0:00;2;976;Persona;158;17400;18600;4;7
4555;07/09/2022 0:00;2;1067;Persona;55;17800;22000;4;7
4556;07/09/2022 0:00;2;107;Persona;152;16600;19200;4;3
4557;07/09/2022 0:00;2;789;Persona;171;16800;21700;4;3
4558;07/09/2022 0:00;2;774;Persona;73;17100;18600;4;3
4559;07/09/2022 0:00;2;314;Persona;13;17300;18900;4;3
4560;07/09/2022 0:00;4;1069;Persona;147;17300;20200;4;1
4561;07/09/2022 0:00;4;170;Persona;1;16800;20400;4;1
4562;07/09/2022 0:00;4;641;Persona;64;17200;20000;4;1
4563;07/09/2022 0:00;4;578;Persona;61;17600;22000;4;1
4564;07/09/2022 0:00;4;648;Persona;100;18100;20900;4;5
4565;07/09/2022 0:00;4;1165;Persona;108;18300;23200;4;5
4566;07/09/2022 0:00;4;1106;Persona;42;17600;21200;4;5
4567;07/09/2022 0:00;4;891;Persona;54;17800;22900;4;5
4568;07/09/2022 0:00;2;285;Empresa;91;18300;23300;1;9
4569;07/09/2022 0:00;2;532;Empresa;129;17800;22000;1;9
4570;07/09/2022 0:00;2;981;Empresa;110;17200;18400;1;9
4571;08/09/2022 0:00;2;110;Empresa;121;17100;19800;1;9
4572;08/09/2022 0:00;2;592;Empresa;97;17500;20300;4;1
4573;08/09/2022 0:00;2;432;Empresa;157;18100;20800;4;1
4574;08/09/2022 0:00;2;684;Empresa;84;18500;22100;4;1
4575;08/09/2022 0:00;2;997;Empresa;172;17700;22800;4;1
4576;08/09/2022 0:00;1;812;Persona;151;17200;20200;1;9
4577;08/09/2022 0:00;1;552;Persona;2;16800;20500;1;9
4578;08/09/2022 0:00;1;1045;Persona;86;17000;21000;1;9
4579;08/09/2022 0:00;1;136;Persona;108;18300;23500;1;9
4580;08/09/2022 0:00;4;280;Persona;5;17200;21700;4;12
4581;08/09/2022 0:00;4;305;Persona;5;17200;22000;4;12
4582;08/09/2022 0:00;4;951;Persona;134;18000;19600;4;12
4583;08/09/2022 0:00;2;924;Persona;75;17000;21600;4;3
4584;08/09/2022 0:00;2;376;Persona;56;17400;19300;4;3
4585;08/09/2022 0:00;2;29;Persona;44;17900;21400;4;3
4586;08/09/2022 0:00;2;1104;Persona;91;18300;20000;4;3
4587;09/09/2022 0:00;4;720;Persona;13;17300;18400;3;6
4588;09/09/2022 0:00;4;697;Persona;86;17000;20500;3;6
4589;09/09/2022 0:00;4;552;Persona;79;17700;19200;3;6
4590;09/09/2022 0:00;4;1117;Persona;62;17100;20200;3;6
4591;09/09/2022 0:00;4;559;Persona;48;17100;20600;4;10
4592;09/09/2022 0:00;4;938;Persona;4;17700;20100;4;10
4593;09/09/2022 0:00;4;1056;Persona;62;17100;19900;4;10
4594;09/09/2022 0:00;4;623;Persona;39;17200;21300;4;10
4595;09/09/2022 0:00;2;735;Persona;144;17200;19300;4;5
4596;09/09/2022 0:00;2;436;Persona;124;17500;21800;4;5
4597;10/09/2022 0:00;2;59;Persona;150;17600;21400;4;5
4598;10/09/2022 0:00;2;24;Persona;114;17800;18900;4;5
4599;10/09/2022 0:00;2;636;Persona;176;17600;18600;4;12
4600;10/09/2022 0:00;2;1129;Persona;88;17000;17900;4;12
4601;10/09/2022 0:00;2;1067;Persona;159;17400;18700;4;12
4602;10/09/2022 0:00;2;422;Persona;150;17600;22300;4;12
4603;10/09/2022 0:00;1;223;Persona;41;17600;20000;4;5
4604;10/09/2022 0:00;1;332;Persona;30;17400;22600;4;5
4605;10/09/2022 0:00;1;259;Persona;136;17600;19900;4;5
4606;10/09/2022 0:00;1;346;Persona;3;17000;21000;4;5
4607;10/09/2022 0:00;1;257;Persona;50;16300;19400;4;1
4608;10/09/2022 0:00;1;453;Persona;149;17600;22400;4;1
4609;10/09/2022 0:00;1;285;Persona;14;16800;20300;4;1
4610;10/09/2022 0:00;1;979;Persona;119;17300;21600;4;1
4611;10/09/2022 0:00;1;1067;Persona;135;17800;20100;4;1
4612;10/09/2022 0:00;1;357;Persona;111;17500;19100;4;1
4613;11/09/2022 0:00;1;740;Persona;12;17400;20600;4;1
4614;11/09/2022 0:00;4;888;Persona;35;18000;21600;2;11
4615;11/09/2022 0:00;4;289;Persona;155;18000;20300;2;11
4616;11/09/2022 0:00;4;1076;Persona;119;17300;20100;2;11
4617;11/09/2022 0:00;4;398;Persona;178;17400;18500;2;11
4618;11/09/2022 0:00;2;1095;Persona;174;17400;19200;1;9
4619;11/09/2022 0:00;2;217;Persona;44;17900;20900;1;9
4620;11/09/2022 0:00;2;1036;Persona;134;18000;19300;1;9
4621;11/09/2022 0:00;2;17;Persona;156;17200;20000;1;9
4622;11/09/2022 0:00;1;469;Persona;113;18000;22800;4;12
4623;11/09/2022 0:00;1;70;Persona;22;18000;22400;4;12
4624;11/09/2022 0:00;1;355;Persona;105;18200;23100;4;12
4625;11/09/2022 0:00;3;801;Empresa;88;17000;18300;4;2
4626;11/09/2022 0:00;3;1096;Empresa;41;17600;19600;4;2
4627;11/09/2022 0:00;3;368;Empresa;68;17300;19900;4;2
4628;12/09/2022 0:00;3;467;Empresa;120;17600;20300;4;2
4629;12/09/2022 0:00;2;190;Persona;130;17900;22500;4;1
4630;12/09/2022 0:00;2;1136;Persona;73;17100;18200;4;1
4631;12/09/2022 0:00;2;1116;Persona;34;17500;22000;4;1
4632;12/09/2022 0:00;2;192;Persona;140;17300;18400;4;1
4633;12/09/2022 0:00;1;1156;Persona;105;18200;19900;4;3
4634;12/09/2022 0:00;1;701;Persona;104;17400;22400;4;3
4635;12/09/2022 0:00;1;1162;Persona;133;17500;18400;4;3
4636;13/09/2022 0:00;1;434;Persona;103;18000;20600;4;3
4637;13/09/2022 0:00;3;292;Persona;25;17500;19000;1;9
4638;13/09/2022 0:00;3;85;Persona;2;16800;19200;1;9
4639;13/09/2022 0:00;3;954;Persona;11;17300;18600;1;9
4640;13/09/2022 0:00;3;1151;Persona;19;17000;19600;1;9
4641;13/09/2022 0:00;2;1082;Persona;143;17700;19000;4;2
4642;13/09/2022 0:00;2;23;Persona;113;18000;21200;4;2
4643;13/09/2022 0:00;2;263;Persona;77;17300;22400;4;2
4644;13/09/2022 0:00;2;294;Persona;151;17200;18900;4;2
4645;13/09/2022 0:00;2;306;Empresa;142;17200;18800;4;12
4646;13/09/2022 0:00;2;46;Empresa;21;18000;22400;4;12
4647;13/09/2022 0:00;2;24;Empresa;39;17200;21600;4;12
4648;14/09/2022 0:00;2;69;Empresa;136;17600;21900;4;12
4649;14/09/2022 0:00;1;411;Persona;90;17400;18600;4;2
4650;14/09/2022 0:00;1;627;Persona;35;18000;22400;4;2
4651;14/09/2022 0:00;1;20;Persona;164;16800;19500;4;2
4652;14/09/2022 0:00;1;1103;Persona;131;17000;18900;4;2
4653;14/09/2022 0:00;1;135;Persona;31;16500;17300;4;1
4654;14/09/2022 0:00;1;1143;Persona;153;17200;20700;4;1
4655;14/09/2022 0:00;1;1123;Persona;5;17200;21300;4;1
4656;14/09/2022 0:00;1;1082;Persona;101;17500;18400;4;1
4657;14/09/2022 0:00;1;802;Persona;173;17500;21800;2;11
4658;14/09/2022 0:00;1;257;Persona;59;18100;20000;2;11
4659;14/09/2022 0:00;1;346;Persona;31;16500;20100;2;11
4660;14/09/2022 0:00;1;669;Persona;121;17100;19500;2;11
4661;14/09/2022 0:00;3;536;Persona;63;17400;18900;4;3
4662;14/09/2022 0:00;3;498;Persona;95;17700;19800;4;3
4663;14/09/2022 0:00;3;943;Persona;174;17400;20200;4;3
4664;14/09/2022 0:00;3;493;Persona;164;16800;21300;4;3
4665;14/09/2022 0:00;3;592;Persona;92;17500;21900;3;6
4666;14/09/2022 0:00;3;1060;Persona;32;17800;19000;3;6
4667;14/09/2022 0:00;3;116;Persona;28;17800;20400;3;6
4668;14/09/2022 0:00;3;124;Persona;152;16600;21300;3;6
4669;14/09/2022 0:00;1;773;Persona;48;17100;19100;1;9
4670;14/09/2022 0:00;1;147;Persona;12;17400;19300;1;9
4671;14/09/2022 0:00;1;436;Persona;72;17800;19200;1;9
4672;14/09/2022 0:00;1;1171;Persona;35;18000;20400;1;9
4673;14/09/2022 0:00;3;23;Persona;67;17700;18600;3;6
4674;14/09/2022 0:00;3;1030;Persona;129;17800;21900;3;6
4675;14/09/2022 0:00;3;1149;Persona;93;16800;18300;3;6
4676;14/09/2022 0:00;3;1171;Persona;44;17900;22200;3;6
4677;14/09/2022 0:00;4;10;Persona;112;17500;20900;4;5
4678;14/09/2022 0:00;4;180;Persona;24;17200;19700;4;5
4679;14/09/2022 0:00;4;1055;Persona;17;18100;19800;4;5
4680;14/09/2022 0:00;1;419;Persona;171;16800;21600;1;9
4681;14/09/2022 0:00;1;228;Persona;79;17700;19400;1;9
4682;14/09/2022 0:00;1;1064;Persona;32;17800;19800;1;9
4683;14/09/2022 0:00;1;1081;Persona;37;17600;21500;1;9
4684;14/09/2022 0:00;4;79;Persona;164;16800;18300;4;1
4685;14/09/2022 0:00;4;965;Persona;46;16700;20500;4;1
4686;15/09/2022 0:00;4;868;Persona;51;17500;22400;4;1
4687;15/09/2022 0:00;4;360;Persona;96;17200;18600;4;1
4688;15/09/2022 0:00;3;917;Persona;137;17800;20000;4;7
4689;15/09/2022 0:00;3;398;Persona;158;17400;20200;4;7
4690;15/09/2022 0:00;3;205;Persona;111;17500;22200;4;7
4691;15/09/2022 0:00;3;262;Persona;147;17300;18600;4;7
4692;15/09/2022 0:00;2;370;Persona;13;17300;20800;4;1
4693;15/09/2022 0:00;2;103;Persona;12;17400;19600;4;1
4694;15/09/2022 0:00;2;987;Persona;141;18800;21200;4;1
4695;15/09/2022 0:00;2;923;Persona;172;17700;22200;4;1
4696;15/09/2022 0:00;2;919;Empresa;138;17400;21000;4;12
4697;15/09/2022 0:00;2;848;Empresa;31;16500;20500;4;12
4698;15/09/2022 0:00;2;135;Empresa;24;17200;21100;4;12
4699;15/09/2022 0:00;2;241;Empresa;128;17500;21600;4;12
4700;15/09/2022 0:00;2;337;Persona;121;17100;18700;4;2
4701;15/09/2022 0:00;2;1150;Persona;29;17700;22800;4;2
4702;15/09/2022 0:00;2;875;Persona;69;17800;20300;4;2
4703;15/09/2022 0:00;2;64;Persona;65;17100;17900;4;2
4704;15/09/2022 0:00;2;630;Persona;90;17400;21700;4;5
4705;15/09/2022 0:00;2;276;Persona;21;18000;21400;4;5
4706;15/09/2022 0:00;2;87;Persona;38;18100;23000;4;5
4707;15/09/2022 0:00;2;1112;Persona;140;17300;19700;4;5
4708;15/09/2022 0:00;1;292;Persona;73;17100;19100;4;2
4709;15/09/2022 0:00;1;711;Persona;107;17300;19800;4;2
4710;16/09/2022 0:00;1;340;Persona;46;16700;20600;4;2
4711;16/09/2022 0:00;3;982;Persona;98;18000;23200;4;5
4712;16/09/2022 0:00;3;128;Persona;64;17200;19000;4;5
4713;16/09/2022 0:00;3;885;Persona;55;17800;19800;4;5
4714;16/09/2022 0:00;3;53;Persona;22;18000;21300;4;5
4715;16/09/2022 0:00;2;783;Persona;4;17700;19900;1;9
4716;16/09/2022 0:00;2;45;Persona;77;17300;22100;1;9
4717;16/09/2022 0:00;2;431;Persona;112;17500;20000;1;9
4718;16/09/2022 0:00;2;230;Persona;179;17500;18800;1;9
4719;16/09/2022 0:00;2;114;Empresa;22;18000;20700;4;5
4720;16/09/2022 0:00;2;680;Empresa;5;17200;20600;4;5
4721;16/09/2022 0:00;2;1119;Empresa;63;17400;21900;4;5
4722;17/09/2022 0:00;2;15;Empresa;110;17200;22000;4;5
4723;17/09/2022 0:00;2;350;Persona;114;17800;21200;2;8
4724;17/09/2022 0:00;2;1163;Persona;16;17800;20000;2;8
4725;17/09/2022 0:00;2;1080;Persona;101;17500;19500;2;8
4726;17/09/2022 0:00;2;46;Persona;148;17000;21800;2;8
4727;17/09/2022 0:00;3;128;Persona;116;17700;20200;3;6
4728;17/09/2022 0:00;3;245;Persona;117;16800;19000;3;6
4729;17/09/2022 0:00;3;521;Persona;79;17700;19500;3;6
4730;17/09/2022 0:00;3;564;Persona;9;17100;22000;3;6
4731;17/09/2022 0:00;3;616;Empresa;168;17500;21500;4;12
4732;17/09/2022 0:00;3;710;Empresa;31;16500;17700;4;12
4733;17/09/2022 0:00;3;1084;Empresa;48;17100;18500;4;12
4734;17/09/2022 0:00;3;914;Empresa;61;17600;20000;4;12
4735;17/09/2022 0:00;2;1081;Persona;8;18300;19800;4;2
4736;17/09/2022 0:00;2;416;Persona;68;17300;18300;4;2
4737;17/09/2022 0:00;2;363;Persona;118;18000;19300;4;2
4738;17/09/2022 0:00;2;1138;Persona;130;17900;22500;4;2
4739;17/09/2022 0:00;2;386;Persona;47;17300;22400;2;11
4740;17/09/2022 0:00;2;350;Persona;106;17600;22800;2;11
4741;17/09/2022 0:00;2;586;Persona;134;18000;19200;2;11
4742;17/09/2022 0:00;2;736;Persona;96;17200;19300;2;11
4743;17/09/2022 0:00;2;659;Empresa;32;17800;19300;4;3
4744;17/09/2022 0:00;2;641;Empresa;58;17600;20200;4;3
4745;17/09/2022 0:00;2;746;Empresa;7;17800;23000;4;3
4746;17/09/2022 0:00;2;635;Empresa;123;18200;20200;4;3
4747;17/09/2022 0:00;1;749;Persona;102;17800;20600;4;12
4748;17/09/2022 0:00;1;20;Persona;136;17600;22100;4;12
4749;17/09/2022 0:00;1;405;Persona;62;17100;21100;4;12
4750;17/09/2022 0:00;1;534;Persona;130;17900;18700;4;12
4751;17/09/2022 0:00;1;791;Persona;69;17800;21700;4;5
4752;17/09/2022 0:00;1;209;Persona;148;17000;19900;4;5
4753;17/09/2022 0:00;1;603;Persona;101;17500;20700;4;5
4754;17/09/2022 0:00;1;453;Persona;172;17700;18600;4;5
4755;17/09/2022 0:00;4;1068;Persona;155;18000;22000;4;3
4756;17/09/2022 0:00;4;349;Persona;94;17500;20100;4;3
4757;17/09/2022 0:00;4;334;Persona;116;17700;21800;4;3
4758;18/09/2022 0:00;4;268;Persona;92;17500;22400;4;3
4759;18/09/2022 0:00;3;124;Persona;48;17100;18300;1;4
4760;18/09/2022 0:00;3;933;Persona;77;17300;19500;1;4
4761;18/09/2022 0:00;3;262;Persona;108;18300;22500;1;4
4762;18/09/2022 0:00;3;529;Persona;141;18800;23200;1;4
4763;18/09/2022 0:00;3;318;Persona;161;16600;21200;2;11
4764;18/09/2022 0:00;3;1067;Persona;79;17700;19000;2;11
4765;18/09/2022 0:00;3;290;Persona;143;17700;19600;2;11
4766;18/09/2022 0:00;3;1176;Persona;5;17200;19800;2;11
4767;18/09/2022 0:00;1;209;Persona;31;16500;18600;1;9
4768;18/09/2022 0:00;1;567;Persona;118;18000;20700;1;9
4769;18/09/2022 0:00;1;1096;Persona;45;17500;20600;1;9
4770;18/09/2022 0:00;1;739;Persona;86;17000;18500;1;9
4771;18/09/2022 0:00;3;428;Persona;112;17500;21700;4;10
4772;18/09/2022 0:00;3;582;Persona;108;18300;22500;4;10
4773;18/09/2022 0:00;3;792;Persona;76;17700;18600;4;10
4774;18/09/2022 0:00;3;8;Persona;170;17400;20600;4;10
4775;18/09/2022 0:00;2;4;Persona;62;17100;20700;4;10
4776;18/09/2022 0:00;2;766;Persona;53;16800;21600;4;10
4777;18/09/2022 0:00;2;364;Persona;168;17500;19300;4;10
4778;18/09/2022 0:00;2;110;Persona;39;17200;19700;4;10
4779;18/09/2022 0:00;1;402;Persona;145;17400;19000;1;9
4780;18/09/2022 0:00;1;199;Persona;40;17000;19400;1;9
4781;18/09/2022 0:00;1;920;Persona;109;17700;22800;1;9
4782;18/09/2022 0:00;1;707;Persona;171;16800;20000;1;9
4783;18/09/2022 0:00;3;1148;Persona;23;17100;19800;1;9
4784;18/09/2022 0:00;3;378;Persona;144;17200;21200;1;9
4785;19/09/2022 0:00;3;954;Persona;52;17800;21300;1;9
4786;19/09/2022 0:00;3;515;Persona;142;17200;21800;1;9
4787;19/09/2022 0:00;3;131;Persona;67;17700;20300;4;3
4788;19/09/2022 0:00;3;401;Persona;153;17200;18200;4;3
4789;19/09/2022 0:00;3;64;Persona;33;17100;18600;4;3
4790;19/09/2022 0:00;3;846;Persona;68;17300;22400;4;3
4791;19/09/2022 0:00;2;427;Persona;158;17400;21700;4;2
4792;19/09/2022 0:00;2;751;Persona;68;17300;21800;4;2
4793;19/09/2022 0:00;2;304;Persona;156;17200;19300;4;2
4794;19/09/2022 0:00;3;877;Persona;161;16600;19600;1;4
4795;19/09/2022 0:00;3;443;Persona;40;17000;21400;1;4
4796;20/09/2022 0:00;3;34;Persona;68;17300;18400;1;4
4797;20/09/2022 0:00;3;1045;Persona;15;17200;19200;1;4
4798;20/09/2022 0:00;2;298;Persona;159;17400;22400;1;4
4799;20/09/2022 0:00;2;351;Persona;51;17500;18400;1;4
4800;20/09/2022 0:00;2;425;Persona;154;17300;20800;1;4
4801;20/09/2022 0:00;2;572;Persona;9;17100;18400;1;4
4802;20/09/2022 0:00;1;1079;Persona;53;16800;21600;4;5
4803;20/09/2022 0:00;1;401;Persona;97;17500;20900;4;5
4804;20/09/2022 0:00;1;639;Persona;6;17100;19300;4;5
4805;20/09/2022 0:00;2;730;Persona;20;17600;19000;3;6
4806;20/09/2022 0:00;2;515;Persona;3;17000;20400;3;6
4807;20/09/2022 0:00;2;682;Persona;128;17500;18900;3;6
4808;20/09/2022 0:00;2;90;Persona;110;17200;22000;3;6
4809;20/09/2022 0:00;2;903;Persona;57;17700;18700;4;12
4810;20/09/2022 0:00;2;521;Persona;33;17100;20300;4;12
4811;20/09/2022 0:00;2;21;Persona;178;17400;22500;4;12
4812;20/09/2022 0:00;2;332;Persona;102;17800;19500;4;12
4813;20/09/2022 0:00;1;112;Persona;48;17100;19300;4;1
4814;20/09/2022 0:00;1;386;Persona;132;17200;20400;4;1
4815;20/09/2022 0:00;1;1002;Persona;22;18000;21000;4;1
4816;20/09/2022 0:00;1;1112;Persona;6;17100;21700;4;1
4817;20/09/2022 0:00;1;441;Empresa;172;17700;20900;2;11
4818;20/09/2022 0:00;1;322;Empresa;156;17200;19600;2;11
4819;20/09/2022 0:00;1;954;Empresa;7;17800;22600;2;11
4820;20/09/2022 0:00;3;614;Persona;84;18500;22600;4;12
4821;20/09/2022 0:00;3;595;Persona;44;17900;21300;4;12
4822;20/09/2022 0:00;3;1;Persona;29;17700;21100;4;12
4823;20/09/2022 0:00;3;463;Persona;106;17600;22800;1;4
4824;20/09/2022 0:00;3;37;Persona;172;17700;19600;1;4
4825;20/09/2022 0:00;3;280;Persona;68;17300;21800;1;4
4826;20/09/2022 0:00;3;62;Persona;110;17200;21200;1;4
4827;20/09/2022 0:00;2;793;Persona;81;17400;18500;2;11
4828;21/09/2022 0:00;2;505;Persona;32;17800;19100;2;11
4829;21/09/2022 0:00;2;49;Persona;72;17800;18900;2;11
4830;21/09/2022 0:00;2;820;Persona;2;16800;18300;2;11
4831;21/09/2022 0:00;2;640;Persona;42;17600;20500;2;8
4832;22/09/2022 0:00;2;964;Persona;5;17200;19700;2;8
4833;22/09/2022 0:00;2;858;Persona;69;17800;22400;2;8
4834;22/09/2022 0:00;2;314;Persona;157;18100;23100;2;8
4835;22/09/2022 0:00;2;73;Persona;104;17400;20800;1;9
4836;22/09/2022 0:00;2;137;Persona;116;17700;22600;1;9
4837;22/09/2022 0:00;2;239;Persona;153;17200;21800;1;9
4838;22/09/2022 0:00;2;132;Persona;154;17300;19400;1;9
4839;22/09/2022 0:00;2;670;Persona;29;17700;22900;4;7
4840;22/09/2022 0:00;2;306;Persona;119;17300;20300;4;7
4841;22/09/2022 0:00;2;111;Persona;90;17400;22300;4;7
4842;22/09/2022 0:00;2;1050;Persona;139;17100;21000;4;7
4843;22/09/2022 0:00;4;923;Persona;118;18000;19900;2;11
4844;22/09/2022 0:00;4;1056;Persona;177;16600;21100;2;11
4845;22/09/2022 0:00;4;1105;Persona;47;17300;18200;2;11
4846;22/09/2022 0:00;4;718;Persona;169;18000;22600;2;11
4847;22/09/2022 0:00;2;646;Empresa;155;18000;21300;4;2
4848;23/09/2022 0:00;2;906;Empresa;179;17500;18700;4;2
4849;23/09/2022 0:00;2;866;Empresa;168;17500;19000;4;2
4850;23/09/2022 0:00;2;825;Empresa;61;17600;21500;4;2
4851;23/09/2022 0:00;2;1112;Persona;24;17200;20600;4;7
4852;23/09/2022 0:00;2;731;Persona;106;17600;21600;4;7
4853;23/09/2022 0:00;2;585;Persona;163;17800;18900;4;7
4854;23/09/2022 0:00;2;816;Persona;155;18000;22000;4;7
4855;23/09/2022 0:00;1;46;Persona;145;17400;20900;4;1
4856;23/09/2022 0:00;1;234;Persona;130;17900;22900;4;1
4857;23/09/2022 0:00;1;928;Persona;75;17000;21000;4;1
4858;23/09/2022 0:00;1;1037;Persona;37;17600;20600;4;1
4859;24/09/2022 0:00;1;251;Persona;65;17100;18500;4;1
4860;24/09/2022 0:00;1;326;Persona;97;17500;18400;4;1
4861;24/09/2022 0:00;1;1057;Persona;169;18000;19000;4;1
4862;24/09/2022 0:00;1;319;Persona;14;16800;21700;4;1
4863;25/09/2022 0:00;4;1097;Empresa;123;18200;22300;1;9
4864;25/09/2022 0:00;4;330;Empresa;25;17500;22200;1;9
4865;25/09/2022 0:00;4;116;Empresa;113;18000;22800;1;9
4866;25/09/2022 0:00;4;324;Empresa;95;17700;22600;1;9
4867;25/09/2022 0:00;2;947;Persona;117;16800;20800;1;4
4868;25/09/2022 0:00;2;125;Persona;17;18100;19400;1;4
4869;25/09/2022 0:00;2;791;Persona;125;17300;22200;1;4
4870;25/09/2022 0:00;2;393;Persona;141;18800;23200;1;4
4871;25/09/2022 0:00;2;728;Persona;37;17600;20400;4;10
4872;25/09/2022 0:00;2;281;Persona;71;17800;18800;4;10
4873;25/09/2022 0:00;2;39;Persona;13;17300;22200;4;10
4874;25/09/2022 0:00;2;1005;Persona;33;17100;19500;4;10
4875;25/09/2022 0:00;1;1168;Persona;173;17500;22200;4;2
4876;25/09/2022 0:00;1;821;Persona;46;16700;20700;4;2
4877;25/09/2022 0:00;1;320;Persona;123;18200;21300;4;2
4878;25/09/2022 0:00;1;919;Persona;126;18100;20100;4;2
4879;25/09/2022 0:00;1;1043;Persona;8;18300;23000;3;6
4880;25/09/2022 0:00;1;762;Persona;85;17600;19400;3;6
4881;25/09/2022 0:00;1;692;Persona;42;17600;20500;3;6
4882;25/09/2022 0:00;1;654;Persona;36;17600;21700;3;6
4883;25/09/2022 0:00;1;690;Persona;38;18100;22100;2;8
4884;25/09/2022 0:00;1;54;Persona;31;16500;19900;2;8
4885;25/09/2022 0:00;1;239;Persona;95;17700;22900;2;8
4886;25/09/2022 0:00;4;716;Persona;69;17800;21600;1;4
4887;25/09/2022 0:00;4;1070;Persona;129;17800;21600;1;4
4888;25/09/2022 0:00;4;65;Persona;1;16800;17900;1;4
4889;25/09/2022 0:00;4;1006;Persona;110;17200;21800;1;4
4890;25/09/2022 0:00;3;37;Empresa;58;17600;19600;2;11
4891;25/09/2022 0:00;3;365;Empresa;60;17300;18300;2;11
4892;25/09/2022 0:00;3;387;Empresa;50;16300;18900;2;11
4893;25/09/2022 0:00;3;95;Empresa;67;17700;21800;2;11
4894;25/09/2022 0:00;3;1026;Persona;12;17400;22200;4;2
4895;25/09/2022 0:00;3;1060;Persona;108;18300;19500;4;2
4896;25/09/2022 0:00;3;223;Persona;30;17400;22000;4;2
4897;25/09/2022 0:00;3;1002;Persona;48;17100;19200;4;2
4898;25/09/2022 0:00;4;625;Persona;50;16300;18600;4;2
4899;25/09/2022 0:00;4;771;Persona;137;17800;19900;4;2
4900;25/09/2022 0:00;4;872;Persona;107;17300;18800;4;2
4901;25/09/2022 0:00;4;760;Persona;101;17500;19400;4;2
4902;26/09/2022 0:00;1;1032;Persona;89;17200;18300;4;10
4903;26/09/2022 0:00;1;1177;Persona;24;17200;20500;4;10
4904;26/09/2022 0:00;1;571;Persona;76;17700;19700;4;10
4905;26/09/2022 0:00;1;454;Persona;24;17200;22200;4;10
4906;26/09/2022 0:00;1;612;Persona;87;18000;19300;4;3
4907;26/09/2022 0:00;1;460;Persona;30;17400;22400;4;3
4908;26/09/2022 0:00;1;195;Persona;109;17700;19600;4;3
4909;26/09/2022 0:00;1;30;Persona;33;17100;19600;4;3
4910;26/09/2022 0:00;2;790;Persona;53;16800;21700;1;9
4911;26/09/2022 0:00;2;831;Persona;139;17100;19200;1;9
4912;26/09/2022 0:00;2;1106;Persona;162;18500;21700;1;9
4913;26/09/2022 0:00;2;1132;Persona;67;17700;21400;1;9
4914;26/09/2022 0:00;4;697;Persona;85;17600;22100;4;10
4915;26/09/2022 0:00;4;888;Persona;2;16800;17800;4;10
4916;26/09/2022 0:00;4;1029;Persona;84;18500;20200;4;10
4917;26/09/2022 0:00;4;978;Persona;161;16600;19900;4;10
4918;26/09/2022 0:00;2;451;Persona;136;17600;22500;4;3
4919;26/09/2022 0:00;2;86;Persona;140;17300;18400;4;3
4920;26/09/2022 0:00;2;1161;Persona;159;17400;20100;4;3
4921;26/09/2022 0:00;2;625;Persona;50;16300;21000;4;3
4922;26/09/2022 0:00;2;983;Persona;33;17100;21500;4;2
4923;26/09/2022 0:00;2;861;Persona;82;17700;21500;4;2
4924;26/09/2022 0:00;2;633;Persona;175;17800;21600;4;2
4925;27/09/2022 0:00;2;410;Persona;43;18400;21800;4;2
4926;27/09/2022 0:00;1;423;Persona;62;17100;18200;1;4
4927;27/09/2022 0:00;1;181;Persona;11;17300;21200;1;4
4928;27/09/2022 0:00;1;686;Persona;135;17800;18900;1;4
4929;27/09/2022 0:00;1;1053;Persona;146;17100;21400;1;4
4930;27/09/2022 0:00;4;518;Persona;56;17400;19700;2;8
4931;27/09/2022 0:00;4;159;Persona;151;17200;20200;2;8
4932;27/09/2022 0:00;4;401;Persona;68;17300;21400;2;8
4933;27/09/2022 0:00;4;1018;Persona;7;17800;21200;2;8
4934;27/09/2022 0:00;4;765;Empresa;3;17000;20100;4;10
4935;27/09/2022 0:00;4;695;Empresa;148;17000;18400;4;10
4936;27/09/2022 0:00;4;137;Empresa;53;16800;21200;4;10
4937;27/09/2022 0:00;4;317;Empresa;83;17300;18200;4;10
4938;27/09/2022 0:00;4;648;Persona;55;17800;19700;4;2
4939;27/09/2022 0:00;4;773;Persona;117;16800;21000;4;2
4940;27/09/2022 0:00;4;622;Persona;73;17100;21000;4;2
4941;28/09/2022 0:00;4;6;Persona;22;18000;19900;4;2
4942;28/09/2022 0:00;3;1004;Persona;95;17700;18700;4;12
4943;28/09/2022 0:00;3;796;Persona;6;17100;17900;4;12
4944;28/09/2022 0:00;3;35;Persona;144;17200;20300;4;12
4945;28/09/2022 0:00;3;565;Persona;101;17500;21600;4;12
4946;28/09/2022 0:00;2;1138;Persona;89;17200;22100;4;12
4947;28/09/2022 0:00;2;757;Persona;57;17700;18600;4;12
4948;28/09/2022 0:00;2;842;Persona;153;17200;19400;4;12
4949;28/09/2022 0:00;2;295;Persona;128;17500;21500;4;12
4950;28/09/2022 0:00;2;144;Persona;12;17400;19600;4;3
4951;28/09/2022 0:00;2;77;Persona;158;17400;22100;4;3
4952;28/09/2022 0:00;2;986;Persona;7;17800;19200;4;3
4953;28/09/2022 0:00;2;524;Persona;120;17600;21900;4;3
4954;28/09/2022 0:00;2;692;Persona;83;17300;21900;4;2
4955;28/09/2022 0:00;2;1169;Persona;50;16300;17200;4;2
4956;28/09/2022 0:00;2;236;Persona;23;17100;18100;4;2
4957;28/09/2022 0:00;2;77;Persona;88;17000;19600;4;2
4958;28/09/2022 0:00;3;861;Persona;60;17300;18300;4;1
4959;28/09/2022 0:00;3;137;Persona;56;17400;19800;4;1
4960;28/09/2022 0:00;3;972;Persona;44;17900;21000;4;1
4961;29/09/2022 0:00;3;534;Persona;30;17400;18400;4;1
4962;29/09/2022 0:00;3;994;Empresa;76;17700;20000;4;12
4963;29/09/2022 0:00;3;390;Empresa;151;17200;18900;4;12
4964;29/09/2022 0:00;3;639;Empresa;126;18100;20900;4;12
4965;29/09/2022 0:00;3;151;Empresa;17;18100;23400;4;12
4966;29/09/2022 0:00;2;1101;Persona;77;17300;21600;4;3
4967;29/09/2022 0:00;2;930;Persona;129;17800;19500;4;3
4968;29/09/2022 0:00;2;445;Persona;155;18000;20300;4;3
4969;29/09/2022 0:00;2;15;Persona;80;17400;20800;4;3
4970;29/09/2022 0:00;1;616;Empresa;142;17200;19500;4;2
4971;29/09/2022 0:00;1;649;Empresa;125;17300;18500;4;2
4972;29/09/2022 0:00;1;885;Empresa;10;16300;19400;4;2
4973;29/09/2022 0:00;1;1009;Empresa;83;17300;21800;4;2
4974;29/09/2022 0:00;3;38;Persona;176;17600;20700;2;8
4975;29/09/2022 0:00;3;647;Persona;8;18300;23000;2;8
4976;30/09/2022 0:00;3;85;Persona;47;17300;19200;2;8
4977;30/09/2022 0:00;3;339;Persona;31;16500;18800;2;8
4978;30/09/2022 0:00;4;368;Persona;6;17100;18700;4;7
4979;30/09/2022 0:00;4;197;Persona;85;17600;21300;4;7
4980;30/09/2022 0:00;4;976;Persona;173;17500;18900;4;7
4981;30/09/2022 0:00;4;711;Persona;22;18000;20700;4;7
4982;30/09/2022 0:00;2;329;Persona;76;17700;19100;4;12
4983;30/09/2022 0:00;2;1039;Persona;14;16800;18200;4;12
4984;30/09/2022 0:00;2;966;Persona;132;17200;21300;4;12
4985;30/09/2022 0:00;2;858;Persona;59;18100;23200;4;12
4986;30/09/2022 0:00;1;951;Empresa;65;17100;19800;2;8
4987;30/09/2022 0:00;1;51;Empresa;40;17000;21700;2;8
4988;30/09/2022 0:00;1;961;Empresa;141;18800;24000;2;8
4989;30/09/2022 0:00;1;854;Empresa;133;17500;20400;2;8
4990;30/09/2022 0:00;1;1024;Persona;86;17000;20600;4;1
4991;30/09/2022 0:00;1;863;Persona;108;18300;21000;4;1
4992;30/09/2022 0:00;1;745;Persona;51;17500;21100;4;1
4993;30/09/2022 0:00;1;1050;Persona;60;17300;20300;4;1
4994;30/09/2022 0:00;1;170;Empresa;25;17500;21800;1;9
4995;30/09/2022 0:00;1;961;Empresa;58;17600;18400;1;9
4996;01/10/2022 0:00;1;9;Empresa;126;18100;20600;1;9
4997;01/10/2022 0:00;1;98;Empresa;78;17200;18400;1;9
4998;01/10/2022 0:00;3;790;Persona;6;17100;18800;1;9
4999;01/10/2022 0:00;3;644;Persona;119;17300;19500;1;9
5000;01/10/2022 0:00;3;1055;Persona;178;17400;19800;1;9
5001;01/10/2022 0:00;3;37;Persona;146;17100;19600;1;9
5002;01/10/2022 0:00;3;1111;Persona;122;17000;20000;4;7
5003;01/10/2022 0:00;3;896;Persona;37;17600;19200;4;7
5004;01/10/2022 0:00;3;1099;Persona;87;18000;20300;4;7
5005;01/10/2022 0:00;3;500;Persona;138;17400;21800;4;5
5006;01/10/2022 0:00;3;597;Persona;119;17300;21200;4;5
5007;01/10/2022 0:00;3;297;Persona;14;16800;21600;4;5
5008;01/10/2022 0:00;3;671;Persona;54;17800;19200;4;5
5009;01/10/2022 0:00;4;290;Persona;30;17400;22200;1;9
5010;01/10/2022 0:00;4;538;Persona;25;17500;22000;1;9
5011;01/10/2022 0:00;4;786;Persona;112;17500;20200;1;9
5012;01/10/2022 0:00;4;126;Persona;164;16800;21100;1;9
5013;01/10/2022 0:00;4;342;Persona;177;16600;19400;4;3
5014;01/10/2022 0:00;4;628;Persona;122;17000;20700;4;3
5015;01/10/2022 0:00;4;1076;Persona;27;17400;18800;4;3
5016;01/10/2022 0:00;4;490;Persona;62;17100;20600;2;8
5017;01/10/2022 0:00;4;201;Persona;173;17500;21500;2;8
5018;01/10/2022 0:00;4;1006;Persona;61;17600;19300;2;8
5019;01/10/2022 0:00;4;20;Persona;15;17200;21500;3;6
5020;01/10/2022 0:00;4;206;Persona;73;17100;20900;3;6
5021;01/10/2022 0:00;4;1025;Persona;98;18000;20400;3;6
5022;01/10/2022 0:00;4;306;Persona;31;16500;20900;3;6
5023;01/10/2022 0:00;3;969;Empresa;103;18000;21700;4;10
5024;02/10/2022 0:00;3;1035;Empresa;163;17800;22200;4;10
5025;02/10/2022 0:00;3;1120;Empresa;135;17800;21500;4;10
5026;02/10/2022 0:00;2;476;Persona;70;17300;20900;4;12
5027;02/10/2022 0:00;2;19;Persona;163;17800;18700;4;12
5028;02/10/2022 0:00;2;1128;Persona;74;18100;20500;4;12
5029;02/10/2022 0:00;2;1115;Persona;81;17400;18400;1;9
5030;02/10/2022 0:00;2;1165;Persona;18;17500;21600;1;9
5031;02/10/2022 0:00;2;29;Persona;46;16700;20400;1;9
5032;03/10/2022 0:00;2;23;Persona;166;18200;21200;1;9
5033;03/10/2022 0:00;2;1129;Persona;167;18200;20800;4;1
5034;03/10/2022 0:00;2;986;Persona;69;17800;22900;4;1
5035;03/10/2022 0:00;2;886;Persona;115;18400;19800;4;1
5036;03/10/2022 0:00;2;62;Persona;84;18500;20200;4;1
5037;03/10/2022 0:00;2;1125;Persona;173;17500;21400;4;10
5038;03/10/2022 0:00;2;640;Persona;19;17000;18500;4;10
5039;03/10/2022 0:00;2;735;Persona;101;17500;21700;4;10
5040;03/10/2022 0:00;2;497;Persona;140;17300;19200;4;10
5041;03/10/2022 0:00;1;97;Persona;106;17600;20300;4;1
5042;03/10/2022 0:00;1;568;Persona;18;17500;20500;4;1
5043;03/10/2022 0:00;1;987;Persona;166;18200;22200;4;1
5044;03/10/2022 0:00;4;348;Persona;10;16300;17600;1;4
5045;03/10/2022 0:00;4;591;Persona;67;17700;19700;1;4
5046;03/10/2022 0:00;4;1003;Persona;166;18200;22100;1;4
5047;04/10/2022 0:00;3;799;Persona;162;18500;23000;4;7
5048;04/10/2022 0:00;3;297;Persona;56;17400;20500;4;7
5049;04/10/2022 0:00;3;977;Persona;129;17800;19300;4;7
5050;05/10/2022 0:00;3;1079;Persona;161;16600;17800;4;7
5051;05/10/2022 0:00;3;576;Persona;34;17500;21500;4;12
5052;05/10/2022 0:00;3;646;Persona;42;17600;18600;4;12
5053;05/10/2022 0:00;3;447;Persona;68;17300;19800;4;12
5054;05/10/2022 0:00;3;882;Persona;72;17800;22800;4;12
5055;05/10/2022 0:00;4;1;Persona;110;17200;21500;4;12
5056;05/10/2022 0:00;4;602;Persona;139;17100;19300;4;12
5057;05/10/2022 0:00;4;693;Persona;168;17500;21200;4;12
5058;05/10/2022 0:00;4;1174;Persona;95;17700;21900;4;12
5059;05/10/2022 0:00;2;126;Persona;24;17200;18100;2;11
5060;05/10/2022 0:00;2;937;Persona;108;18300;22400;2;11
5061;05/10/2022 0:00;2;59;Persona;172;17700;20500;2;11
5062;06/10/2022 0:00;2;1156;Persona;1;16800;20600;2;11
5063;06/10/2022 0:00;2;943;Persona;145;17400;21800;4;5
5064;06/10/2022 0:00;2;920;Persona;169;18000;23400;4;5
5065;06/10/2022 0:00;2;941;Persona;20;17600;18800;4;5
5066;06/10/2022 0:00;2;108;Persona;166;18200;22900;4;5
5067;06/10/2022 0:00;1;552;Persona;28;17800;21100;4;2
5068;06/10/2022 0:00;1;669;Persona;29;17700;20300;4;2
5069;06/10/2022 0:00;1;839;Persona;58;17600;20800;4;2
5070;06/10/2022 0:00;1;1004;Persona;118;18000;20900;4;2
5071;06/10/2022 0:00;1;1038;Persona;135;17800;20000;4;1
5072;06/10/2022 0:00;1;988;Persona;160;16800;21700;4;1
5073;06/10/2022 0:00;1;594;Persona;66;18400;21900;4;1
5074;06/10/2022 0:00;3;520;Persona;13;17300;22000;4;5
5075;06/10/2022 0:00;3;854;Persona;123;18200;21800;4;5
5076;06/10/2022 0:00;3;104;Persona;130;17900;21300;4;5
5077;06/10/2022 0:00;3;1103;Persona;73;17100;19800;4;5
5078;06/10/2022 0:00;4;175;Persona;16;17800;19500;4;7
5079;06/10/2022 0:00;4;264;Persona;23;17100;19300;4;7
5080;06/10/2022 0:00;4;527;Persona;14;16800;18600;4;7
5081;06/10/2022 0:00;4;379;Persona;126;18100;22200;4;7
5082;06/10/2022 0:00;3;782;Persona;31;16500;18400;2;11
5083;06/10/2022 0:00;3;577;Persona;155;18000;21100;2;11
5084;06/10/2022 0:00;3;405;Persona;159;17400;21100;2;11
5085;07/10/2022 0:00;3;847;Persona;36;17600;19300;2;11
5086;07/10/2022 0:00;4;279;Persona;70;17300;19800;3;6
5087;07/10/2022 0:00;4;745;Persona;170;17400;19700;3;6
5088;07/10/2022 0:00;4;968;Persona;166;18200;22600;3;6
5089;07/10/2022 0:00;4;1122;Persona;78;17200;21000;3;6
5090;07/10/2022 0:00;2;212;Empresa;109;17700;19700;4;3
5091;07/10/2022 0:00;2;545;Empresa;50;16300;17200;4;3
5092;07/10/2022 0:00;2;166;Empresa;76;17700;20100;4;3
5093;07/10/2022 0:00;2;495;Persona;42;17600;20000;3;6
5094;07/10/2022 0:00;2;1140;Persona;47;17300;20700;3;6
5095;07/10/2022 0:00;2;866;Persona;169;18000;20700;3;6
5096;07/10/2022 0:00;2;338;Persona;114;17800;23100;3;6
5097;07/10/2022 0:00;2;879;Persona;97;17500;19700;1;4
5098;07/10/2022 0:00;2;296;Persona;126;18100;22300;1;4
5099;07/10/2022 0:00;2;778;Persona;163;17800;18700;1;4
5100;07/10/2022 0:00;2;466;Persona;2;16800;18700;1;4
5101;08/10/2022 0:00;2;1160;Persona;28;17800;21000;4;10
5102;08/10/2022 0:00;2;31;Persona;143;17700;21700;4;10
5103;08/10/2022 0:00;2;101;Persona;62;17100;19700;4;10
5104;08/10/2022 0:00;2;494;Persona;81;17400;19000;4;10
5105;08/10/2022 0:00;1;487;Persona;28;17800;22400;3;6
5106;08/10/2022 0:00;1;907;Persona;138;17400;20200;3;6
5107;08/10/2022 0:00;1;678;Persona;75;17000;21800;3;6
5108;08/10/2022 0:00;1;790;Persona;13;17300;18900;3;6
5109;08/10/2022 0:00;1;227;Persona;76;17700;22300;4;2
5110;08/10/2022 0:00;1;981;Persona;176;17600;21000;4;2
5111;08/10/2022 0:00;1;246;Persona;95;17700;19500;4;2
5112;08/10/2022 0:00;1;827;Persona;134;18000;21400;4;2
5113;09/10/2022 0:00;4;676;Persona;148;17000;20500;1;4
5114;09/10/2022 0:00;4;946;Persona;68;17300;19000;1;4
5115;09/10/2022 0:00;4;1110;Persona;136;17600;21800;1;4
5116;09/10/2022 0:00;4;800;Persona;14;16800;19600;1;4
5117;09/10/2022 0:00;4;519;Empresa;161;16600;19400;4;1
5118;09/10/2022 0:00;4;951;Empresa;178;17400;21000;4;1
5119;09/10/2022 0:00;4;395;Empresa;20;17600;20200;4;1
5120;09/10/2022 0:00;3;298;Persona;90;17400;19600;4;2
5121;09/10/2022 0:00;3;984;Persona;57;17700;20400;4;2
5122;09/10/2022 0:00;3;295;Persona;39;17200;19800;4;2
5123;09/10/2022 0:00;3;991;Persona;132;17200;22200;4;2
5124;09/10/2022 0:00;3;63;Persona;165;16900;18700;1;4
5125;09/10/2022 0:00;3;400;Persona;66;18400;23600;1;4
5126;09/10/2022 0:00;3;1135;Persona;131;17000;21100;1;4
5127;09/10/2022 0:00;3;573;Persona;146;17100;20800;4;2
5128;09/10/2022 0:00;3;832;Persona;34;17500;22500;4;2
5129;09/10/2022 0:00;3;860;Persona;65;17100;21400;4;2
5130;09/10/2022 0:00;3;814;Persona;108;18300;20000;4;2
5131;09/10/2022 0:00;2;366;Persona;47;17300;19500;1;4
5132;09/10/2022 0:00;2;136;Persona;16;17800;20200;1;4
5133;09/10/2022 0:00;2;1104;Persona;151;17200;19000;1;4
5134;09/10/2022 0:00;2;744;Persona;144;17200;21500;1;4
5135;09/10/2022 0:00;2;719;Empresa;20;17600;21800;4;3
5136;09/10/2022 0:00;2;1142;Empresa;49;17300;19200;4;3
5137;10/10/2022 0:00;2;607;Empresa;168;17500;18700;4;3
5138;10/10/2022 0:00;2;276;Empresa;89;17200;19300;4;3
5139;10/10/2022 0:00;1;646;Persona;76;17700;19200;4;3
5140;10/10/2022 0:00;1;246;Persona;129;17800;19500;4;3
5141;10/10/2022 0:00;1;824;Persona;143;17700;19700;4;3
5142;10/10/2022 0:00;1;1011;Persona;77;17300;20900;4;3
5143;10/10/2022 0:00;1;367;Persona;70;17300;19900;4;3
5144;10/10/2022 0:00;1;545;Persona;17;18100;21400;4;3
5145;10/10/2022 0:00;1;597;Persona;178;17400;20600;4;3
5146;10/10/2022 0:00;1;1101;Persona;38;18100;23100;4;3
5147;10/10/2022 0:00;3;831;Persona;150;17600;18800;4;5
5148;10/10/2022 0:00;3;879;Persona;55;17800;21300;4;5
5149;10/10/2022 0:00;3;213;Persona;77;17300;20100;4;5
5150;10/10/2022 0:00;3;22;Persona;103;18000;21400;4;5
5151;10/10/2022 0:00;2;1070;Persona;75;17000;20700;4;5
5152;10/10/2022 0:00;2;968;Persona;107;17300;22100;4;5
5153;10/10/2022 0:00;2;944;Persona;111;17500;19700;4;5
5154;10/10/2022 0:00;2;638;Persona;143;17700;19900;4;12
5155;10/10/2022 0:00;2;1073;Persona;174;17400;22600;4;12
5156;10/10/2022 0:00;2;769;Persona;151;17200;21500;4;12
5157;10/10/2022 0:00;2;783;Persona;59;18100;21300;4;12
5158;10/10/2022 0:00;2;439;Persona;114;17800;22500;1;9
5159;10/10/2022 0:00;2;703;Persona;37;17600;18800;1;9
5160;10/10/2022 0:00;2;737;Persona;161;16600;20000;1;9
5161;10/10/2022 0:00;2;164;Persona;168;17500;18900;1;9
5162;10/10/2022 0:00;1;794;Empresa;18;17500;22300;4;1
5163;10/10/2022 0:00;1;553;Empresa;31;16500;18300;4;1
5164;10/10/2022 0:00;1;451;Empresa;90;17400;21300;4;1
5165;10/10/2022 0:00;4;798;Empresa;104;17400;20900;2;11
5166;10/10/2022 0:00;4;272;Empresa;50;16300;18800;2;11
5167;10/10/2022 0:00;4;253;Empresa;48;17100;19400;2;11
5168;10/10/2022 0:00;4;1081;Empresa;97;17500;20000;2;11
5169;11/10/2022 0:00;3;719;Persona;8;18300;20700;4;10
5170;11/10/2022 0:00;3;943;Persona;34;17500;19500;4;10
5171;11/10/2022 0:00;3;181;Persona;25;17500;21500;4;10
5172;11/10/2022 0:00;3;46;Persona;2;16800;20100;4;10
5173;11/10/2022 0:00;2;344;Persona;15;17200;20100;3;6
5174;11/10/2022 0:00;2;908;Persona;151;17200;20700;3;6
5175;11/10/2022 0:00;2;844;Persona;10;16300;19800;3;6
5176;11/10/2022 0:00;2;201;Persona;19;17000;19400;3;6
5177;11/10/2022 0:00;4;847;Persona;113;18000;21500;4;1
5178;11/10/2022 0:00;4;364;Persona;33;17100;19000;4;1
5179;11/10/2022 0:00;4;68;Persona;4;17700;21600;4;1
5180;11/10/2022 0:00;4;226;Persona;132;17200;20000;4;1
5181;12/10/2022 0:00;2;1176;Persona;155;18000;19400;4;1
5182;12/10/2022 0:00;2;269;Persona;114;17800;21600;4;1
5183;12/10/2022 0:00;2;574;Persona;101;17500;21800;4;1
5184;12/10/2022 0:00;2;620;Persona;132;17200;20800;4;1
5185;12/10/2022 0:00;1;290;Empresa;167;18200;19200;4;5
5186;12/10/2022 0:00;1;183;Empresa;93;16800;17800;4;5
5187;12/10/2022 0:00;1;63;Empresa;171;16800;19700;4;5
5188;12/10/2022 0:00;1;283;Empresa;163;17800;19800;4;5
5189;12/10/2022 0:00;4;537;Persona;70;17300;18800;2;8
5190;12/10/2022 0:00;4;614;Persona;164;16800;19000;2;8
5191;12/10/2022 0:00;4;627;Persona;154;17300;19000;2;8
5192;12/10/2022 0:00;4;535;Persona;137;17800;21800;2;8
5193;13/10/2022 0:00;3;1001;Persona;79;17700;22900;4;1
5194;13/10/2022 0:00;3;1092;Persona;74;18100;22400;4;1
5195;13/10/2022 0:00;3;61;Persona;80;17400;20200;4;1
5196;13/10/2022 0:00;3;329;Persona;174;17400;18700;4;1
5197;13/10/2022 0:00;1;906;Persona;48;17100;18400;1;9
5198;13/10/2022 0:00;1;847;Persona;67;17700;20900;1;9
5199;13/10/2022 0:00;1;675;Persona;160;16800;21300;1;9
5200;13/10/2022 0:00;4;487;Persona;63;17400;22400;2;11
5201;13/10/2022 0:00;4;423;Persona;97;17500;22000;2;11
5202;13/10/2022 0:00;4;810;Persona;80;17400;20200;2;11
5203;13/10/2022 0:00;4;807;Persona;102;17800;20800;2;11
5204;13/10/2022 0:00;3;845;Persona;139;17100;21500;4;7
5205;13/10/2022 0:00;3;1085;Persona;7;17800;19700;4;7
5206;13/10/2022 0:00;3;912;Persona;175;17800;22200;4;7
5207;13/10/2022 0:00;3;60;Persona;6;17100;22000;4;7
5208;13/10/2022 0:00;3;221;Empresa;33;17100;19100;4;10
5209;13/10/2022 0:00;3;778;Empresa;146;17100;21900;4;10
5210;13/10/2022 0:00;3;848;Empresa;141;18800;19700;4;10
5211;13/10/2022 0:00;3;185;Empresa;148;17000;21700;4;10
5212;13/10/2022 0:00;2;459;Empresa;118;18000;23100;1;9
5213;13/10/2022 0:00;2;657;Empresa;88;17000;18800;1;9
5214;13/10/2022 0:00;2;137;Empresa;52;17800;21800;1;9
5215;13/10/2022 0:00;1;791;Persona;151;17200;18600;2;8
5216;13/10/2022 0:00;1;944;Persona;169;18000;21700;2;8
5217;13/10/2022 0:00;1;842;Persona;77;17300;18600;2;8
5218;13/10/2022 0:00;1;556;Persona;112;17500;19300;2;8
5219;13/10/2022 0:00;3;478;Persona;108;18300;22500;3;6
5220;13/10/2022 0:00;3;685;Persona;179;17500;20600;3;6
5221;13/10/2022 0:00;3;591;Persona;177;16600;19300;3;6
5222;13/10/2022 0:00;3;107;Persona;18;17500;18600;3;6
5223;13/10/2022 0:00;4;536;Persona;76;17700;22600;4;7
5224;13/10/2022 0:00;4;367;Persona;74;18100;22800;4;7
5225;13/10/2022 0:00;4;1050;Persona;80;17400;20500;4;7
5226;13/10/2022 0:00;4;488;Persona;50;16300;17600;4;7
5227;13/10/2022 0:00;4;615;Persona;13;17300;19200;4;3
5228;13/10/2022 0:00;4;666;Persona;71;17800;20400;4;3
5229;13/10/2022 0:00;4;970;Persona;30;17400;21600;4;3
5230;13/10/2022 0:00;4;633;Persona;74;18100;22100;4;3
5231;14/10/2022 0:00;4;663;Persona;125;17300;22000;4;2
5232;14/10/2022 0:00;4;1167;Persona;90;17400;22200;4;2
5233;14/10/2022 0:00;4;742;Persona;85;17600;19900;4;2
5234;14/10/2022 0:00;4;1099;Persona;46;16700;19800;4;2
5235;14/10/2022 0:00;2;121;Persona;32;17800;19300;4;12
5236;14/10/2022 0:00;2;1028;Persona;26;17200;20700;4;12
5237;14/10/2022 0:00;2;91;Persona;158;17400;21200;4;12
5238;14/10/2022 0:00;2;648;Persona;133;17500;22200;4;12
5239;14/10/2022 0:00;2;8;Persona;115;18400;20000;4;10
5240;14/10/2022 0:00;2;383;Persona;26;17200;21500;4;10
5241;14/10/2022 0:00;2;138;Persona;146;17100;19400;4;10
5242;14/10/2022 0:00;2;739;Persona;58;17600;21500;4;10
5243;14/10/2022 0:00;4;659;Persona;150;17600;21700;2;11
5244;14/10/2022 0:00;4;205;Persona;92;17500;18600;2;11
5245;14/10/2022 0:00;4;1119;Persona;179;17500;20800;2;11
5246;14/10/2022 0:00;4;5;Persona;88;17000;21700;2;11
5247;14/10/2022 0:00;4;1026;Persona;170;17400;20100;4;7
5248;14/10/2022 0:00;4;551;Persona;54;17800;21500;4;7
5249;14/10/2022 0:00;4;27;Persona;140;17300;21600;4;7
5250;14/10/2022 0:00;4;1036;Persona;56;17400;19900;4;7
5251;14/10/2022 0:00;3;1146;Persona;104;17400;18700;4;7
5252;14/10/2022 0:00;3;782;Persona;20;17600;19700;4;7
5253;14/10/2022 0:00;3;312;Persona;17;18100;21500;4;7
5254;15/10/2022 0:00;3;958;Persona;95;17700;21700;4;7
5255;15/10/2022 0:00;3;256;Persona;139;17100;19300;4;10
5256;15/10/2022 0:00;3;389;Persona;59;18100;20800;4;10
5257;15/10/2022 0:00;3;529;Persona;124;17500;18700;4;10
5258;15/10/2022 0:00;3;825;Persona;67;17700;20100;4;10
5259;15/10/2022 0:00;3;1011;Persona;159;17400;19300;2;8
5260;15/10/2022 0:00;3;501;Persona;12;17400;20000;2;8
5261;15/10/2022 0:00;3;376;Persona;41;17600;22200;2;8
5262;15/10/2022 0:00;3;578;Persona;167;18200;19800;2;8
5263;15/10/2022 0:00;4;392;Persona;115;18400;19900;3;6
5264;15/10/2022 0:00;4;950;Persona;173;17500;22300;3;6
5265;15/10/2022 0:00;4;584;Persona;62;17100;18400;3;6
5266;15/10/2022 0:00;4;727;Persona;78;17200;21300;3;6
5267;15/10/2022 0:00;4;1168;Persona;101;17500;19600;3;6
5268;15/10/2022 0:00;4;1005;Persona;26;17200;19100;3;6
5269;15/10/2022 0:00;4;323;Persona;164;16800;21100;3;6
5270;15/10/2022 0:00;4;452;Persona;15;17200;18400;3;6
5271;15/10/2022 0:00;4;46;Persona;57;17700;19600;4;12
5272;15/10/2022 0:00;4;262;Persona;159;17400;19700;4;12
5273;15/10/2022 0:00;4;967;Persona;153;17200;18800;4;12
5274;15/10/2022 0:00;4;747;Persona;89;17200;19400;4;12
5275;15/10/2022 0:00;4;130;Persona;123;18200;20300;2;8
5276;15/10/2022 0:00;4;1102;Persona;116;17700;20600;2;8
5277;15/10/2022 0:00;4;682;Persona;11;17300;21500;2;8
5278;15/10/2022 0:00;4;317;Persona;8;18300;19800;2;8
5279;15/10/2022 0:00;3;1013;Persona;172;17700;19000;4;10
5280;15/10/2022 0:00;3;95;Persona;112;17500;20700;4;10
5281;15/10/2022 0:00;3;343;Persona;124;17500;20600;4;10
5282;15/10/2022 0:00;3;633;Persona;51;17500;22200;4;10
5283;15/10/2022 0:00;3;1076;Empresa;3;17000;21600;2;11
5284;16/10/2022 0:00;3;477;Empresa;21;18000;20200;2;11
5285;16/10/2022 0:00;3;1177;Empresa;48;17100;20400;2;11
5286;16/10/2022 0:00;3;10;Empresa;174;17400;20800;2;11
5287;16/10/2022 0:00;4;827;Persona;83;17300;18400;4;1
5288;16/10/2022 0:00;4;957;Persona;46;16700;21100;4;1
5289;16/10/2022 0:00;4;835;Persona;139;17100;21500;4;1
5290;16/10/2022 0:00;4;149;Persona;175;17800;20700;4;1
5291;16/10/2022 0:00;2;453;Persona;113;18000;20600;4;7
5292;16/10/2022 0:00;2;513;Persona;73;17100;19500;4;7
5293;16/10/2022 0:00;2;1107;Persona;34;17500;18900;4;7
5294;16/10/2022 0:00;2;807;Persona;126;18100;21300;4;3
5295;16/10/2022 0:00;2;160;Persona;141;18800;23500;4;3
5296;16/10/2022 0:00;2;926;Persona;129;17800;19700;4;3
5297;16/10/2022 0:00;1;951;Persona;70;17300;20200;2;11
5298;16/10/2022 0:00;1;964;Persona;92;17500;19400;2;11
5299;16/10/2022 0:00;1;146;Persona;32;17800;20600;2;11
5300;17/10/2022 0:00;1;1087;Persona;25;17500;18500;2;11
5301;17/10/2022 0:00;1;1146;Persona;23;17100;18200;4;1
5302;17/10/2022 0:00;1;922;Persona;179;17500;18900;4;1
5303;17/10/2022 0:00;1;69;Persona;66;18400;19800;4;1
5304;17/10/2022 0:00;1;574;Persona;15;17200;18100;4;1
5305;17/10/2022 0:00;3;13;Persona;172;17700;20100;1;4
5306;17/10/2022 0:00;3;966;Persona;147;17300;20700;1;4
5307;17/10/2022 0:00;3;305;Persona;30;17400;20300;1;4
5308;17/10/2022 0:00;3;1130;Persona;21;18000;20300;1;4
5309;17/10/2022 0:00;4;557;Empresa;45;17500;20600;4;5
5310;17/10/2022 0:00;4;190;Empresa;148;17000;21500;4;5
5311;17/10/2022 0:00;4;479;Empresa;168;17500;18800;4;5
5312;17/10/2022 0:00;4;713;Empresa;6;17100;19400;4;5
5313;17/10/2022 0:00;4;235;Persona;80;17400;22000;4;5
5314;17/10/2022 0:00;4;122;Persona;179;17500;19000;4;5
5315;17/10/2022 0:00;4;607;Persona;157;18100;21100;4;5
5316;17/10/2022 0:00;2;411;Persona;54;17800;18700;4;1
5317;17/10/2022 0:00;2;1117;Persona;83;17300;18200;4;1
5318;17/10/2022 0:00;2;180;Persona;175;17800;19800;4;1
5319;17/10/2022 0:00;2;686;Persona;150;17600;18900;4;1
5320;18/10/2022 0:00;1;831;Persona;70;17300;22200;3;6
5321;18/10/2022 0:00;1;92;Persona;163;17800;22900;3;6
5322;18/10/2022 0:00;1;751;Persona;83;17300;18200;3;6
5323;18/10/2022 0:00;1;762;Persona;37;17600;19400;3;6
5324;18/10/2022 0:00;2;367;Empresa;144;17200;22300;3;6
5325;18/10/2022 0:00;2;1128;Empresa;151;17200;18400;3;6
5326;18/10/2022 0:00;2;244;Empresa;106;17600;20600;3;6
5327;18/10/2022 0:00;2;1120;Empresa;10;16300;20000;3;6
5328;19/10/2022 0:00;1;688;Persona;151;17200;20500;4;10
5329;19/10/2022 0:00;1;96;Persona;13;17300;22000;4;10
5330;19/10/2022 0:00;1;763;Persona;22;18000;22400;4;10
5331;19/10/2022 0:00;1;587;Persona;152;16600;18200;4;10
5332;19/10/2022 0:00;3;666;Persona;89;17200;21400;4;3
5333;19/10/2022 0:00;3;1013;Persona;29;17700;19700;4;3
5334;19/10/2022 0:00;3;979;Persona;164;16800;18000;4;3
5335;19/10/2022 0:00;2;1151;Persona;132;17200;20000;4;5
5336;20/10/2022 0:00;2;212;Persona;107;17300;22000;4;5
5337;20/10/2022 0:00;2;904;Persona;13;17300;20800;4;5
5338;20/10/2022 0:00;2;921;Persona;53;16800;20300;4;5
5339;20/10/2022 0:00;1;179;Empresa;172;17700;22600;1;4
5340;20/10/2022 0:00;1;1153;Empresa;158;17400;20100;1;4
5341;20/10/2022 0:00;1;83;Empresa;58;17600;20000;1;4
5342;20/10/2022 0:00;1;163;Empresa;29;17700;22400;1;4
5343;20/10/2022 0:00;3;1037;Persona;37;17600;19600;2;8
5344;20/10/2022 0:00;3;420;Persona;100;18100;20100;2;8
5345;20/10/2022 0:00;3;1171;Persona;38;18100;21600;2;8
5346;20/10/2022 0:00;3;11;Persona;38;18100;23000;2;8
5347;20/10/2022 0:00;3;246;Persona;38;18100;19900;4;10
5348;20/10/2022 0:00;3;456;Persona;76;17700;19300;4;10
5349;20/10/2022 0:00;3;557;Persona;143;17700;19400;4;10
5350;20/10/2022 0:00;3;368;Persona;97;17500;20700;4;10
5351;20/10/2022 0:00;2;612;Persona;172;17700;21800;4;7
5352;20/10/2022 0:00;2;1173;Persona;93;16800;21100;4;7
5353;20/10/2022 0:00;2;1038;Persona;49;17300;19500;4;7
5354;20/10/2022 0:00;2;1;Persona;126;18100;23400;2;11
5355;21/10/2022 0:00;2;568;Persona;49;17300;21900;2;11
5356;21/10/2022 0:00;2;576;Persona;169;18000;19800;2;11
5357;21/10/2022 0:00;2;671;Persona;92;17500;20400;2;11
5358;21/10/2022 0:00;2;507;Persona;178;17400;18600;4;3
5359;21/10/2022 0:00;2;246;Persona;91;18300;21200;4;3
5360;21/10/2022 0:00;2;698;Persona;138;17400;19100;4;3
5361;21/10/2022 0:00;2;290;Persona;115;18400;22000;4;3
5362;21/10/2022 0:00;2;796;Persona;54;17800;22400;4;5
5363;21/10/2022 0:00;2;1140;Persona;170;17400;21400;4;5
5364;21/10/2022 0:00;2;68;Persona;72;17800;22500;4;5
5365;21/10/2022 0:00;2;544;Persona;158;17400;18500;2;8
5366;21/10/2022 0:00;2;668;Persona;80;17400;20400;2;8
5367;21/10/2022 0:00;2;31;Persona;116;17700;20600;2;8
5368;21/10/2022 0:00;2;421;Persona;135;17800;22500;2;8
5369;21/10/2022 0:00;2;199;Persona;178;17400;22000;4;12
5370;21/10/2022 0:00;2;572;Persona;66;18400;21300;4;12
5371;21/10/2022 0:00;2;538;Persona;156;17200;22200;4;12
5372;21/10/2022 0:00;1;227;Persona;97;17500;19500;2;11
5373;21/10/2022 0:00;1;732;Persona;83;17300;20400;2;11
5374;21/10/2022 0:00;1;293;Persona;172;17700;20900;2;11
5375;21/10/2022 0:00;1;961;Persona;135;17800;23000;2;11
5376;21/10/2022 0:00;1;1037;Persona;78;17200;19000;3;6
5377;21/10/2022 0:00;1;575;Persona;174;17400;18400;3;6
5378;22/10/2022 0:00;1;826;Persona;66;18400;21900;3;6
5379;22/10/2022 0:00;1;245;Persona;55;17800;19700;3;6
5380;22/10/2022 0:00;4;582;Empresa;64;17200;18900;2;8
5381;22/10/2022 0:00;4;1065;Empresa;34;17500;21400;2;8
5382;22/10/2022 0:00;4;670;Empresa;67;17700;20000;2;8
5383;22/10/2022 0:00;4;1123;Empresa;23;17100;20700;2;8
5384;22/10/2022 0:00;2;397;Empresa;60;17300;21800;4;5
5385;22/10/2022 0:00;2;393;Empresa;47;17300;18800;4;5
5386;22/10/2022 0:00;2;160;Empresa;156;17200;22200;4;5
5387;22/10/2022 0:00;2;1053;Empresa;1;16800;18800;4;5
5388;22/10/2022 0:00;4;1086;Persona;88;17000;21200;4;12
5389;22/10/2022 0:00;4;250;Persona;6;17100;21400;4;12
5390;22/10/2022 0:00;4;756;Persona;79;17700;19100;4;12
5391;22/10/2022 0:00;4;694;Persona;42;17600;18800;4;12
5392;22/10/2022 0:00;1;731;Persona;127;17900;20500;4;7
5393;22/10/2022 0:00;1;666;Persona;5;17200;18600;4;7
5394;22/10/2022 0:00;1;1129;Persona;168;17500;20600;4;7
5395;22/10/2022 0:00;1;185;Persona;112;17500;21300;4;7
5396;22/10/2022 0:00;1;925;Empresa;161;16600;21300;4;1
5397;22/10/2022 0:00;1;1030;Empresa;57;17700;22000;4;1
5398;23/10/2022 0:00;1;255;Empresa;13;17300;19300;4;1
5399;23/10/2022 0:00;1;134;Empresa;148;17000;21600;4;1
5400;23/10/2022 0:00;4;398;Persona;114;17800;19100;2;11
5401;23/10/2022 0:00;4;1016;Persona;33;17100;21600;2;11
5402;23/10/2022 0:00;4;141;Persona;70;17300;19400;2;11
5403;23/10/2022 0:00;4;108;Persona;123;18200;20500;2;11
5404;23/10/2022 0:00;2;567;Persona;138;17400;21500;2;11
5405;23/10/2022 0:00;2;715;Persona;58;17600;19700;2;11
5406;23/10/2022 0:00;2;991;Persona;135;17800;22600;2;11
5407;23/10/2022 0:00;2;658;Persona;111;17500;18700;2;11
5408;23/10/2022 0:00;4;818;Persona;171;16800;17600;4;12
5409;23/10/2022 0:00;4;130;Persona;112;17500;21200;4;12
5410;23/10/2022 0:00;4;785;Persona;9;17100;18100;4;12
5411;23/10/2022 0:00;4;109;Persona;122;17000;19700;4;12
5412;23/10/2022 0:00;2;750;Persona;68;17300;19900;4;12
5413;23/10/2022 0:00;2;566;Persona;106;17600;18600;4;12
5414;23/10/2022 0:00;2;562;Persona;132;17200;21000;4;12
5415;23/10/2022 0:00;2;1088;Persona;174;17400;20000;4;12
5416;23/10/2022 0:00;1;616;Empresa;123;18200;21000;3;6
5417;23/10/2022 0:00;1;731;Empresa;128;17500;22600;3;6
5418;24/10/2022 0:00;1;469;Empresa;60;17300;21800;3;6
5419;24/10/2022 0:00;1;441;Empresa;11;17300;21400;3;6
5420;24/10/2022 0:00;1;571;Persona;48;17100;21900;2;8
5421;24/10/2022 0:00;1;410;Persona;28;17800;21500;2;8
5422;24/10/2022 0:00;1;895;Persona;98;18000;22600;2;8
5423;24/10/2022 0:00;1;943;Persona;132;17200;18900;2;8
5424;24/10/2022 0:00;1;538;Persona;145;17400;22500;4;3
5425;24/10/2022 0:00;1;558;Persona;166;18200;22600;4;3
5426;24/10/2022 0:00;1;682;Persona;98;18000;21000;4;3
5427;24/10/2022 0:00;1;659;Persona;99;17500;19500;4;3
5428;24/10/2022 0:00;4;743;Persona;173;17500;18600;2;8
5429;24/10/2022 0:00;4;793;Persona;151;17200;20900;2;8
5430;24/10/2022 0:00;4;683;Persona;20;17600;21300;2;8
5431;24/10/2022 0:00;4;186;Persona;153;17200;19200;2;8
5432;24/10/2022 0:00;3;650;Persona;103;18000;19200;4;12
5433;24/10/2022 0:00;3;312;Persona;107;17300;22100;4;12
5434;24/10/2022 0:00;3;255;Persona;177;16600;18900;4;12
5435;24/10/2022 0:00;3;521;Persona;48;17100;18400;4;12
5436;24/10/2022 0:00;1;435;Persona;125;17300;18400;4;1
5437;24/10/2022 0:00;1;891;Persona;64;17200;20800;4;1
5438;25/10/2022 0:00;1;436;Persona;13;17300;21400;4;1
5439;25/10/2022 0:00;1;536;Persona;129;17800;21900;4;1
5440;25/10/2022 0:00;4;1103;Persona;31;16500;21300;1;9
5441;25/10/2022 0:00;4;1174;Persona;33;17100;18500;1;9
5442;25/10/2022 0:00;4;76;Persona;135;17800;20400;1;9
5443;25/10/2022 0:00;4;1116;Persona;28;17800;20600;1;9
5444;25/10/2022 0:00;3;790;Persona;74;18100;19200;1;4
5445;25/10/2022 0:00;3;803;Persona;99;17500;20900;1;4
5446;25/10/2022 0:00;3;1036;Persona;31;16500;20100;1;4
5447;25/10/2022 0:00;3;732;Persona;14;16800;19400;1;4
5448;25/10/2022 0:00;2;305;Persona;135;17800;21200;2;11
5449;25/10/2022 0:00;2;409;Persona;37;17600;21800;2;11
5450;25/10/2022 0:00;2;275;Persona;35;18000;23200;2;11
5451;25/10/2022 0:00;2;56;Persona;120;17600;21000;2;11
5452;25/10/2022 0:00;4;796;Persona;24;17200;19000;2;11
5453;25/10/2022 0:00;4;62;Persona;22;18000;19700;2;11
5454;25/10/2022 0:00;4;608;Persona;165;16900;20100;2;11
5455;25/10/2022 0:00;4;811;Persona;166;18200;22500;2;11
5456;26/10/2022 0:00;4;1133;Persona;31;16500;17500;3;6
5457;26/10/2022 0:00;4;623;Persona;88;17000;21700;3;6
5458;26/10/2022 0:00;4;1139;Persona;70;17300;20000;3;6
5459;26/10/2022 0:00;4;877;Persona;147;17300;21600;3;6
5460;26/10/2022 0:00;1;132;Persona;119;17300;18300;4;2
5461;26/10/2022 0:00;1;959;Persona;128;17500;21100;4;2
5462;26/10/2022 0:00;1;308;Persona;117;16800;19300;4;2
5463;26/10/2022 0:00;1;485;Persona;163;17800;22400;4;2
5464;26/10/2022 0:00;2;372;Empresa;178;17400;20300;1;9
5465;26/10/2022 0:00;2;548;Empresa;74;18100;21300;1;9
5466;26/10/2022 0:00;2;1089;Empresa;136;17600;21900;1;9
5467;26/10/2022 0:00;2;900;Empresa;141;18800;24300;1;9
5468;26/10/2022 0:00;4;906;Persona;165;16900;21100;1;4
5469;26/10/2022 0:00;4;1067;Persona;60;17300;19000;1;4
5470;26/10/2022 0:00;4;887;Persona;137;17800;19400;1;4
5471;26/10/2022 0:00;4;209;Persona;25;17500;19600;1;4
5472;26/10/2022 0:00;2;1026;Persona;57;17700;19400;4;5
5473;26/10/2022 0:00;2;73;Persona;132;17200;19700;4;5
5474;26/10/2022 0:00;2;687;Persona;94;17500;20300;4;5
5475;26/10/2022 0:00;2;175;Persona;138;17400;21400;4;12
5476;26/10/2022 0:00;2;699;Persona;107;17300;18700;4;12
5477;26/10/2022 0:00;2;519;Persona;138;17400;20800;4;12
5478;26/10/2022 0:00;2;985;Persona;127;17900;19800;4;12
5479;26/10/2022 0:00;4;875;Persona;111;17500;18700;4;10
5480;26/10/2022 0:00;4;387;Persona;101;17500;20300;4;10
5481;26/10/2022 0:00;4;223;Persona;143;17700;21600;4;10
5482;26/10/2022 0:00;4;559;Persona;72;17800;22300;4;10
5483;27/10/2022 0:00;3;202;Persona;26;17200;21200;4;1
5484;27/10/2022 0:00;3;5;Persona;156;17200;21200;4;1
5485;27/10/2022 0:00;3;1157;Persona;33;17100;21800;4;1
5486;27/10/2022 0:00;3;189;Persona;32;17800;22900;4;1
5487;27/10/2022 0:00;3;1116;Persona;6;17100;21400;4;1
5488;27/10/2022 0:00;3;241;Persona;39;17200;18500;4;1
5489;27/10/2022 0:00;3;264;Persona;29;17700;18900;4;1
5490;27/10/2022 0:00;3;704;Persona;142;17200;18000;4;1
5491;27/10/2022 0:00;2;334;Persona;101;17500;22600;4;1
5492;27/10/2022 0:00;2;170;Persona;141;18800;22000;4;1
5493;27/10/2022 0:00;2;93;Persona;7;17800;20900;4;1
5494;27/10/2022 0:00;2;562;Persona;106;17600;20000;4;1
5495;27/10/2022 0:00;4;292;Persona;134;18000;20800;1;9
5496;27/10/2022 0:00;4;1014;Persona;108;18300;22800;1;9
5497;27/10/2022 0:00;4;4;Persona;75;17000;20900;1;9
5498;27/10/2022 0:00;2;1137;Persona;161;16600;17900;4;10
5499;27/10/2022 0:00;2;514;Persona;33;17100;20900;4;10
5500;27/10/2022 0:00;2;1117;Persona;70;17300;19600;4;10
5501;27/10/2022 0:00;2;167;Persona;128;17500;20900;4;10
5502;27/10/2022 0:00;1;1167;Persona;1;16800;18500;4;12
5503;27/10/2022 0:00;1;738;Persona;25;17500;18700;4;12
5504;27/10/2022 0:00;1;959;Persona;71;17800;22500;4;12
5505;27/10/2022 0:00;1;318;Persona;175;17800;20100;4;12
5506;27/10/2022 0:00;1;705;Persona;66;18400;20200;4;3
5507;27/10/2022 0:00;1;625;Persona;82;17700;22600;4;3
5508;27/10/2022 0:00;1;1083;Persona;39;17200;19100;4;3
5509;27/10/2022 0:00;1;178;Persona;107;17300;20800;4;3
5510;27/10/2022 0:00;1;70;Persona;65;17100;20800;4;12
5511;28/10/2022 0:00;1;438;Persona;6;17100;21900;4;12
5512;28/10/2022 0:00;1;181;Persona;174;17400;19300;4;12
5513;28/10/2022 0:00;1;215;Persona;106;17600;20500;4;12
5514;28/10/2022 0:00;4;283;Persona;24;17200;18900;4;1
5515;28/10/2022 0:00;4;664;Persona;123;18200;23000;4;1
5516;28/10/2022 0:00;4;1104;Persona;62;17100;19900;4;1
5517;28/10/2022 0:00;4;78;Persona;112;17500;21200;4;1
5518;28/10/2022 0:00;3;471;Persona;19;17000;20900;4;3
5519;28/10/2022 0:00;3;1033;Persona;121;17100;20500;4;3
5520;28/10/2022 0:00;3;398;Persona;60;17300;22400;4;3
5521;28/10/2022 0:00;3;400;Persona;81;17400;19800;4;3
5522;28/10/2022 0:00;3;450;Persona;145;17400;21600;4;2
5523;28/10/2022 0:00;3;115;Persona;155;18000;21400;4;2
5524;28/10/2022 0:00;3;661;Persona;44;17900;22300;4;2
5525;28/10/2022 0:00;3;2;Persona;9;17100;21800;4;2
5526;28/10/2022 0:00;3;763;Persona;6;17100;20200;4;2
5527;29/10/2022 0:00;3;176;Persona;107;17300;21500;4;2
5528;29/10/2022 0:00;3;322;Persona;144;17200;22200;4;2
5529;29/10/2022 0:00;3;692;Persona;60;17300;21600;4;12
5530;29/10/2022 0:00;3;101;Persona;9;17100;21600;4;12
5531;29/10/2022 0:00;3;456;Persona;16;17800;19900;4;12
5532;29/10/2022 0:00;3;330;Persona;152;16600;18400;4;12
5533;29/10/2022 0:00;3;237;Persona;92;17500;18900;3;6
5534;29/10/2022 0:00;3;875;Persona;5;17200;21300;3;6
5535;30/10/2022 0:00;3;143;Persona;61;17600;21100;3;6
5536;30/10/2022 0:00;3;343;Persona;131;17000;21300;3;6
5537;30/10/2022 0:00;2;47;Persona;66;18400;19300;4;10
5538;30/10/2022 0:00;2;792;Persona;117;16800;18400;4;10
5539;30/10/2022 0:00;2;230;Persona;113;18000;22600;4;10
5540;30/10/2022 0:00;2;478;Persona;43;18400;22600;4;10
5541;30/10/2022 0:00;1;239;Persona;21;18000;22300;4;12
5542;30/10/2022 0:00;1;1014;Persona;176;17600;22300;4;12
5543;30/10/2022 0:00;1;831;Persona;7;17800;19300;4;12
5544;30/10/2022 0:00;1;547;Persona;64;17200;20900;4;12
5545;30/10/2022 0:00;3;665;Persona;57;17700;20400;4;5
5546;30/10/2022 0:00;3;195;Persona;164;16800;20000;4;5
5547;30/10/2022 0:00;3;1003;Persona;122;17000;18400;4;5
5548;30/10/2022 0:00;3;798;Persona;160;16800;21400;4;5
5549;30/10/2022 0:00;1;233;Persona;148;17000;21500;2;8
5550;30/10/2022 0:00;1;1028;Persona;34;17500;22400;2;8
5551;30/10/2022 0:00;1;1064;Persona;48;17100;19300;2;8
5552;30/10/2022 0:00;1;1101;Persona;163;17800;20400;2;8
5553;30/10/2022 0:00;1;481;Empresa;141;18800;21000;2;11
5554;30/10/2022 0:00;1;860;Empresa;20;17600;19900;2;11
5555;30/10/2022 0:00;1;975;Empresa;140;17300;19100;2;11
5556;30/10/2022 0:00;1;858;Empresa;96;17200;20400;2;11
5557;30/10/2022 0:00;4;922;Persona;53;16800;20800;4;7
5558;30/10/2022 0:00;4;328;Persona;103;18000;20200;4;7
5559;30/10/2022 0:00;4;305;Persona;98;18000;20900;4;7
5560;30/10/2022 0:00;4;241;Persona;26;17200;22200;4;7
5561;30/10/2022 0:00;2;123;Persona;103;18000;21800;4;5
5562;30/10/2022 0:00;2;131;Persona;108;18300;21600;4;5
5563;31/10/2022 0:00;2;781;Persona;78;17200;22000;4;5
5564;31/10/2022 0:00;2;458;Persona;153;17200;19300;4;5
5565;31/10/2022 0:00;2;747;Persona;47;17300;20000;4;5
5566;31/10/2022 0:00;2;432;Persona;114;17800;22600;4;5
5567;31/10/2022 0:00;2;879;Persona;102;17800;21500;4;5
5568;31/10/2022 0:00;2;738;Persona;18;17500;20100;4;2
5569;31/10/2022 0:00;2;786;Persona;8;18300;23700;4;2
5570;31/10/2022 0:00;2;179;Persona;41;17600;19300;4;2
5571;31/10/2022 0:00;2;1118;Persona;106;17600;22200;4;2
5572;31/10/2022 0:00;1;363;Persona;160;16800;21800;2;8
5573;31/10/2022 0:00;1;256;Persona;140;17300;19200;2;8
5574;31/10/2022 0:00;1;361;Persona;106;17600;21600;2;8
5575;31/10/2022 0:00;1;325;Persona;94;17500;21800;2;8
5576;31/10/2022 0:00;1;240;Persona;135;17800;22800;4;10
5577;31/10/2022 0:00;1;118;Persona;124;17500;21300;4;10
5578;31/10/2022 0:00;1;201;Persona;140;17300;20200;4;10
5579;31/10/2022 0:00;1;958;Persona;142;17200;21700;4;10
5580;31/10/2022 0:00;3;111;Persona;4;17700;20700;4;12
5581;31/10/2022 0:00;3;508;Persona;127;17900;19500;4;12
5582;31/10/2022 0:00;3;380;Persona;140;17300;19100;4;12
5583;31/10/2022 0:00;3;388;Persona;78;17200;18100;4;12
5584;31/10/2022 0:00;4;747;Persona;81;17400;20900;4;3
5585;31/10/2022 0:00;4;497;Persona;179;17500;18700;4;3
5586;31/10/2022 0:00;4;253;Persona;160;16800;17800;4;3
5587;31/10/2022 0:00;4;777;Persona;176;17600;22200;4;3
5588;31/10/2022 0:00;2;317;Persona;169;18000;21800;4;2
5589;31/10/2022 0:00;2;256;Persona;168;17500;19500;4;2
5590;31/10/2022 0:00;2;518;Persona;102;17800;19600;4;2
5591;31/10/2022 0:00;2;158;Persona;88;17000;20900;4;2
5592;31/10/2022 0:00;4;1106;Persona;83;17300;18700;2;8
5593;31/10/2022 0:00;4;994;Persona;124;17500;18500;2;8
5594;01/11/2022 0:00;4;420;Persona;26;17200;20800;2;8
5595;01/11/2022 0:00;4;1089;Persona;29;17700;21400;2;8
5596;01/11/2022 0:00;3;1092;Persona;51;17500;20000;4;5
5597;01/11/2022 0:00;3;871;Persona;148;17000;21400;4;5
5598;01/11/2022 0:00;3;1099;Persona;2;16800;18900;4;5
5599;01/11/2022 0:00;3;1036;Persona;65;17100;19400;4;5
5600;01/11/2022 0:00;3;1159;Persona;117;16800;21200;4;12
5601;01/11/2022 0:00;3;14;Persona;55;17800;20000;4;12
5602;01/11/2022 0:00;3;538;Persona;143;17700;20700;4;12
5603;01/11/2022 0:00;3;901;Persona;150;17600;21400;4;12
5604;01/11/2022 0:00;2;600;Persona;160;16800;21100;4;5
5605;01/11/2022 0:00;2;773;Persona;142;17200;18000;4;5
5606;01/11/2022 0:00;2;283;Persona;18;17500;19400;4;5
5607;01/11/2022 0:00;2;884;Persona;116;17700;21000;4;7
5608;01/11/2022 0:00;2;1071;Persona;142;17200;19800;4;7
5609;01/11/2022 0:00;2;1154;Persona;83;17300;18300;4;7
5610;01/11/2022 0:00;2;465;Persona;81;17400;19200;4;7
5611;01/11/2022 0:00;2;885;Persona;157;18100;20100;4;3
5612;01/11/2022 0:00;2;936;Persona;94;17500;21100;4;3
5613;01/11/2022 0:00;2;698;Persona;157;18100;23000;4;3
5614;01/11/2022 0:00;2;383;Persona;131;17000;19500;4;3
5615;01/11/2022 0:00;1;1161;Persona;112;17500;18600;2;8
5616;01/11/2022 0:00;1;350;Persona;54;17800;20000;2;8
5617;01/11/2022 0:00;1;587;Persona;148;17000;20800;2;8
5618;01/11/2022 0:00;1;1140;Persona;64;17200;18800;2;8
5619;01/11/2022 0:00;4;277;Persona;106;17600;20800;4;12
5620;01/11/2022 0:00;4;515;Persona;157;18100;21400;4;12
5621;01/11/2022 0:00;4;183;Persona;111;17500;18500;4;12
5622;02/11/2022 0:00;4;721;Persona;166;18200;19100;4;12
5623;02/11/2022 0:00;4;403;Persona;123;18200;22600;2;11
5624;02/11/2022 0:00;4;903;Persona;164;16800;19000;2;11
5625;02/11/2022 0:00;4;726;Persona;136;17600;21000;2;11
5626;02/11/2022 0:00;4;580;Persona;7;17800;19000;2;11
5627;02/11/2022 0:00;3;597;Persona;4;17700;20900;4;2
5628;02/11/2022 0:00;3;1156;Persona;176;17600;18900;4;2
5629;02/11/2022 0:00;3;966;Persona;54;17800;20200;4;2
5630;02/11/2022 0:00;3;876;Persona;55;17800;22800;4;2
5631;02/11/2022 0:00;4;668;Persona;24;17200;19100;4;10
5632;02/11/2022 0:00;4;355;Persona;155;18000;22200;4;10
5633;02/11/2022 0:00;4;375;Persona;124;17500;22600;4;10
5634;02/11/2022 0:00;4;503;Persona;16;17800;21700;4;10
5635;02/11/2022 0:00;2;1066;Persona;152;16600;20100;4;7
5636;02/11/2022 0:00;2;852;Persona;83;17300;18500;4;7
5637;02/11/2022 0:00;2;438;Persona;159;17400;21300;4;7
5638;03/11/2022 0:00;2;793;Persona;39;17200;19700;4;7
5639;03/11/2022 0:00;1;316;Persona;141;18800;19800;1;4
5640;03/11/2022 0:00;1;642;Persona;128;17500;20600;1;4
5641;03/11/2022 0:00;1;594;Persona;63;17400;19800;1;4
5642;03/11/2022 0:00;1;242;Persona;154;17300;20500;1;4
5643;03/11/2022 0:00;2;243;Persona;152;16600;21200;4;7
5644;03/11/2022 0:00;2;68;Persona;120;17600;21800;4;7
5645;03/11/2022 0:00;2;93;Persona;169;18000;20100;4;7
5646;03/11/2022 0:00;2;731;Persona;165;16900;18600;4;7
5647;03/11/2022 0:00;1;687;Empresa;4;17700;21400;4;10
5648;03/11/2022 0:00;1;710;Empresa;139;17100;21700;4;10
5649;03/11/2022 0:00;1;218;Empresa;101;17500;18400;4;10
5650;03/11/2022 0:00;1;113;Persona;169;18000;19000;4;2
5651;03/11/2022 0:00;1;175;Persona;146;17100;17900;4;2
5652;03/11/2022 0:00;1;107;Persona;116;17700;21500;4;2
5653;03/11/2022 0:00;1;121;Persona;83;17300;19600;4;2
5654;03/11/2022 0:00;1;188;Persona;67;17700;21800;1;4
5655;03/11/2022 0:00;1;1178;Persona;39;17200;19700;1;4
5656;03/11/2022 0:00;1;45;Persona;99;17500;20900;1;4
5657;03/11/2022 0:00;1;171;Persona;47;17300;19900;1;4
5658;03/11/2022 0:00;4;181;Persona;6;17100;18100;2;8
5659;03/11/2022 0:00;4;657;Persona;155;18000;20000;2;8
5660;03/11/2022 0:00;4;1129;Persona;19;17000;17900;2;8
5661;03/11/2022 0:00;4;1004;Persona;100;18100;22400;2;8
5662;03/11/2022 0:00;2;225;Empresa;17;18100;21900;4;1
5663;03/11/2022 0:00;2;607;Empresa;96;17200;19700;4;1
5664;03/11/2022 0:00;2;361;Empresa;171;16800;17800;4;1
5665;03/11/2022 0:00;2;399;Persona;46;16700;20100;4;3
5666;03/11/2022 0:00;2;1116;Persona;49;17300;20900;4;3
5667;03/11/2022 0:00;2;840;Persona;15;17200;20400;4;3
5668;03/11/2022 0:00;2;489;Persona;92;17500;18700;4;3
5669;03/11/2022 0:00;1;753;Empresa;64;17200;21400;2;8
5670;03/11/2022 0:00;1;478;Empresa;63;17400;22000;2;8
5671;03/11/2022 0:00;1;255;Empresa;112;17500;19700;2;8
5672;03/11/2022 0:00;1;122;Empresa;101;17500;22700;2;8
5673;03/11/2022 0:00;3;479;Persona;20;17600;20900;4;10
5674;03/11/2022 0:00;3;948;Persona;79;17700;18600;4;10
5675;03/11/2022 0:00;3;1152;Persona;124;17500;19900;4;10
5676;03/11/2022 0:00;3;812;Persona;80;17400;18700;4;10
5677;04/11/2022 0:00;4;545;Empresa;52;17800;22500;4;2
5678;04/11/2022 0:00;4;442;Empresa;81;17400;18400;4;2
5679;04/11/2022 0:00;4;224;Empresa;52;17800;21900;4;2
5680;04/11/2022 0:00;1;968;Persona;81;17400;18800;4;10
5681;05/11/2022 0:00;1;929;Persona;166;18200;21900;4;10
5682;05/11/2022 0:00;1;167;Persona;99;17500;21400;4;10
5683;05/11/2022 0:00;1;135;Empresa;67;17700;22300;2;8
5684;05/11/2022 0:00;1;722;Empresa;71;17800;20000;2;8
5685;05/11/2022 0:00;1;392;Empresa;171;16800;18200;2;8
5686;05/11/2022 0:00;1;1088;Empresa;140;17300;22100;2;8
5687;05/11/2022 0:00;4;140;Persona;123;18200;21800;4;7
5688;05/11/2022 0:00;4;731;Persona;83;17300;21100;4;7
5689;05/11/2022 0:00;4;466;Persona;20;17600;19200;4;7
5690;05/11/2022 0:00;4;920;Persona;164;16800;17600;4;7
5691;05/11/2022 0:00;4;233;Persona;65;17100;21100;1;9
5692;05/11/2022 0:00;4;822;Persona;87;18000;22800;1;9
5693;05/11/2022 0:00;4;657;Persona;160;16800;18600;1;9
5694;05/11/2022 0:00;4;221;Persona;99;17500;21100;1;9
5695;05/11/2022 0:00;4;956;Persona;13;17300;22400;1;9
5696;05/11/2022 0:00;4;826;Persona;151;17200;21600;1;9
5697;05/11/2022 0:00;4;387;Persona;53;16800;21000;1;9
5698;05/11/2022 0:00;4;940;Persona;129;17800;19400;1;9
5699;05/11/2022 0:00;1;954;Persona;60;17300;19300;2;11
5700;05/11/2022 0:00;1;1009;Persona;149;17600;22400;2;11
5701;05/11/2022 0:00;1;455;Persona;177;16600;17700;2;11
5702;05/11/2022 0:00;1;540;Persona;104;17400;22300;2;11
5703;05/11/2022 0:00;1;89;Persona;122;17000;19500;4;10
5704;05/11/2022 0:00;1;984;Persona;160;16800;21600;4;10
5705;05/11/2022 0:00;1;665;Persona;122;17000;18200;4;10
5706;05/11/2022 0:00;4;427;Persona;47;17300;18400;4;10
5707;05/11/2022 0:00;4;419;Persona;120;17600;21200;4;10
5708;05/11/2022 0:00;4;62;Persona;144;17200;22100;4;10
5709;05/11/2022 0:00;4;1108;Persona;144;17200;21900;4;10
5710;05/11/2022 0:00;3;1105;Persona;116;17700;20600;4;12
5711;05/11/2022 0:00;3;191;Persona;72;17800;22600;4;12
5712;05/11/2022 0:00;3;829;Persona;22;18000;22600;4;12
5713;06/11/2022 0:00;3;456;Persona;175;17800;21400;4;12
5714;06/11/2022 0:00;2;153;Persona;98;18000;21800;4;5
5715;06/11/2022 0:00;2;98;Persona;79;17700;21400;4;5
5716;06/11/2022 0:00;2;417;Persona;33;17100;19700;4;5
5717;06/11/2022 0:00;2;404;Persona;35;18000;22300;4;5
5718;06/11/2022 0:00;4;719;Persona;145;17400;19000;4;3
5719;06/11/2022 0:00;4;853;Persona;96;17200;20700;4;3
5720;06/11/2022 0:00;4;16;Persona;131;17000;19900;4;3
5721;06/11/2022 0:00;4;873;Persona;48;17100;18100;4;3
5722;06/11/2022 0:00;2;676;Persona;175;17800;22300;4;12
5723;06/11/2022 0:00;2;866;Persona;97;17500;19000;4;12
5724;06/11/2022 0:00;2;99;Persona;33;17100;20700;4;12
5725;07/11/2022 0:00;2;870;Persona;26;17200;19100;4;12
5726;07/11/2022 0:00;2;251;Persona;74;18100;21600;4;3
5727;07/11/2022 0:00;2;650;Persona;165;16900;18800;4;3
5728;07/11/2022 0:00;2;171;Persona;59;18100;19800;4;3
5729;07/11/2022 0:00;2;842;Persona;84;18500;23400;1;4
5730;07/11/2022 0:00;2;751;Persona;4;17700;21100;1;4
5731;07/11/2022 0:00;2;395;Persona;82;17700;21300;1;4
5732;07/11/2022 0:00;3;48;Persona;46;16700;17500;4;5
5733;07/11/2022 0:00;3;737;Persona;59;18100;23200;4;5
5734;07/11/2022 0:00;3;771;Persona;20;17600;22000;4;5
5735;07/11/2022 0:00;3;99;Persona;94;17500;19400;4;5
5736;07/11/2022 0:00;2;89;Persona;160;16800;19000;4;3
5737;07/11/2022 0:00;2;209;Persona;117;16800;17700;4;3
5738;07/11/2022 0:00;2;75;Persona;64;17200;19100;4;3
5739;07/11/2022 0:00;2;393;Persona;60;17300;21800;4;3
5740;07/11/2022 0:00;2;169;Empresa;80;17400;18700;4;1
5741;07/11/2022 0:00;2;39;Empresa;26;17200;21700;4;1
5742;07/11/2022 0:00;2;13;Empresa;111;17500;21100;4;1
5743;07/11/2022 0:00;2;448;Empresa;6;17100;20500;4;1
5744;07/11/2022 0:00;2;4;Persona;112;17500;22300;4;7
5745;07/11/2022 0:00;2;694;Persona;86;17000;21700;4;7
5746;07/11/2022 0:00;2;668;Persona;157;18100;21700;4;7
5747;07/11/2022 0:00;2;160;Persona;145;17400;18700;4;7
5748;07/11/2022 0:00;4;1127;Persona;26;17200;18700;2;11
5749;07/11/2022 0:00;4;1051;Persona;133;17500;18300;2;11
5750;07/11/2022 0:00;4;837;Persona;84;18500;20400;2;11
5751;07/11/2022 0:00;4;258;Persona;124;17500;20900;2;11
5752;07/11/2022 0:00;2;31;Persona;137;17800;21800;3;6
5753;07/11/2022 0:00;2;955;Persona;28;17800;21300;3;6
5754;07/11/2022 0:00;2;356;Persona;166;18200;20900;3;6
5755;07/11/2022 0:00;2;381;Persona;7;17800;20000;3;6
5756;07/11/2022 0:00;2;834;Empresa;8;18300;19800;4;7
5757;08/11/2022 0:00;2;425;Empresa;19;17000;21700;4;7
5758;08/11/2022 0:00;2;312;Empresa;71;17800;20000;4;7
5759;08/11/2022 0:00;2;1097;Empresa;75;17000;19300;4;7
5760;08/11/2022 0:00;2;589;Persona;160;16800;18900;4;3
5761;08/11/2022 0:00;2;291;Persona;45;17500;21300;4;3
5762;08/11/2022 0:00;2;628;Persona;172;17700;18900;4;3
5763;08/11/2022 0:00;2;1074;Persona;152;16600;17800;4;3
5764;08/11/2022 0:00;3;443;Persona;102;17800;21800;4;2
5765;08/11/2022 0:00;3;514;Persona;172;17700;20500;4;2
5766;08/11/2022 0:00;3;481;Persona;74;18100;20700;4;2
5767;08/11/2022 0:00;3;592;Persona;149;17600;22600;4;2
5768;08/11/2022 0:00;3;585;Persona;66;18400;22700;4;12
5769;08/11/2022 0:00;3;955;Persona;30;17400;18600;4;12
5770;08/11/2022 0:00;3;328;Persona;117;16800;19500;4;12
5771;08/11/2022 0:00;3;397;Persona;120;17600;20400;4;12
5772;08/11/2022 0:00;4;883;Persona;74;18100;20600;1;4
5773;09/11/2022 0:00;4;998;Persona;34;17500;22400;1;4
5774;09/11/2022 0:00;4;1037;Persona;8;18300;20500;1;4
5775;09/11/2022 0:00;4;882;Persona;33;17100;19000;1;4
5776;09/11/2022 0:00;1;529;Empresa;161;16600;18800;4;1
5777;09/11/2022 0:00;1;980;Empresa;164;16800;20300;4;1
5778;09/11/2022 0:00;1;657;Empresa;124;17500;19500;4;1
5779;09/11/2022 0:00;2;610;Persona;100;18100;22100;1;9
5780;09/11/2022 0:00;2;921;Persona;141;18800;21300;1;9
5781;09/11/2022 0:00;2;524;Persona;148;17000;19400;1;9
5782;09/11/2022 0:00;2;507;Persona;114;17800;22200;1;9
5783;09/11/2022 0:00;2;977;Persona;65;17100;20700;3;6
5784;09/11/2022 0:00;2;285;Persona;140;17300;18200;3;6
5785;09/11/2022 0:00;2;433;Persona;15;17200;20500;3;6
5786;09/11/2022 0:00;2;19;Persona;118;18000;21400;3;6
5787;09/11/2022 0:00;4;542;Empresa;123;18200;21300;1;9
5788;09/11/2022 0:00;4;260;Empresa;38;18100;22200;1;9
5789;09/11/2022 0:00;4;613;Empresa;20;17600;19600;1;9
5790;09/11/2022 0:00;4;1012;Empresa;24;17200;22200;1;9
5791;09/11/2022 0:00;4;540;Persona;92;17500;22100;2;8
5792;09/11/2022 0:00;4;574;Persona;48;17100;19700;2;8
5793;09/11/2022 0:00;4;161;Persona;148;17000;19000;2;8
5794;09/11/2022 0:00;4;1015;Persona;47;17300;21400;2;8
5795;09/11/2022 0:00;3;355;Empresa;31;16500;19800;2;11
5796;09/11/2022 0:00;3;1016;Empresa;103;18000;19200;2;11
5797;09/11/2022 0:00;3;119;Empresa;176;17600;19700;2;11
5798;09/11/2022 0:00;3;495;Empresa;157;18100;23400;2;11
5799;09/11/2022 0:00;4;1060;Empresa;33;17100;18200;4;10
5800;09/11/2022 0:00;4;255;Empresa;172;17700;21400;4;10
5801;09/11/2022 0:00;4;642;Empresa;41;17600;20800;4;10
5802;09/11/2022 0:00;4;564;Empresa;44;17900;20700;4;10
5803;10/11/2022 0:00;2;1157;Empresa;59;18100;20000;4;10
5804;10/11/2022 0:00;2;985;Empresa;132;17200;19900;4;10
5805;10/11/2022 0:00;2;489;Empresa;70;17300;18300;4;10
5806;10/11/2022 0:00;2;112;Empresa;67;17700;19600;4;10
5807;10/11/2022 0:00;4;67;Persona;137;17800;20400;4;7
5808;10/11/2022 0:00;4;587;Persona;124;17500;18400;4;7
5809;10/11/2022 0:00;4;977;Persona;111;17500;19300;4;7
5810;10/11/2022 0:00;4;44;Persona;83;17300;19500;4;7
5811;10/11/2022 0:00;4;1000;Persona;97;17500;18800;3;6
5812;10/11/2022 0:00;4;120;Persona;69;17800;20400;3;6
5813;10/11/2022 0:00;4;714;Persona;115;18400;21100;3;6
5814;10/11/2022 0:00;4;239;Persona;128;17500;20800;3;6
5815;11/11/2022 0:00;2;220;Persona;47;17300;18900;1;9
5816;11/11/2022 0:00;2;1083;Persona;39;17200;20200;1;9
5817;11/11/2022 0:00;2;547;Persona;136;17600;22200;1;9
5818;11/11/2022 0:00;1;162;Persona;149;17600;21700;4;1
5819;11/11/2022 0:00;1;795;Persona;144;17200;19400;4;1
5820;11/11/2022 0:00;1;199;Persona;144;17200;19100;4;1
5821;11/11/2022 0:00;1;854;Persona;55;17800;21000;4;1
5822;11/11/2022 0:00;1;588;Persona;163;17800;20700;1;9
5823;11/11/2022 0:00;1;965;Persona;43;18400;21100;1;9
5824;11/11/2022 0:00;1;720;Persona;173;17500;20500;1;9
5825;11/11/2022 0:00;1;928;Persona;72;17800;19600;1;9
5826;11/11/2022 0:00;1;687;Persona;17;18100;21100;2;11
5827;11/11/2022 0:00;1;77;Persona;54;17800;21700;2;11
5828;11/11/2022 0:00;1;968;Persona;96;17200;20500;2;11
5829;11/11/2022 0:00;1;81;Persona;22;18000;21500;2;11
5830;11/11/2022 0:00;4;1133;Persona;3;17000;19000;1;9
5831;12/11/2022 0:00;4;958;Persona;47;17300;21900;1;9
5832;12/11/2022 0:00;4;254;Persona;104;17400;19900;1;9
5833;12/11/2022 0:00;4;1115;Persona;158;17400;21800;1;9
5834;12/11/2022 0:00;3;214;Persona;2;16800;21400;4;12
5835;12/11/2022 0:00;3;46;Persona;98;18000;23100;4;12
5836;12/11/2022 0:00;3;128;Persona;61;17600;19800;4;12
5837;12/11/2022 0:00;3;236;Persona;26;17200;20800;4;12
5838;12/11/2022 0:00;2;1149;Empresa;42;17600;21700;4;5
5839;13/11/2022 0:00;2;252;Empresa;144;17200;19300;4;5
5840;13/11/2022 0:00;2;724;Empresa;70;17300;18900;4;5
5841;13/11/2022 0:00;2;1125;Empresa;80;17400;18900;4;5
5842;13/11/2022 0:00;2;977;Persona;96;17200;20000;4;10
5843;13/11/2022 0:00;2;558;Persona;49;17300;18700;4;10
5844;13/11/2022 0:00;2;38;Persona;159;17400;19000;4;10
5845;13/11/2022 0:00;2;410;Persona;140;17300;20200;4;10
5846;13/11/2022 0:00;2;777;Persona;50;16300;18100;2;11
5847;13/11/2022 0:00;2;237;Persona;25;17500;21200;2;11
5848;13/11/2022 0:00;2;44;Persona;14;16800;21500;2;11
5849;13/11/2022 0:00;2;478;Persona;32;17800;20400;2;11
5850;13/11/2022 0:00;3;56;Persona;21;18000;21600;1;4
5851;14/11/2022 0:00;3;674;Persona;90;17400;20300;1;4
5852;14/11/2022 0:00;3;79;Persona;45;17500;22300;1;4
5853;14/11/2022 0:00;3;239;Persona;40;17000;21700;1;4
5854;14/11/2022 0:00;2;679;Persona;87;18000;21100;1;4
5855;14/11/2022 0:00;2;1111;Persona;65;17100;20700;1;4
5856;14/11/2022 0:00;2;519;Persona;11;17300;21900;1;4
5857;14/11/2022 0:00;1;513;Empresa;42;17600;21300;4;2
5858;14/11/2022 0:00;1;578;Empresa;25;17500;19800;4;2
5859;14/11/2022 0:00;1;823;Empresa;105;18200;19300;4;2
5860;14/11/2022 0:00;1;921;Empresa;26;17200;18400;4;2
5861;14/11/2022 0:00;1;451;Persona;56;17400;20300;4;10
5862;14/11/2022 0:00;1;546;Persona;98;18000;20300;4;10
5863;14/11/2022 0:00;1;1141;Persona;128;17500;18600;4;10
5864;14/11/2022 0:00;1;392;Persona;28;17800;22500;4;10
5865;14/11/2022 0:00;1;974;Persona;164;16800;18100;2;11
5866;14/11/2022 0:00;1;213;Persona;95;17700;21500;2;11
5867;14/11/2022 0:00;1;536;Persona;168;17500;18600;2;11
5868;14/11/2022 0:00;1;711;Persona;32;17800;22900;2;11
5869;14/11/2022 0:00;2;269;Persona;60;17300;18800;4;1
5870;15/11/2022 0:00;2;416;Persona;61;17600;21900;4;1
5871;15/11/2022 0:00;2;581;Persona;78;17200;18200;4;1
5872;15/11/2022 0:00;2;119;Persona;3;17000;20500;4;1
5873;15/11/2022 0:00;2;853;Persona;133;17500;22500;1;9
5874;15/11/2022 0:00;2;342;Persona;26;17200;18500;1;9
5875;15/11/2022 0:00;2;329;Persona;144;17200;19100;1;9
5876;15/11/2022 0:00;2;1036;Persona;44;17900;19800;4;1
5877;16/11/2022 0:00;2;102;Persona;157;18100;19200;4;1
5878;16/11/2022 0:00;2;144;Persona;116;17700;20000;4;1
5879;16/11/2022 0:00;2;467;Persona;61;17600;21900;4;1
5880;16/11/2022 0:00;1;734;Persona;118;18000;19800;1;9
5881;16/11/2022 0:00;1;661;Persona;133;17500;21700;1;9
5882;16/11/2022 0:00;1;48;Persona;63;17400;22300;1;9
5883;16/11/2022 0:00;1;1024;Persona;148;17000;20100;1;9
5884;16/11/2022 0:00;1;991;Persona;172;17700;19500;2;8
5885;16/11/2022 0:00;1;900;Persona;116;17700;22700;2;8
5886;16/11/2022 0:00;1;1014;Persona;105;18200;21000;2;8
5887;16/11/2022 0:00;1;634;Persona;35;18000;19500;2;8
5888;16/11/2022 0:00;4;461;Persona;61;17600;18800;4;10
5889;16/11/2022 0:00;4;310;Persona;64;17200;21400;4;10
5890;16/11/2022 0:00;4;854;Persona;140;17300;20300;4;10
5891;16/11/2022 0:00;4;193;Persona;164;16800;18900;4;10
5892;16/11/2022 0:00;4;558;Persona;8;18300;23600;2;8
5893;16/11/2022 0:00;4;467;Persona;57;17700;22700;2;8
5894;16/11/2022 0:00;4;1008;Persona;107;17300;18100;2;8
5895;16/11/2022 0:00;4;528;Persona;48;17100;18600;2;8
5896;16/11/2022 0:00;3;110;Persona;111;17500;19300;4;7
5897;16/11/2022 0:00;3;352;Persona;62;17100;19300;4;7
5898;16/11/2022 0:00;3;697;Persona;109;17700;22800;4;7
5899;16/11/2022 0:00;3;973;Persona;67;17700;20100;4;7
5900;16/11/2022 0:00;1;430;Persona;21;18000;21400;4;1
5901;16/11/2022 0:00;1;652;Persona;35;18000;19900;4;1
5902;16/11/2022 0:00;1;41;Persona;22;18000;20700;4;1
5903;16/11/2022 0:00;1;713;Persona;120;17600;19700;4;1
5904;16/11/2022 0:00;1;23;Persona;88;17000;20400;4;2
5905;16/11/2022 0:00;1;319;Persona;95;17700;20400;4;2
5906;16/11/2022 0:00;1;911;Persona;153;17200;19500;4;2
5907;16/11/2022 0:00;1;268;Persona;110;17200;21900;4;2
5908;16/11/2022 0:00;4;908;Persona;25;17500;19900;1;4
5909;16/11/2022 0:00;4;187;Persona;79;17700;22900;1;4
5910;16/11/2022 0:00;4;958;Persona;7;17800;23100;1;4
5911;16/11/2022 0:00;4;139;Persona;131;17000;21500;1;4
5912;16/11/2022 0:00;3;716;Persona;177;16600;18300;4;12
5913;17/11/2022 0:00;3;513;Persona;81;17400;21200;4;12
5914;17/11/2022 0:00;3;940;Persona;128;17500;22200;4;12
5915;17/11/2022 0:00;3;265;Persona;84;18500;20200;4;12
5916;17/11/2022 0:00;3;214;Persona;17;18100;19000;4;10
5917;17/11/2022 0:00;3;860;Persona;33;17100;21400;4;10
5918;17/11/2022 0:00;3;848;Persona;131;17000;20300;4;10
5919;17/11/2022 0:00;3;1107;Persona;24;17200;20500;4;10
5920;17/11/2022 0:00;2;681;Persona;57;17700;21700;2;8
5921;17/11/2022 0:00;2;85;Persona;93;16800;19800;2;8
5922;17/11/2022 0:00;2;1132;Persona;73;17100;21500;2;8
5923;17/11/2022 0:00;2;995;Persona;36;17600;20800;2;8
5924;17/11/2022 0:00;2;772;Persona;77;17300;21700;4;5
5925;17/11/2022 0:00;2;433;Persona;160;16800;17600;4;5
5926;17/11/2022 0:00;2;953;Persona;62;17100;18600;4;5
5927;17/11/2022 0:00;2;662;Persona;26;17200;21300;4;5
5928;17/11/2022 0:00;1;804;Persona;101;17500;19100;4;10
5929;17/11/2022 0:00;1;690;Persona;87;18000;21300;4;10
5930;17/11/2022 0:00;1;476;Persona;18;17500;19900;4;10
5931;17/11/2022 0:00;1;733;Persona;171;16800;19100;4;10
5932;17/11/2022 0:00;3;434;Persona;22;18000;21900;1;4
5933;17/11/2022 0:00;3;96;Persona;136;17600;18700;1;4
5934;17/11/2022 0:00;3;304;Persona;26;17200;20000;1;4
5935;17/11/2022 0:00;3;1016;Persona;67;17700;21200;1;4
5936;17/11/2022 0:00;3;547;Empresa;58;17600;20300;4;12
5937;17/11/2022 0:00;3;275;Empresa;141;18800;20800;4;12
5938;17/11/2022 0:00;3;1087;Empresa;15;17200;19900;4;12
5939;17/11/2022 0:00;3;599;Empresa;146;17100;20600;4;12
5940;18/11/2022 0:00;3;961;Persona;15;17200;22100;4;10
5941;18/11/2022 0:00;3;232;Persona;140;17300;18600;4;10
5942;18/11/2022 0:00;3;28;Persona;66;18400;20400;4;10
5943;18/11/2022 0:00;3;1023;Persona;92;17500;18300;4;10
5944;18/11/2022 0:00;4;385;Persona;86;17000;20000;1;4
5945;18/11/2022 0:00;4;696;Persona;93;16800;18600;1;4
5946;18/11/2022 0:00;4;842;Persona;3;17000;19300;1;4
5947;18/11/2022 0:00;4;812;Persona;26;17200;19500;1;4
5948;18/11/2022 0:00;1;876;Persona;49;17300;21400;4;2
5949;18/11/2022 0:00;1;841;Persona;13;17300;20000;4;2
5950;18/11/2022 0:00;1;907;Persona;151;17200;19400;4;2
5951;19/11/2022 0:00;1;660;Persona;14;16800;20500;4;2
5952;19/11/2022 0:00;3;111;Persona;35;18000;21900;2;11
5953;19/11/2022 0:00;3;239;Persona;158;17400;19400;2;11
5954;19/11/2022 0:00;3;350;Persona;156;17200;19700;2;11
5955;19/11/2022 0:00;3;1088;Persona;132;17200;22100;2;11
5956;19/11/2022 0:00;3;362;Persona;131;17000;19100;4;1
5957;19/11/2022 0:00;3;582;Persona;130;17900;18900;4;1
5958;19/11/2022 0:00;3;75;Persona;52;17800;18600;4;1
5959;19/11/2022 0:00;3;490;Persona;128;17500;22000;4;1
5960;19/11/2022 0:00;2;921;Persona;85;17600;20800;4;2
5961;19/11/2022 0:00;2;498;Persona;179;17500;19900;4;2
5962;19/11/2022 0:00;2;1014;Persona;158;17400;21200;4;2
5963;19/11/2022 0:00;2;449;Persona;127;17900;20600;4;2
5964;19/11/2022 0:00;2;470;Persona;134;18000;22500;4;3
5965;19/11/2022 0:00;2;329;Persona;15;17200;18700;4;3
5966;19/11/2022 0:00;2;497;Persona;73;17100;20100;4;3
5967;20/11/2022 0:00;2;1079;Persona;163;17800;20400;4;3
5968;20/11/2022 0:00;1;729;Persona;68;17300;22000;2;8
5969;20/11/2022 0:00;1;129;Persona;105;18200;20800;2;8
5970;20/11/2022 0:00;1;1002;Persona;116;17700;22400;2;8
5971;20/11/2022 0:00;3;94;Persona;86;17000;19700;2;8
5972;20/11/2022 0:00;3;74;Persona;144;17200;20400;2;8
5973;20/11/2022 0:00;3;803;Persona;178;17400;18200;2;8
5974;20/11/2022 0:00;3;154;Persona;28;17800;21000;2;8
5975;20/11/2022 0:00;3;787;Empresa;174;17400;18600;4;3
5976;20/11/2022 0:00;3;180;Empresa;114;17800;19200;4;3
5977;20/11/2022 0:00;3;1168;Empresa;98;18000;22800;4;3
5978;20/11/2022 0:00;3;834;Empresa;128;17500;18800;4;3
5979;21/11/2022 0:00;3;1129;Persona;55;17800;19000;4;12
5980;21/11/2022 0:00;3;729;Persona;178;17400;19800;4;12
5981;21/11/2022 0:00;3;665;Persona;119;17300;22200;4;12
5982;21/11/2022 0:00;3;982;Persona;112;17500;20300;4;12
5983;21/11/2022 0:00;4;1106;Persona;98;18000;20900;4;10
5984;21/11/2022 0:00;4;933;Persona;81;17400;20300;4;10
5985;21/11/2022 0:00;4;217;Persona;23;17100;18000;4;10
5986;21/11/2022 0:00;4;529;Persona;134;18000;20000;4;10
5987;21/11/2022 0:00;2;627;Empresa;57;17700;18600;2;8
5988;21/11/2022 0:00;2;359;Empresa;75;17000;19400;2;8
5989;21/11/2022 0:00;2;771;Empresa;1;16800;19700;2;8
5990;21/11/2022 0:00;2;1056;Empresa;47;17300;19700;2;8
5991;21/11/2022 0:00;2;991;Persona;19;17000;21600;3;6
5992;21/11/2022 0:00;2;4;Persona;77;17300;19400;3;6
5993;22/11/2022 0:00;2;1117;Persona;41;17600;19900;3;6
5994;22/11/2022 0:00;2;112;Empresa;146;17100;18800;2;11
5995;22/11/2022 0:00;2;484;Empresa;142;17200;21900;2;11
5996;22/11/2022 0:00;2;753;Empresa;154;17300;19600;2;11
5997;22/11/2022 0:00;2;772;Empresa;137;17800;20100;2;11
5998;22/11/2022 0:00;3;20;Persona;131;17000;21000;4;2
5999;22/11/2022 0:00;3;265;Persona;114;17800;18900;4;2
6000;22/11/2022 0:00;3;376;Persona;108;18300;23500;4;2
6001;22/11/2022 0:00;3;426;Persona;31;16500;18600;4;2
6002;22/11/2022 0:00;2;843;Persona;156;17200;20500;1;4
6003;22/11/2022 0:00;2;748;Persona;75;17000;20900;1;4
6004;22/11/2022 0:00;2;882;Persona;22;18000;21300;1;4
6005;22/11/2022 0:00;2;195;Persona;178;17400;22000;1;4
6006;22/11/2022 0:00;4;547;Persona;112;17500;22000;4;2
6007;22/11/2022 0:00;4;186;Persona;114;17800;21100;4;2
6008;22/11/2022 0:00;4;805;Persona;47;17300;21000;4;2
6009;22/11/2022 0:00;4;335;Empresa;118;18000;19200;4;7
6010;22/11/2022 0:00;4;930;Empresa;95;17700;22100;4;7
6011;22/11/2022 0:00;4;929;Empresa;53;16800;19200;4;7
6012;22/11/2022 0:00;4;973;Empresa;85;17600;18700;4;7
6013;22/11/2022 0:00;2;348;Persona;152;16600;20200;4;12
6014;22/11/2022 0:00;2;238;Persona;138;17400;18600;4;12
6015;22/11/2022 0:00;2;456;Persona;127;17900;20000;4;12
6016;22/11/2022 0:00;2;588;Persona;6;17100;19700;4;12
6017;23/11/2022 0:00;4;115;Persona;99;17500;20300;2;8
6018;23/11/2022 0:00;4;626;Persona;17;18100;19700;2;8
6019;23/11/2022 0:00;4;747;Persona;21;18000;19800;2;8
6020;23/11/2022 0:00;4;665;Persona;140;17300;21300;2;8
6021;23/11/2022 0:00;3;1172;Persona;21;18000;19400;4;1
6022;23/11/2022 0:00;3;204;Persona;68;17300;18100;4;1
6023;23/11/2022 0:00;3;1137;Persona;119;17300;20700;4;1
6024;23/11/2022 0:00;3;788;Persona;126;18100;19700;4;1
6025;23/11/2022 0:00;3;41;Persona;10;16300;18000;2;11
6026;23/11/2022 0:00;3;911;Persona;175;17800;19300;2;11
6027;23/11/2022 0:00;3;1031;Persona;101;17500;18400;2;11
6028;23/11/2022 0:00;3;507;Persona;83;17300;20600;2;11
6029;24/11/2022 0:00;4;617;Persona;101;17500;20000;4;5
6030;24/11/2022 0:00;4;125;Persona;62;17100;19800;4;5
6031;24/11/2022 0:00;4;726;Persona;119;17300;20000;4;5
6032;24/11/2022 0:00;4;1030;Persona;22;18000;22600;4;5
6033;24/11/2022 0:00;2;145;Persona;163;17800;21700;2;11
6034;24/11/2022 0:00;2;588;Persona;17;18100;21700;2;11
6035;24/11/2022 0:00;2;60;Persona;114;17800;18900;2;11
6036;24/11/2022 0:00;2;967;Persona;104;17400;22400;2;11
6037;24/11/2022 0:00;2;694;Persona;62;17100;20200;1;9
6038;24/11/2022 0:00;2;597;Persona;94;17500;18400;1;9
6039;24/11/2022 0:00;2;872;Persona;137;17800;19400;1;9
6040;24/11/2022 0:00;2;519;Persona;76;17700;19900;1;9
6041;24/11/2022 0:00;1;480;Persona;170;17400;22500;2;8
6042;24/11/2022 0:00;1;1106;Persona;4;17700;18600;2;8
6043;24/11/2022 0:00;1;649;Persona;21;18000;19200;2;8
6044;25/11/2022 0:00;1;931;Persona;33;17100;21000;2;8
6045;25/11/2022 0:00;1;380;Persona;171;16800;19400;2;8
6046;25/11/2022 0:00;1;946;Persona;60;17300;21800;2;8
6047;25/11/2022 0:00;1;860;Persona;120;17600;20300;2;8
6048;25/11/2022 0:00;1;723;Persona;15;17200;18100;2;8
6049;25/11/2022 0:00;3;748;Persona;94;17500;19000;2;11
6050;25/11/2022 0:00;3;9;Persona;45;17500;21000;2;11
6051;25/11/2022 0:00;3;459;Persona;153;17200;18300;2;11
6052;25/11/2022 0:00;3;257;Persona;110;17200;18700;2;11
6053;25/11/2022 0:00;3;1056;Persona;76;17700;20200;3;6
6054;25/11/2022 0:00;3;616;Persona;2;16800;20500;3;6
6055;25/11/2022 0:00;3;918;Persona;7;17800;18800;3;6
6056;26/11/2022 0:00;3;647;Persona;14;16800;20600;3;6
6057;26/11/2022 0:00;3;175;Empresa;48;17100;20300;4;12
6058;26/11/2022 0:00;3;19;Empresa;177;16600;20400;4;12
6059;26/11/2022 0:00;3;399;Empresa;52;17800;21600;4;12
6060;26/11/2022 0:00;3;846;Empresa;45;17500;19100;4;12
6061;26/11/2022 0:00;4;1054;Persona;66;18400;21500;4;10
6062;26/11/2022 0:00;4;348;Persona;108;18300;22400;4;10
6063;26/11/2022 0:00;4;577;Persona;62;17100;21500;4;10
6064;27/11/2022 0:00;4;1144;Persona;72;17800;21300;4;10
6065;27/11/2022 0:00;4;978;Persona;20;17600;21200;1;9
6066;27/11/2022 0:00;4;925;Persona;45;17500;18400;1;9
6067;27/11/2022 0:00;4;1129;Persona;50;16300;21000;1;9
6068;27/11/2022 0:00;4;451;Persona;158;17400;19800;1;9
6069;27/11/2022 0:00;2;43;Persona;24;17200;20600;4;2
6070;27/11/2022 0:00;2;952;Persona;72;17800;22000;4;2
6071;27/11/2022 0:00;2;540;Persona;178;17400;19800;4;2
6072;27/11/2022 0:00;1;249;Persona;105;18200;21300;4;2
6073;27/11/2022 0:00;1;897;Persona;138;17400;19100;4;2
6074;27/11/2022 0:00;1;71;Persona;135;17800;20000;4;2
6075;27/11/2022 0:00;1;581;Persona;174;17400;18500;4;2
6076;27/11/2022 0:00;4;439;Persona;102;17800;18800;1;4
6077;27/11/2022 0:00;4;382;Persona;122;17000;20600;1;4
6078;27/11/2022 0:00;4;894;Persona;16;17800;19600;1;4
6079;27/11/2022 0:00;4;245;Persona;169;18000;20300;1;4
6080;27/11/2022 0:00;2;641;Persona;41;17600;20100;4;3
6081;27/11/2022 0:00;2;1126;Persona;140;17300;18300;4;3
6082;27/11/2022 0:00;2;726;Persona;98;18000;22000;4;3
6083;28/11/2022 0:00;2;153;Persona;113;18000;20600;4;3
6084;28/11/2022 0:00;2;199;Empresa;53;16800;20500;4;5
6085;28/11/2022 0:00;2;1166;Empresa;68;17300;20600;4;5
6086;28/11/2022 0:00;2;791;Empresa;141;18800;23700;4;5
6087;28/11/2022 0:00;2;696;Empresa;93;16800;21100;4;5
6088;28/11/2022 0:00;2;828;Persona;151;17200;20600;4;12
6089;28/11/2022 0:00;2;38;Persona;123;18200;23400;4;12
6090;28/11/2022 0:00;2;274;Persona;49;17300;21000;4;12
6091;28/11/2022 0:00;2;668;Persona;14;16800;18800;4;12
6092;28/11/2022 0:00;1;223;Persona;73;17100;21600;4;3
6093;28/11/2022 0:00;1;342;Persona;40;17000;18400;4;3
6094;28/11/2022 0:00;1;378;Persona;105;18200;22200;4;3
6095;29/11/2022 0:00;1;514;Persona;113;18000;22800;4;3
6096;29/11/2022 0:00;3;1030;Empresa;102;17800;18800;4;7
6097;29/11/2022 0:00;3;572;Empresa;6;17100;22100;4;7
6098;29/11/2022 0:00;3;430;Empresa;151;17200;20000;4;7
6099;29/11/2022 0:00;3;1118;Empresa;70;17300;20400;4;7
6100;29/11/2022 0:00;2;1067;Persona;93;16800;19900;3;6
6101;29/11/2022 0:00;2;1098;Persona;20;17600;22500;3;6
6102;29/11/2022 0:00;2;1118;Persona;37;17600;21700;3;6
6103;29/11/2022 0:00;2;42;Persona;156;17200;18400;3;6
6104;29/11/2022 0:00;2;705;Empresa;113;18000;22300;4;7
6105;29/11/2022 0:00;2;1101;Empresa;126;18100;22800;4;7
6106;29/11/2022 0:00;2;4;Empresa;17;18100;22000;4;7
6107;29/11/2022 0:00;2;456;Empresa;21;18000;22200;4;7
6108;29/11/2022 0:00;2;567;Persona;22;18000;22300;4;12
6109;29/11/2022 0:00;2;339;Persona;116;17700;21300;4;12
6110;29/11/2022 0:00;2;846;Persona;81;17400;18200;4;12
6111;29/11/2022 0:00;2;437;Persona;134;18000;19700;4;12
6112;29/11/2022 0:00;1;118;Persona;17;18100;22100;2;8
6113;29/11/2022 0:00;1;1053;Persona;152;16600;20500;2;8
6114;30/11/2022 0:00;1;311;Persona;127;17900;22100;2;8
6115;30/11/2022 0:00;1;706;Persona;165;16900;18200;2;8
6116;30/11/2022 0:00;1;236;Persona;153;17200;19000;4;2
6117;30/11/2022 0:00;1;768;Persona;13;17300;21900;4;2
6118;30/11/2022 0:00;1;957;Persona;103;18000;23200;4;2
6119;30/11/2022 0:00;1;696;Persona;162;18500;22000;4;2
6120;30/11/2022 0:00;4;754;Persona;57;17700;19600;2;11
6121;30/11/2022 0:00;4;501;Persona;126;18100;20800;2;11
6122;30/11/2022 0:00;4;941;Persona;101;17500;22000;2;11
6123;30/11/2022 0:00;4;1062;Persona;111;17500;22100;2;11
6124;30/11/2022 0:00;2;380;Persona;44;17900;19700;4;5
6125;30/11/2022 0:00;2;775;Persona;177;16600;21000;4;5
6126;30/11/2022 0:00;2;253;Persona;119;17300;20500;4;5
6127;30/11/2022 0:00;2;229;Persona;80;17400;19400;4;5
6128;30/11/2022 0:00;1;17;Persona;66;18400;23400;1;4
6129;30/11/2022 0:00;1;900;Persona;27;17400;20900;1;4
6130;30/11/2022 0:00;1;373;Persona;114;17800;20700;1;4
6131;30/11/2022 0:00;1;924;Persona;17;18100;22300;1;4
6132;30/11/2022 0:00;4;517;Persona;2;16800;18900;4;2
6133;30/11/2022 0:00;4;594;Persona;91;18300;23100;4;2
6134;30/11/2022 0:00;4;559;Persona;166;18200;22100;4;2
6135;30/11/2022 0:00;4;152;Persona;130;17900;21300;4;2
6136;30/11/2022 0:00;3;39;Persona;19;17000;19200;4;3
6137;30/11/2022 0:00;3;1025;Persona;148;17000;21700;4;3
6138;30/11/2022 0:00;3;598;Persona;5;17200;22300;4;3
6139;30/11/2022 0:00;3;387;Persona;176;17600;22200;4;3
6140;30/11/2022 0:00;2;952;Persona;127;17900;21000;1;9
6141;30/11/2022 0:00;2;43;Persona;74;18100;20100;1;9
6142;30/11/2022 0:00;2;428;Persona;173;17500;20500;1;9
6143;30/11/2022 0:00;2;803;Persona;110;17200;20000;1;9
6144;30/11/2022 0:00;1;78;Persona;6;17100;20700;1;4
6145;30/11/2022 0:00;1;798;Persona;56;17400;18600;1;4
6146;30/11/2022 0:00;1;474;Persona;72;17800;19000;1;4
6147;30/11/2022 0:00;1;914;Persona;33;17100;20000;1;4
6148;30/11/2022 0:00;4;912;Persona;55;17800;20200;2;11
6149;30/11/2022 0:00;4;260;Persona;45;17500;22600;2;11
6150;30/11/2022 0:00;4;721;Persona;108;18300;23300;2;11
6151;30/11/2022 0:00;4;1055;Persona;128;17500;21100;2;11
6152;30/11/2022 0:00;3;753;Persona;121;17100;21400;4;10
6153;30/11/2022 0:00;3;622;Persona;98;18000;21900;4;10
6154;01/12/2022 0:00;3;596;Persona;129;17800;19500;4;10
6155;01/12/2022 0:00;3;410;Persona;145;17400;21500;4;10
6156;01/12/2022 0:00;3;955;Persona;44;17900;19700;4;10
6157;01/12/2022 0:00;3;600;Persona;159;17400;22500;4;10
6158;01/12/2022 0:00;3;1127;Persona;59;18100;20400;4;10
6159;01/12/2022 0:00;3;572;Persona;13;17300;19000;4;10
6160;01/12/2022 0:00;3;175;Persona;135;17800;20200;4;7
6161;01/12/2022 0:00;3;688;Persona;84;18500;21700;4;7
6162;01/12/2022 0:00;3;706;Persona;107;17300;21000;4;7
6163;01/12/2022 0:00;3;513;Persona;83;17300;19200;4;7
6164;01/12/2022 0:00;4;1023;Persona;6;17100;21200;4;3
6165;01/12/2022 0:00;4;164;Persona;121;17100;21100;4;3
6166;01/12/2022 0:00;4;449;Persona;94;17500;19500;4;3
6167;01/12/2022 0:00;4;696;Persona;17;18100;20700;4;3
6168;01/12/2022 0:00;2;905;Persona;81;17400;22400;3;6
6169;02/12/2022 0:00;2;1082;Persona;72;17800;21900;3;6
6170;02/12/2022 0:00;2;227;Persona;136;17600;21400;3;6
6171;02/12/2022 0:00;2;381;Persona;4;17700;20300;3;6
6172;02/12/2022 0:00;2;650;Persona;20;17600;22500;4;10
6173;02/12/2022 0:00;2;893;Persona;112;17500;19500;4;10
6174;02/12/2022 0:00;2;791;Persona;152;16600;20500;4;10
6175;02/12/2022 0:00;2;709;Persona;64;17200;19500;4;10
6176;02/12/2022 0:00;1;1142;Persona;27;17400;20500;4;7
6177;02/12/2022 0:00;1;403;Persona;146;17100;20900;4;7
6178;02/12/2022 0:00;1;432;Persona;26;17200;22200;4;7
6179;02/12/2022 0:00;3;96;Persona;120;17600;21100;4;10
6180;02/12/2022 0:00;3;1113;Persona;42;17600;21500;4;10
6181;02/12/2022 0:00;3;1048;Persona;109;17700;18900;4;10
6182;02/12/2022 0:00;3;828;Persona;71;17800;22700;4;10
6183;02/12/2022 0:00;2;269;Persona;86;17000;20900;4;12
6184;02/12/2022 0:00;2;1107;Persona;43;18400;19900;4;12
6185;03/12/2022 0:00;2;13;Persona;162;18500;22000;4;12
6186;03/12/2022 0:00;2;124;Persona;101;17500;20200;4;12
6187;03/12/2022 0:00;3;551;Empresa;33;17100;18300;4;3
6188;03/12/2022 0:00;3;878;Empresa;167;18200;23000;4;3
6189;03/12/2022 0:00;3;151;Empresa;73;17100;21000;4;3
6190;03/12/2022 0:00;3;544;Empresa;125;17300;21000;4;3
6191;03/12/2022 0:00;2;5;Persona;21;18000;20000;4;1
6192;03/12/2022 0:00;2;378;Persona;92;17500;18400;4;1
6193;03/12/2022 0:00;2;21;Persona;159;17400;22200;4;1
6194;03/12/2022 0:00;2;65;Persona;153;17200;19800;4;1
6195;03/12/2022 0:00;2;60;Persona;177;16600;18800;1;4
6196;03/12/2022 0:00;2;314;Persona;1;16800;18800;1;4
6197;03/12/2022 0:00;2;424;Persona;31;16500;19300;1;4
6198;03/12/2022 0:00;4;623;Persona;96;17200;21900;2;11
6199;03/12/2022 0:00;4;438;Persona;3;17000;18000;2;11
6200;03/12/2022 0:00;4;1133;Persona;129;17800;19400;2;11
6201;03/12/2022 0:00;4;761;Persona;12;17400;21300;2;11
6202;03/12/2022 0:00;3;924;Persona;128;17500;19100;4;12
6203;03/12/2022 0:00;3;772;Persona;110;17200;19600;4;12
6204;04/12/2022 0:00;3;394;Persona;82;17700;22700;4;12
6205;04/12/2022 0:00;3;207;Persona;145;17400;20900;4;12
6206;04/12/2022 0:00;4;518;Persona;163;17800;21000;4;1
6207;04/12/2022 0:00;4;425;Persona;12;17400;21000;4;1
6208;04/12/2022 0:00;4;530;Persona;72;17800;19200;4;1
6209;04/12/2022 0:00;4;475;Persona;119;17300;18200;4;1
6210;04/12/2022 0:00;4;149;Empresa;89;17200;19300;2;8
6211;04/12/2022 0:00;4;893;Empresa;18;17500;20600;2;8
6212;04/12/2022 0:00;4;713;Empresa;126;18100;20400;2;8
6213;04/12/2022 0:00;4;178;Empresa;174;17400;22500;2;8
6214;04/12/2022 0:00;1;1068;Persona;76;17700;21700;2;11
6215;04/12/2022 0:00;1;333;Persona;178;17400;18700;2;11
6216;04/12/2022 0:00;1;552;Persona;92;17500;18400;2;11
6217;04/12/2022 0:00;1;976;Persona;162;18500;21100;2;11
6218;04/12/2022 0:00;3;802;Persona;96;17200;20300;4;3
6219;04/12/2022 0:00;3;546;Persona;87;18000;22500;4;3
6220;04/12/2022 0:00;3;67;Persona;126;18100;22700;4;3
6221;04/12/2022 0:00;3;839;Persona;162;18500;23100;4;3
6222;04/12/2022 0:00;4;301;Empresa;158;17400;18300;3;6
6223;04/12/2022 0:00;4;386;Empresa;99;17500;22100;3;6
6224;04/12/2022 0:00;4;356;Empresa;89;17200;19700;3;6
6225;04/12/2022 0:00;4;462;Empresa;99;17500;19700;3;6
6226;04/12/2022 0:00;2;878;Persona;145;17400;19200;4;1
6227;04/12/2022 0:00;2;27;Persona;73;17100;21300;4;1
6228;04/12/2022 0:00;2;996;Persona;165;16900;21800;4;1
6229;04/12/2022 0:00;2;609;Persona;97;17500;20400;4;1
6230;04/12/2022 0:00;2;982;Persona;25;17500;18600;4;2
6231;04/12/2022 0:00;2;539;Persona;87;18000;20700;4;2
6232;04/12/2022 0:00;2;145;Persona;52;17800;22500;4;2
6233;04/12/2022 0:00;2;319;Persona;148;17000;21900;4;2
6234;04/12/2022 0:00;2;974;Persona;32;17800;21400;4;10
6235;04/12/2022 0:00;2;600;Persona;155;18000;19100;4;10
6236;05/12/2022 0:00;2;862;Persona;69;17800;22900;4;10
6237;05/12/2022 0:00;2;197;Persona;137;17800;22100;4;10
6238;05/12/2022 0:00;1;1136;Persona;151;17200;20800;2;11
6239;05/12/2022 0:00;1;67;Persona;164;16800;19900;2;11
6240;05/12/2022 0:00;1;195;Persona;103;18000;21300;2;11
6241;05/12/2022 0:00;1;1018;Persona;164;16800;18700;2;11
6242;05/12/2022 0:00;1;354;Empresa;107;17300;21000;4;1
6243;05/12/2022 0:00;1;489;Empresa;156;17200;21600;4;1
6244;05/12/2022 0:00;1;1061;Empresa;112;17500;18800;4;1
6245;05/12/2022 0:00;4;220;Persona;108;18300;22200;4;5
6246;05/12/2022 0:00;4;399;Persona;33;17100;18900;4;5
6247;05/12/2022 0:00;4;988;Persona;60;17300;18700;4;5
6248;05/12/2022 0:00;4;475;Persona;70;17300;18700;4;5
6249;05/12/2022 0:00;3;941;Persona;12;17400;19800;4;3
6250;05/12/2022 0:00;3;711;Persona;59;18100;22100;4;3
6251;05/12/2022 0:00;3;539;Persona;70;17300;20400;4;3
6252;05/12/2022 0:00;2;150;Persona;78;17200;20800;4;12
6253;05/12/2022 0:00;2;268;Persona;22;18000;22300;4;12
6254;05/12/2022 0:00;2;36;Persona;61;17600;18700;4;12
6255;05/12/2022 0:00;2;876;Persona;117;16800;18300;4;12
6256;05/12/2022 0:00;1;1017;Persona;50;16300;18100;2;8
6257;05/12/2022 0:00;1;345;Persona;147;17300;19100;2;8
6258;05/12/2022 0:00;1;152;Persona;141;18800;19900;2;8
6259;05/12/2022 0:00;1;648;Persona;83;17300;22200;2;8
6260;05/12/2022 0:00;1;1010;Persona;170;17400;19100;1;9
6261;05/12/2022 0:00;1;950;Persona;166;18200;23100;1;9
6262;05/12/2022 0:00;1;1045;Persona;108;18300;22000;1;9
6263;05/12/2022 0:00;1;34;Persona;44;17900;21600;1;9
6264;06/12/2022 0:00;3;462;Persona;110;17200;19400;4;2
6265;06/12/2022 0:00;3;577;Persona;92;17500;18400;4;2
6266;06/12/2022 0:00;3;80;Persona;82;17700;19400;4;2
6267;06/12/2022 0:00;3;744;Persona;53;16800;21100;4;2
6268;06/12/2022 0:00;4;883;Persona;118;18000;19400;2;8
6269;06/12/2022 0:00;4;1129;Persona;170;17400;20200;2;8
6270;06/12/2022 0:00;4;935;Persona;84;18500;20000;2;8
6271;06/12/2022 0:00;4;782;Persona;151;17200;19700;2;8
6272;06/12/2022 0:00;3;1166;Persona;68;17300;22400;4;10
6273;06/12/2022 0:00;3;707;Persona;134;18000;20600;4;10
6274;06/12/2022 0:00;3;807;Persona;83;17300;19900;4;10
6275;06/12/2022 0:00;3;539;Persona;175;17800;19800;4;10
6276;07/12/2022 0:00;2;678;Persona;134;18000;19200;4;3
6277;07/12/2022 0:00;2;1002;Persona;64;17200;22000;4;3
6278;07/12/2022 0:00;2;383;Persona;18;17500;19100;4;3
6279;07/12/2022 0:00;2;1115;Persona;21;18000;19500;4;3
6280;07/12/2022 0:00;2;358;Persona;126;18100;22200;4;1
6281;07/12/2022 0:00;2;1058;Persona;142;17200;20600;4;1
6282;07/12/2022 0:00;2;1026;Persona;131;17000;20200;4;1
6283;07/12/2022 0:00;2;14;Persona;47;17300;20100;4;1
6284;07/12/2022 0:00;2;404;Persona;36;17600;21200;4;1
6285;07/12/2022 0:00;2;1118;Persona;154;17300;20900;4;1
6286;07/12/2022 0:00;2;1153;Persona;136;17600;22000;4;1
6287;08/12/2022 0:00;2;65;Persona;44;17900;21000;4;1
6288;08/12/2022 0:00;4;423;Persona;95;17700;18800;3;6
6289;08/12/2022 0:00;4;525;Persona;115;18400;22100;3;6
6290;08/12/2022 0:00;4;735;Persona;32;17800;19800;3;6
6291;08/12/2022 0:00;4;1175;Persona;102;17800;20000;4;3
6292;08/12/2022 0:00;4;1106;Persona;5;17200;22100;4;3
6293;08/12/2022 0:00;4;559;Persona;10;16300;17900;4;3
6294;08/12/2022 0:00;4;137;Persona;102;17800;18900;4;3
6295;08/12/2022 0:00;3;240;Persona;175;17800;19600;4;10
6296;08/12/2022 0:00;3;199;Persona;45;17500;21500;4;10
6297;08/12/2022 0:00;3;539;Persona;46;16700;20800;4;10
6298;08/12/2022 0:00;3;886;Persona;141;18800;19800;4;10
6299;08/12/2022 0:00;2;583;Persona;78;17200;21900;4;7
6300;08/12/2022 0:00;2;905;Persona;144;17200;20300;4;7
6301;08/12/2022 0:00;2;64;Persona;172;17700;20200;4;7
6302;08/12/2022 0:00;4;739;Persona;30;17400;19300;4;3
6303;09/12/2022 0:00;4;571;Persona;70;17300;20800;4;3
6304;09/12/2022 0:00;4;437;Persona;163;17800;18800;4;3
6305;09/12/2022 0:00;4;871;Persona;98;18000;22100;4;3
6306;09/12/2022 0:00;2;984;Empresa;140;17300;21400;2;11
6307;09/12/2022 0:00;2;470;Empresa;117;16800;21500;2;11
6308;09/12/2022 0:00;2;893;Empresa;151;17200;18300;2;11
6309;09/12/2022 0:00;2;390;Empresa;172;17700;20300;2;11
6310;09/12/2022 0:00;1;289;Persona;96;17200;19300;3;6
6311;09/12/2022 0:00;1;366;Persona;161;16600;20900;3;6
6312;09/12/2022 0:00;1;1061;Persona;87;18000;23200;3;6
6313;09/12/2022 0:00;1;414;Persona;95;17700;19000;3;6
6314;10/12/2022 0:00;1;378;Persona;86;17000;20700;4;7
6315;10/12/2022 0:00;1;56;Persona;78;17200;18000;4;7
6316;10/12/2022 0:00;1;171;Persona;59;18100;22700;4;7
6317;10/12/2022 0:00;1;408;Persona;9;17100;20800;4;7
6318;10/12/2022 0:00;1;109;Persona;153;17200;19000;4;3
6319;10/12/2022 0:00;1;695;Persona;88;17000;20000;4;3
6320;10/12/2022 0:00;1;416;Persona;9;17100;18500;4;3
6321;10/12/2022 0:00;1;997;Persona;100;18100;21400;4;3
6322;10/12/2022 0:00;2;175;Persona;71;17800;19000;4;5
6323;10/12/2022 0:00;2;876;Persona;125;17300;21100;4;5
6324;10/12/2022 0:00;2;168;Persona;18;17500;19900;4;5
6325;10/12/2022 0:00;1;993;Persona;148;17000;21100;4;12
6326;10/12/2022 0:00;1;836;Persona;52;17800;23000;4;12
6327;10/12/2022 0:00;1;815;Persona;154;17300;22100;4;12
6328;10/12/2022 0:00;1;565;Persona;132;17200;21100;4;10
6329;10/12/2022 0:00;1;654;Persona;138;17400;21100;4;10
6330;10/12/2022 0:00;1;900;Persona;156;17200;18100;4;10
6331;10/12/2022 0:00;1;213;Persona;33;17100;19600;4;10
6332;10/12/2022 0:00;1;871;Persona;86;17000;20300;3;6
6333;10/12/2022 0:00;1;1164;Persona;51;17500;18600;3;6
6334;10/12/2022 0:00;1;227;Persona;119;17300;20200;3;6
6335;10/12/2022 0:00;1;648;Persona;79;17700;19800;3;6
6336;10/12/2022 0:00;3;964;Persona;9;17100;18900;4;2
6337;10/12/2022 0:00;3;313;Persona;33;17100;21400;4;2
6338;10/12/2022 0:00;3;17;Persona;89;17200;21400;4;2
6339;10/12/2022 0:00;3;776;Persona;57;17700;19500;4;2
6340;10/12/2022 0:00;3;1170;Persona;111;17500;21900;4;3
6341;10/12/2022 0:00;3;98;Persona;38;18100;19500;4;3
6342;11/12/2022 0:00;3;685;Persona;126;18100;23300;4;3
6343;11/12/2022 0:00;3;238;Persona;80;17400;19200;4;3
6344;11/12/2022 0:00;3;660;Persona;106;17600;18600;4;5
6345;11/12/2022 0:00;3;554;Persona;131;17000;19600;4;5
6346;11/12/2022 0:00;3;451;Persona;54;17800;20600;4;5
6347;11/12/2022 0:00;3;851;Persona;84;18500;21900;4;5
6348;11/12/2022 0:00;2;238;Persona;13;17300;19900;4;12
6349;11/12/2022 0:00;2;114;Persona;10;16300;20500;4;12
6350;11/12/2022 0:00;2;1021;Persona;88;17000;21700;4;12
6351;11/12/2022 0:00;2;531;Persona;121;17100;20400;4;12
6352;11/12/2022 0:00;4;511;Persona;45;17500;22100;2;8
6353;11/12/2022 0:00;4;573;Persona;77;17300;18100;2;8
6354;11/12/2022 0:00;4;1070;Persona;1;16800;18300;2;8
6355;11/12/2022 0:00;4;195;Persona;8;18300;21100;2;8
6356;11/12/2022 0:00;2;254;Persona;5;17200;19000;1;4
6357;11/12/2022 0:00;2;134;Persona;66;18400;19900;1;4
6358;11/12/2022 0:00;2;931;Persona;88;17000;21400;1;4
6359;11/12/2022 0:00;2;685;Empresa;98;18000;21000;4;10
6360;11/12/2022 0:00;2;763;Empresa;131;17000;19900;4;10
6361;11/12/2022 0:00;2;283;Empresa;41;17600;22000;4;10
6362;11/12/2022 0:00;2;1075;Empresa;78;17200;22000;4;10
6363;11/12/2022 0:00;1;259;Persona;67;17700;18700;4;3
6364;11/12/2022 0:00;1;812;Persona;5;17200;20300;4;3
6365;11/12/2022 0:00;1;73;Persona;23;17100;20800;4;3
6366;11/12/2022 0:00;1;673;Persona;10;16300;19700;4;3
6367;11/12/2022 0:00;4;1085;Persona;71;17800;19100;1;4
6368;11/12/2022 0:00;4;319;Persona;76;17700;21700;1;4
6369;11/12/2022 0:00;4;990;Persona;20;17600;21800;1;4
6370;11/12/2022 0:00;4;416;Persona;41;17600;21700;1;4
6371;11/12/2022 0:00;3;864;Persona;13;17300;22300;4;1
6372;11/12/2022 0:00;3;160;Persona;159;17400;20300;4;1
6373;11/12/2022 0:00;3;1033;Persona;148;17000;19100;4;1
6374;11/12/2022 0:00;3;1021;Persona;173;17500;18800;4;1
6375;11/12/2022 0:00;3;646;Persona;26;17200;22000;4;7
6376;11/12/2022 0:00;3;729;Persona;15;17200;21900;4;7
6377;11/12/2022 0:00;3;1178;Persona;81;17400;20800;4;7
6378;11/12/2022 0:00;3;506;Persona;106;17600;19400;4;7
6379;11/12/2022 0:00;3;682;Persona;29;17700;19700;2;8
6380;11/12/2022 0:00;3;460;Persona;14;16800;19000;2;8
6381;11/12/2022 0:00;3;47;Persona;168;17500;20900;2;8
6382;11/12/2022 0:00;3;783;Persona;1;16800;21200;2;8
6383;11/12/2022 0:00;2;200;Persona;72;17800;23000;3;6
6384;11/12/2022 0:00;2;1147;Persona;35;18000;19400;3;6
6385;11/12/2022 0:00;2;628;Persona;98;18000;22700;3;6
6386;11/12/2022 0:00;2;209;Persona;104;17400;22100;3;6
6387;11/12/2022 0:00;3;899;Persona;66;18400;23100;2;11
6388;12/12/2022 0:00;3;330;Persona;43;18400;23300;2;11
6389;12/12/2022 0:00;3;271;Persona;34;17500;22000;2;11
6390;12/12/2022 0:00;3;821;Persona;84;18500;20100;4;2
6391;12/12/2022 0:00;3;696;Persona;146;17100;20400;4;2
6392;12/12/2022 0:00;3;1075;Persona;170;17400;20900;4;2
6393;12/12/2022 0:00;3;1148;Persona;146;17100;19200;4;2
6394;12/12/2022 0:00;2;42;Persona;90;17400;21200;4;2
6395;12/12/2022 0:00;2;618;Persona;28;17800;20300;4;2
6396;12/12/2022 0:00;2;331;Persona;118;18000;21700;4;2
6397;12/12/2022 0:00;2;753;Persona;148;17000;18000;4;2
6398;12/12/2022 0:00;1;663;Empresa;9;17100;18100;4;1
6399;12/12/2022 0:00;1;362;Empresa;25;17500;21900;4;1
6400;13/12/2022 0:00;1;512;Empresa;173;17500;22100;4;1
6401;13/12/2022 0:00;1;74;Empresa;77;17300;20100;4;1
6402;13/12/2022 0:00;2;216;Persona;61;17600;20200;4;10
6403;13/12/2022 0:00;2;1066;Persona;83;17300;22100;4;10
6404;13/12/2022 0:00;2;380;Persona;70;17300;19400;4;10
6405;13/12/2022 0:00;2;1091;Persona;109;17700;21000;4;10
6406;13/12/2022 0:00;2;186;Persona;142;17200;19600;4;2
6407;13/12/2022 0:00;2;688;Persona;148;17000;19800;4;2
6408;13/12/2022 0:00;2;749;Persona;173;17500;18900;4;2
6409;13/12/2022 0:00;2;656;Persona;139;17100;22100;4;5
6410;13/12/2022 0:00;2;279;Persona;156;17200;19300;4;5
6411;13/12/2022 0:00;2;460;Persona;33;17100;18400;4;5
6412;13/12/2022 0:00;2;707;Persona;102;17800;22400;4;5
6413;13/12/2022 0:00;4;765;Persona;45;17500;20500;4;12
6414;13/12/2022 0:00;4;362;Persona;11;17300;21500;4;12
6415;13/12/2022 0:00;4;512;Persona;146;17100;19400;4;12
6416;14/12/2022 0:00;4;1144;Persona;52;17800;22000;4;3
6417;14/12/2022 0:00;4;745;Persona;58;17600;19300;4;3
6418;14/12/2022 0:00;4;710;Persona;63;17400;20300;4;3
6419;14/12/2022 0:00;4;913;Persona;1;16800;19100;4;3
6420;14/12/2022 0:00;4;432;Persona;69;17800;23100;4;12
6421;14/12/2022 0:00;4;1008;Persona;97;17500;19300;4;12
6422;14/12/2022 0:00;4;346;Persona;33;17100;21600;4;12
6423;14/12/2022 0:00;4;747;Persona;85;17600;18500;4;12
6424;14/12/2022 0:00;4;1178;Persona;131;17000;19300;4;3
6425;14/12/2022 0:00;4;616;Persona;160;16800;19600;4;3
6426;14/12/2022 0:00;4;392;Persona;9;17100;20500;4;3
6427;14/12/2022 0:00;2;336;Persona;61;17600;20900;4;10
6428;15/12/2022 0:00;2;466;Persona;52;17800;20300;4;10
6429;15/12/2022 0:00;2;74;Persona;172;17700;19800;4;10
6430;15/12/2022 0:00;2;773;Persona;149;17600;20900;4;10
6431;15/12/2022 0:00;2;810;Empresa;161;16600;21100;1;9
6432;15/12/2022 0:00;2;649;Empresa;8;18300;19300;1;9
6433;15/12/2022 0:00;2;208;Empresa;108;18300;21800;1;9
6434;15/12/2022 0:00;2;955;Empresa;131;17000;18300;1;9
6435;15/12/2022 0:00;1;439;Persona;105;18200;20300;3;6
6436;15/12/2022 0:00;1;390;Persona;148;17000;21300;3;6
6437;15/12/2022 0:00;1;690;Persona;94;17500;19900;3;6
6438;15/12/2022 0:00;1;519;Persona;72;17800;19400;3;6
6439;15/12/2022 0:00;4;393;Persona;49;17300;19400;4;5
6440;15/12/2022 0:00;4;60;Persona;74;18100;20100;4;5
6441;15/12/2022 0:00;4;657;Persona;104;17400;21900;4;5
6442;15/12/2022 0:00;4;568;Persona;70;17300;20500;1;9
6443;15/12/2022 0:00;4;1083;Persona;57;17700;21100;1;9
6444;16/12/2022 0:00;4;1003;Persona;132;17200;21700;1;9
6445;16/12/2022 0:00;4;566;Persona;103;18000;19900;1;9
6446;16/12/2022 0:00;2;818;Persona;109;17700;21700;4;3
6447;16/12/2022 0:00;2;766;Persona;25;17500;21500;4;3
6448;16/12/2022 0:00;2;982;Persona;89;17200;18200;4;3
6449;16/12/2022 0:00;2;828;Persona;31;16500;20800;4;3
6450;16/12/2022 0:00;2;1172;Persona;74;18100;21500;3;6
6451;16/12/2022 0:00;2;128;Persona;92;17500;18800;3;6
6452;16/12/2022 0:00;2;938;Persona;58;17600;21100;3;6
6453;16/12/2022 0:00;2;345;Persona;66;18400;20300;4;2
6454;16/12/2022 0:00;2;978;Persona;123;18200;22900;4;2
6455;16/12/2022 0:00;2;1043;Persona;124;17500;20300;4;2
6456;16/12/2022 0:00;2;7;Persona;116;17700;19900;4;2
6457;16/12/2022 0:00;1;885;Empresa;100;18100;22000;4;5
6458;16/12/2022 0:00;1;100;Empresa;92;17500;18800;4;5
6459;17/12/2022 0:00;1;419;Empresa;87;18000;19800;4;5
6460;17/12/2022 0:00;1;379;Empresa;41;17600;18600;4;5
6461;17/12/2022 0:00;3;4;Persona;49;17300;20700;4;7
6462;17/12/2022 0:00;3;334;Persona;46;16700;20000;4;7
6463;17/12/2022 0:00;3;532;Persona;51;17500;21500;4;7
6464;17/12/2022 0:00;3;722;Persona;92;17500;20100;4;7
6465;18/12/2022 0:00;1;695;Persona;175;17800;22100;1;4
6466;18/12/2022 0:00;1;672;Persona;54;17800;19700;1;4
6467;18/12/2022 0:00;1;93;Persona;168;17500;20100;1;4
6468;18/12/2022 0:00;1;357;Persona;10;16300;18200;1;4
6469;18/12/2022 0:00;3;1020;Empresa;139;17100;19600;4;7
6470;18/12/2022 0:00;3;184;Empresa;34;17500;18500;4;7
6471;18/12/2022 0:00;3;549;Empresa;14;16800;18400;4;7
6472;18/12/2022 0:00;3;1093;Empresa;47;17300;21900;4;7
6473;18/12/2022 0:00;3;313;Persona;46;16700;20900;4;5
6474;18/12/2022 0:00;3;766;Persona;83;17300;18600;4;5
6475;18/12/2022 0:00;3;472;Persona;17;18100;23200;4;5
6476;18/12/2022 0:00;3;207;Persona;109;17700;22200;4;5
6477;18/12/2022 0:00;2;602;Persona;26;17200;19200;4;2
6478;18/12/2022 0:00;2;399;Persona;78;17200;19600;4;2
6479;18/12/2022 0:00;2;1007;Persona;92;17500;21800;4;2
6480;18/12/2022 0:00;2;433;Persona;12;17400;20900;3;6
6481;19/12/2022 0:00;2;610;Persona;61;17600;20500;3;6
6482;19/12/2022 0:00;2;315;Persona;97;17500;22200;3;6
6483;19/12/2022 0:00;2;13;Persona;177;16600;19300;3;6
6484;19/12/2022 0:00;2;763;Empresa;176;17600;20800;1;4
6485;19/12/2022 0:00;2;934;Empresa;96;17200;21800;1;4
6486;19/12/2022 0:00;2;211;Empresa;85;17600;22400;1;4
6487;19/12/2022 0:00;2;658;Empresa;27;17400;20100;1;4
6488;19/12/2022 0:00;2;715;Persona;101;17500;19600;1;4
6489;20/12/2022 0:00;2;430;Persona;128;17500;19500;1;4
6490;20/12/2022 0:00;2;204;Persona;162;18500;23600;1;4
6491;20/12/2022 0:00;2;870;Persona;52;17800;21300;1;4
6492;20/12/2022 0:00;1;574;Persona;130;17900;19100;3;6
6493;20/12/2022 0:00;1;147;Persona;173;17500;21500;3;6
6494;20/12/2022 0:00;1;296;Persona;70;17300;18200;3;6
6495;20/12/2022 0:00;1;211;Persona;107;17300;20700;3;6
6496;20/12/2022 0:00;4;339;Persona;63;17400;21700;1;9
6497;20/12/2022 0:00;4;170;Persona;109;17700;18700;1;9
6498;20/12/2022 0:00;4;1160;Persona;153;17200;19400;1;9
6499;20/12/2022 0:00;4;888;Persona;7;17800;22900;1;9
6500;20/12/2022 0:00;3;30;Empresa;49;17300;19300;2;8
6501;20/12/2022 0:00;3;459;Empresa;144;17200;20700;2;8
6502;20/12/2022 0:00;3;641;Empresa;81;17400;20200;2;8
6503;20/12/2022 0:00;3;221;Empresa;22;18000;19300;2;8
6504;21/12/2022 0:00;3;1109;Empresa;114;17800;19900;1;9
6505;21/12/2022 0:00;3;822;Empresa;46;16700;19400;1;9
6506;21/12/2022 0:00;3;782;Empresa;54;17800;22300;1;9
6507;21/12/2022 0:00;3;156;Empresa;172;17700;21800;1;9
6508;21/12/2022 0:00;2;850;Persona;137;17800;22100;1;4
6509;21/12/2022 0:00;2;500;Persona;102;17800;22500;1;4
6510;21/12/2022 0:00;2;1109;Persona;18;17500;22400;1;4
6511;21/12/2022 0:00;2;689;Persona;22;18000;19300;4;10
6512;21/12/2022 0:00;2;913;Persona;161;16600;17800;4;10
6513;21/12/2022 0:00;2;540;Persona;45;17500;20300;4;10
6514;21/12/2022 0:00;2;16;Persona;28;17800;22000;4;10
6515;21/12/2022 0:00;2;129;Persona;46;16700;20400;4;10
6516;21/12/2022 0:00;2;1120;Persona;20;17600;20300;4;10
6517;21/12/2022 0:00;2;240;Persona;170;17400;19400;4;10
6518;21/12/2022 0:00;2;303;Persona;151;17200;21400;4;10
6519;21/12/2022 0:00;2;559;Persona;163;17800;22900;4;7
6520;21/12/2022 0:00;2;243;Persona;122;17000;18100;4;7
6521;21/12/2022 0:00;2;652;Persona;89;17200;20500;4;7
6522;21/12/2022 0:00;2;832;Persona;148;17000;19100;4;7
6523;21/12/2022 0:00;2;727;Persona;13;17300;21400;3;6
6524;22/12/2022 0:00;2;170;Persona;70;17300;18400;3;6
6525;22/12/2022 0:00;2;355;Persona;108;18300;21200;3;6
6526;22/12/2022 0:00;2;1177;Persona;20;17600;20100;3;6
6527;22/12/2022 0:00;1;264;Persona;159;17400;19500;3;6
6528;22/12/2022 0:00;1;692;Persona;138;17400;22000;3;6
6529;22/12/2022 0:00;1;389;Persona;159;17400;19100;3;6
6530;22/12/2022 0:00;1;116;Persona;54;17800;19000;3;6
6531;22/12/2022 0:00;3;391;Persona;26;17200;18200;4;12
6532;22/12/2022 0:00;3;494;Persona;130;17900;19600;4;12
6533;22/12/2022 0:00;3;959;Persona;36;17600;22500;4;12
6534;22/12/2022 0:00;3;236;Persona;68;17300;20500;4;12
6535;22/12/2022 0:00;1;224;Empresa;154;17300;19200;4;10
6536;22/12/2022 0:00;1;214;Empresa;1;16800;20600;4;10
6537;22/12/2022 0:00;1;529;Empresa;26;17200;19800;4;10
6538;22/12/2022 0:00;1;602;Empresa;168;17500;21100;4;10
6539;22/12/2022 0:00;3;834;Persona;5;17200;20600;4;12
6540;23/12/2022 0:00;3;560;Persona;62;17100;20900;4;12
6541;23/12/2022 0:00;3;146;Persona;109;17700;21600;4;12
6542;23/12/2022 0:00;3;1171;Persona;18;17500;20800;4;12
6543;23/12/2022 0:00;3;1126;Persona;33;17100;20700;2;8
6544;23/12/2022 0:00;3;1126;Persona;71;17800;22500;2;8
6545;23/12/2022 0:00;3;1052;Persona;98;18000;20100;2;8
6546;23/12/2022 0:00;3;278;Persona;104;17400;20000;2;8
6547;23/12/2022 0:00;3;51;Persona;34;17500;20800;2;8
6548;23/12/2022 0:00;3;192;Persona;29;17700;20400;2;8
6549;23/12/2022 0:00;3;316;Persona;61;17600;21200;2;8
6550;23/12/2022 0:00;3;692;Persona;112;17500;22400;2;8
6551;23/12/2022 0:00;3;778;Persona;141;18800;22300;4;1
6552;23/12/2022 0:00;3;1105;Persona;162;18500;20500;4;1
6553;23/12/2022 0:00;3;802;Persona;113;18000;23000;4;1
6554;23/12/2022 0:00;3;552;Persona;130;17900;20900;4;1
6555;23/12/2022 0:00;2;85;Persona;163;17800;19000;4;2
6556;23/12/2022 0:00;2;50;Persona;16;17800;21600;4;2
6557;23/12/2022 0:00;2;622;Persona;54;17800;20700;4;2
6558;23/12/2022 0:00;2;801;Persona;149;17600;22300;4;2
6559;23/12/2022 0:00;2;552;Persona;26;17200;22300;4;7
6560;23/12/2022 0:00;2;499;Persona;72;17800;20800;4;7
6561;23/12/2022 0:00;2;808;Persona;144;17200;20900;4;7
6562;23/12/2022 0:00;2;424;Persona;52;17800;19900;4;7
6563;23/12/2022 0:00;1;760;Persona;116;17700;22100;2;8
6564;23/12/2022 0:00;1;773;Persona;4;17700;21800;2;8
6565;23/12/2022 0:00;1;205;Persona;152;16600;20300;2;8
6566;23/12/2022 0:00;4;224;Persona;4;17700;19700;2;11
6567;23/12/2022 0:00;4;162;Persona;166;18200;21800;2;11
6568;23/12/2022 0:00;4;599;Persona;5;17200;21000;2;11
6569;23/12/2022 0:00;4;1048;Persona;58;17600;20100;2;11
6570;24/12/2022 0:00;2;706;Persona;25;17500;20100;4;7
6571;24/12/2022 0:00;2;350;Persona;101;17500;19700;4;7
6572;24/12/2022 0:00;2;81;Persona;107;17300;21000;4;7
6573;24/12/2022 0:00;2;717;Persona;126;18100;21500;4;7
6574;24/12/2022 0:00;2;271;Persona;50;16300;18100;2;8
6575;24/12/2022 0:00;2;953;Persona;35;18000;19500;2;8
6576;24/12/2022 0:00;2;458;Persona;63;17400;19100;2;8
6577;24/12/2022 0:00;2;1032;Persona;20;17600;21500;2;8
6578;24/12/2022 0:00;1;155;Persona;74;18100;21100;4;2
6579;24/12/2022 0:00;1;804;Persona;161;16600;20400;4;2
6580;24/12/2022 0:00;1;781;Persona;22;18000;19700;4;2
6581;24/12/2022 0:00;1;110;Persona;1;16800;18600;4;2
6582;24/12/2022 0:00;4;411;Persona;156;17200;19600;3;6
6583;24/12/2022 0:00;4;562;Persona;135;17800;22900;3;6
6584;24/12/2022 0:00;4;199;Persona;103;18000;21000;3;6
6585;25/12/2022 0:00;4;866;Persona;69;17800;19400;3;6
6586;25/12/2022 0:00;3;54;Empresa;166;18200;20100;1;4
6587;25/12/2022 0:00;3;998;Empresa;61;17600;22400;1;4
6588;25/12/2022 0:00;3;900;Empresa;83;17300;20900;1;4
6589;25/12/2022 0:00;3;1103;Empresa;176;17600;18400;1;4
6590;25/12/2022 0:00;3;308;Persona;127;17900;22200;4;10
6591;25/12/2022 0:00;3;872;Persona;21;18000;20300;4;10
6592;25/12/2022 0:00;3;1096;Persona;149;17600;22200;4;10
6593;25/12/2022 0:00;3;450;Persona;124;17500;21400;4;10
6594;25/12/2022 0:00;2;696;Persona;159;17400;20400;4;7
6595;25/12/2022 0:00;2;303;Persona;30;17400;22300;4;7
6596;25/12/2022 0:00;2;873;Persona;159;17400;18700;4;7
6597;25/12/2022 0:00;2;253;Persona;24;17200;19200;4;7
6598;25/12/2022 0:00;1;716;Empresa;59;18100;20900;2;11
6599;25/12/2022 0:00;1;495;Empresa;146;17100;18300;2;11
6600;25/12/2022 0:00;1;1026;Empresa;6;17100;21800;2;11
6601;26/12/2022 0:00;1;840;Empresa;178;17400;19400;2;11
6602;26/12/2022 0:00;1;627;Persona;173;17500;20900;4;2
6603;26/12/2022 0:00;1;588;Persona;14;16800;19800;4;2
6604;26/12/2022 0:00;1;1090;Persona;149;17600;21800;4;2
6605;26/12/2022 0:00;1;837;Persona;39;17200;20900;4;2
6606;26/12/2022 0:00;4;681;Persona;51;17500;20400;4;7
6607;26/12/2022 0:00;4;711;Persona;177;16600;21100;4;7
6608;26/12/2022 0:00;4;581;Persona;86;17000;18500;4;7
6609;26/12/2022 0:00;4;1055;Persona;145;17400;21500;4;7
6610;26/12/2022 0:00;3;612;Persona;57;17700;20100;4;3
6611;26/12/2022 0:00;3;21;Persona;111;17500;21100;4;3
6612;26/12/2022 0:00;3;877;Persona;99;17500;20400;4;3
6613;26/12/2022 0:00;3;174;Persona;125;17300;21600;4;3
6614;26/12/2022 0:00;2;284;Persona;35;18000;19400;1;4
6615;26/12/2022 0:00;2;1087;Persona;88;17000;21300;1;4
6616;26/12/2022 0:00;2;1069;Persona;59;18100;20000;1;4
6617;26/12/2022 0:00;2;72;Persona;54;17800;20400;1;4
6618;26/12/2022 0:00;1;564;Persona;76;17700;21700;4;1
6619;26/12/2022 0:00;1;527;Persona;148;17000;20200;4;1
6620;26/12/2022 0:00;1;384;Persona;25;17500;20600;4;1
6621;26/12/2022 0:00;1;980;Persona;57;17700;18800;4;1
6622;26/12/2022 0:00;1;364;Persona;158;17400;20400;4;12
6623;26/12/2022 0:00;1;384;Persona;41;17600;22100;4;12
6624;26/12/2022 0:00;1;827;Persona;93;16800;19900;4;12
6625;27/12/2022 0:00;1;527;Persona;163;17800;21700;4;12
6626;27/12/2022 0:00;1;227;Persona;44;17900;21800;4;2
6627;27/12/2022 0:00;1;598;Persona;127;17900;20500;4;2
6628;27/12/2022 0:00;1;419;Persona;179;17500;20800;4;2
6629;28/12/2022 0:00;1;361;Persona;33;17100;20900;4;2
6630;28/12/2022 0:00;3;113;Persona;112;17500;19600;4;7
6631;28/12/2022 0:00;3;685;Persona;165;16900;21800;4;7
6632;28/12/2022 0:00;3;40;Persona;119;17300;18100;4;7
6633;28/12/2022 0:00;3;279;Persona;7;17800;19300;4;7
6634;28/12/2022 0:00;2;482;Empresa;136;17600;18500;4;5
6635;28/12/2022 0:00;2;1178;Empresa;76;17700;19600;4;5
6636;28/12/2022 0:00;2;1096;Empresa;20;17600;22000;4;5
6637;28/12/2022 0:00;2;448;Empresa;26;17200;20800;4;5
6638;28/12/2022 0:00;2;853;Persona;134;18000;21400;3;6
6639;28/12/2022 0:00;2;261;Persona;38;18100;20100;3;6
6640;28/12/2022 0:00;2;126;Persona;149;17600;21700;3;6
6641;29/12/2022 0:00;2;930;Persona;91;18300;21500;3;6
6642;29/12/2022 0:00;4;447;Persona;103;18000;21300;4;3
6643;29/12/2022 0:00;4;490;Persona;94;17500;18800;4;3
6644;29/12/2022 0:00;4;918;Persona;29;17700;19000;4;3
6645;30/12/2022 0:00;4;307;Persona;23;17100;20200;4;3
6646;30/12/2022 0:00;1;818;Persona;46;16700;19700;4;12
6647;30/12/2022 0:00;1;612;Persona;91;18300;22900;4;12
6648;30/12/2022 0:00;1;842;Persona;164;16800;20800;4;12
6649;30/12/2022 0:00;1;870;Persona;80;17400;18800;1;4
6650;30/12/2022 0:00;1;580;Persona;127;17900;20300;1;4
6651;30/12/2022 0:00;1;205;Persona;23;17100;20100;1;4
6652;30/12/2022 0:00;1;861;Persona;114;17800;20300;1;4
6653;31/12/2022 0:00;1;221;Persona;85;17600;18600;4;10
6654;31/12/2022 0:00;1;502;Persona;73;17100;21300;4;10
6655;31/12/2022 0:00;1;996;Persona;44;17900;18800;4;10
6656;31/12/2022 0:00;1;383;Persona;127;17900;22600;4;10
6657;31/12/2022 0:00;4;846;Persona;138;17400;22200;4;2
6658;31/12/2022 0:00;4;740;Persona;41;17600;18700;4;2
6659;31/12/2022 0:00;4;83;Persona;178;17400;18400;4;2
6660;31/12/2022 0:00;4;833;Persona;133;17500;18800;4;2
6661;31/12/2022 0:00;2;990;Persona;97;17500;21700;4;3
6662;31/12/2022 0:00;2;836;Persona;132;17200;20900;4;3
6663;31/12/2022 0:00;2;214;Persona;134;18000;20100;4;3
6664;31/12/2022 0:00;2;917;Persona;179;17500;19400;4;3
6665;31/12/2022 0:00;4;829;Persona;122;17000;19400;4;1
6666;31/12/2022 0:00;4;825;Persona;161;16600;19400;4;1
6667;31/12/2022 0:00;4;719;Persona;177;16600;21500;4;1
6668;31/12/2022 0:00;4;977;Persona;47;17300;19800;4;1
6669;31/12/2022 0:00;2;263;Persona;29;17700;19300;4;5
6670;31/12/2022 0:00;2;582;Persona;13;17300;20400;4;5
6671;31/12/2022 0:00;2;417;Persona;117;16800;18000;4;5
6672;31/12/2022 0:00;1;224;Persona;53;16800;20000;4;10
6673;01/01/2023 0:00;1;1040;Persona;117;16800;17800;4;10
6674;01/01/2023 0:00;1;1072;Persona;132;17200;20700;4;10
6675;01/01/2023 0:00;1;186;Persona;87;18000;21300;2;11
6676;01/01/2023 0:00;1;812;Persona;147;17300;19000;2;11
6677;01/01/2023 0:00;1;602;Persona;98;18000;18900;2;11
6678;01/01/2023 0:00;2;914;Persona;177;16600;19500;4;2
6679;01/01/2023 0:00;2;97;Persona;54;17800;21500;4;2
6680;01/01/2023 0:00;2;705;Persona;68;17300;20300;4;2
6681;01/01/2023 0:00;2;630;Persona;92;17500;21000;4;2
6682;01/01/2023 0:00;2;90;Persona;111;17500;22500;4;7
6683;01/01/2023 0:00;2;247;Persona;121;17100;21500;4;7
6684;01/01/2023 0:00;2;274;Persona;28;17800;22400;4;7
6685;01/01/2023 0:00;2;1110;Persona;101;17500;19600;4;7
6686;01/01/2023 0:00;1;804;Empresa;170;17400;21200;4;12
6687;01/01/2023 0:00;1;1063;Empresa;33;17100;20300;4;12
6688;02/01/2023 0:00;1;428;Empresa;63;17400;21600;4;12
6689;02/01/2023 0:00;1;600;Empresa;33;17100;18900;4;12
6690;02/01/2023 0:00;1;57;Empresa;127;17900;22400;4;3
6691;02/01/2023 0:00;1;197;Empresa;168;17500;19500;4;3
6692;02/01/2023 0:00;1;24;Empresa;134;18000;19500;4;3
6693;02/01/2023 0:00;1;1056;Empresa;165;16900;20000;4;3
6694;02/01/2023 0:00;3;120;Empresa;129;17800;22000;4;5
6695;02/01/2023 0:00;3;1051;Empresa;174;17400;20200;4;5
6696;03/01/2023 0:00;3;679;Empresa;95;17700;20900;4;5
6697;03/01/2023 0:00;3;133;Empresa;145;17400;21100;4;5
6698;03/01/2023 0:00;4;171;Persona;160;16800;21000;1;4
6699;03/01/2023 0:00;4;1005;Persona;177;16600;20200;1;4
6700;03/01/2023 0:00;4;850;Persona;160;16800;21100;1;4
6701;03/01/2023 0:00;4;919;Persona;154;17300;22300;1;4
6702;03/01/2023 0:00;2;766;Persona;125;17300;20500;4;1
6703;03/01/2023 0:00;2;971;Persona;139;17100;20000;4;1
6704;04/01/2023 0:00;2;955;Persona;9;17100;19700;4;1
6705;04/01/2023 0:00;4;579;Empresa;14;16800;18300;4;7
6706;04/01/2023 0:00;4;1168;Empresa;153;17200;19100;4;7
6707;04/01/2023 0:00;4;285;Empresa;124;17500;18800;4;7
6708;04/01/2023 0:00;4;385;Empresa;67;17700;20600;4;7
6709;04/01/2023 0:00;4;1145;Persona;124;17500;20800;4;1
6710;04/01/2023 0:00;4;772;Persona;45;17500;19000;4;1
6711;04/01/2023 0:00;4;1160;Persona;171;16800;19100;4;1
6712;04/01/2023 0:00;3;168;Empresa;21;18000;19100;2;8
6713;04/01/2023 0:00;3;1064;Empresa;22;18000;20300;2;8
6714;04/01/2023 0:00;3;1029;Empresa;126;18100;21500;2;8
6715;04/01/2023 0:00;3;316;Empresa;115;18400;19500;2;8
6716;04/01/2023 0:00;2;74;Empresa;88;17000;20000;1;9
6717;04/01/2023 0:00;2;534;Empresa;126;18100;21900;1;9
6718;04/01/2023 0:00;2;164;Empresa;53;16800;18200;1;9
6719;04/01/2023 0:00;2;680;Empresa;76;17700;22900;1;9
6720;04/01/2023 0:00;2;1035;Persona;132;17200;19300;4;10
6721;04/01/2023 0:00;2;157;Persona;79;17700;22300;4;10
6722;04/01/2023 0:00;2;1132;Persona;91;18300;20400;4;10
6723;04/01/2023 0:00;2;471;Persona;46;16700;20600;4;10
6724;04/01/2023 0:00;4;279;Persona;120;17600;18500;4;3
6725;04/01/2023 0:00;4;894;Persona;43;18400;23000;4;3
6726;04/01/2023 0:00;4;819;Persona;44;17900;19700;4;3
6727;04/01/2023 0:00;4;404;Persona;163;17800;22000;4;3
6728;04/01/2023 0:00;2;1035;Persona;134;18000;19300;1;9
6729;04/01/2023 0:00;2;1013;Persona;52;17800;19600;1;9
6730;04/01/2023 0:00;2;408;Persona;96;17200;21900;1;9
6731;04/01/2023 0:00;2;457;Persona;21;18000;23000;1;9
6732;04/01/2023 0:00;2;1050;Persona;52;17800;22200;3;6
6733;04/01/2023 0:00;2;602;Persona;2;16800;19500;3;6
6734;04/01/2023 0:00;2;186;Persona;142;17200;21500;3;6
6735;04/01/2023 0:00;2;1013;Persona;47;17300;18700;3;6
6736;04/01/2023 0:00;2;935;Persona;148;17000;18100;4;3
6737;04/01/2023 0:00;2;647;Persona;33;17100;18200;4;3
6738;04/01/2023 0:00;2;88;Persona;96;17200;20200;4;3
6739;05/01/2023 0:00;2;840;Persona;162;18500;22000;4;3
6740;05/01/2023 0:00;1;583;Empresa;83;17300;18300;4;10
6741;05/01/2023 0:00;1;339;Empresa;159;17400;20000;4;10
6742;05/01/2023 0:00;1;553;Empresa;121;17100;21600;4;10
6743;06/01/2023 0:00;1;823;Empresa;13;17300;19600;4;10
6744;06/01/2023 0:00;4;876;Persona;16;17800;21200;1;9
6745;06/01/2023 0:00;4;567;Persona;177;16600;18300;1;9
6746;06/01/2023 0:00;4;808;Persona;43;18400;20100;1;9
6747;06/01/2023 0:00;4;264;Persona;132;17200;19700;1;9
6748;06/01/2023 0:00;3;1158;Persona;86;17000;20500;4;1
6749;06/01/2023 0:00;3;14;Persona;32;17800;21000;4;1
6750;06/01/2023 0:00;3;556;Persona;121;17100;19900;4;1
6751;06/01/2023 0:00;3;120;Persona;101;17500;18700;4;1
6752;06/01/2023 0:00;1;254;Persona;100;18100;20900;4;2
6753;06/01/2023 0:00;1;988;Persona;158;17400;20600;4;2
6754;06/01/2023 0:00;1;60;Persona;92;17500;22700;4;2
6755;06/01/2023 0:00;1;474;Persona;28;17800;21800;4;2
6756;06/01/2023 0:00;4;910;Persona;96;17200;21100;3;6
6757;06/01/2023 0:00;4;948;Persona;21;18000;21200;3;6
6758;06/01/2023 0:00;4;64;Persona;111;17500;21900;3;6
6759;06/01/2023 0:00;3;1145;Persona;151;17200;20200;3;6
6760;06/01/2023 0:00;3;635;Persona;148;17000;19100;3;6
6761;06/01/2023 0:00;3;513;Persona;1;16800;21800;3;6
6762;06/01/2023 0:00;3;897;Persona;49;17300;19600;3;6
6763;06/01/2023 0:00;3;326;Persona;141;18800;21900;1;9
6764;06/01/2023 0:00;3;441;Persona;131;17000;18100;1;9
6765;06/01/2023 0:00;3;811;Persona;47;17300;18900;1;9
6766;06/01/2023 0:00;3;1103;Persona;37;17600;19100;1;9
6767;06/01/2023 0:00;3;58;Persona;158;17400;21900;4;10
6768;06/01/2023 0:00;3;792;Persona;50;16300;18400;4;10
6769;06/01/2023 0:00;3;735;Persona;56;17400;21900;4;10
6770;07/01/2023 0:00;3;527;Persona;171;16800;20000;4;10
6771;07/01/2023 0:00;2;695;Persona;16;17800;22900;2;8
6772;07/01/2023 0:00;2;373;Persona;108;18300;20600;2;8
6773;07/01/2023 0:00;2;437;Persona;150;17600;19900;2;8
6774;07/01/2023 0:00;2;149;Persona;108;18300;23400;2;8
6775;07/01/2023 0:00;1;774;Persona;87;18000;19400;4;7
6776;07/01/2023 0:00;1;727;Persona;31;16500;19400;4;7
6777;07/01/2023 0:00;1;647;Persona;131;17000;21800;4;7
6778;07/01/2023 0:00;1;339;Persona;100;18100;19600;4;7
6779;07/01/2023 0:00;2;607;Persona;97;17500;22200;4;10
6780;07/01/2023 0:00;2;1044;Persona;169;18000;21800;4;10
6781;07/01/2023 0:00;2;123;Persona;40;17000;19500;4;10
6782;08/01/2023 0:00;4;303;Persona;9;17100;18000;2;8
6783;08/01/2023 0:00;4;755;Persona;164;16800;19000;2;8
6784;08/01/2023 0:00;4;847;Persona;15;17200;19600;2;8
6785;08/01/2023 0:00;4;245;Persona;131;17000;18800;2;8
6786;08/01/2023 0:00;1;635;Persona;60;17300;21700;4;1
6787;08/01/2023 0:00;1;638;Persona;26;17200;21000;4;1
6788;08/01/2023 0:00;1;1168;Persona;74;18100;20500;4;1
6789;08/01/2023 0:00;1;412;Persona;47;17300;18100;2;8
6790;08/01/2023 0:00;1;1038;Persona;77;17300;21700;2;8
6791;08/01/2023 0:00;1;470;Persona;106;17600;21200;2;8
6792;08/01/2023 0:00;1;656;Persona;159;17400;19900;2;8
6793;08/01/2023 0:00;3;1000;Persona;16;17800;18800;1;4
6794;08/01/2023 0:00;3;1154;Persona;152;16600;19500;1;4
6795;08/01/2023 0:00;3;560;Persona;93;16800;21200;1;4
6796;08/01/2023 0:00;3;305;Persona;92;17500;21200;1;4
6797;08/01/2023 0:00;3;826;Persona;62;17100;22000;4;2
6798;08/01/2023 0:00;3;735;Persona;123;18200;22200;4;2
6799;08/01/2023 0:00;3;123;Persona;160;16800;18800;4;2
6800;08/01/2023 0:00;3;1050;Persona;81;17400;18700;4;2
6801;08/01/2023 0:00;2;1146;Persona;18;17500;21300;2;11
6802;08/01/2023 0:00;2;568;Persona;179;17500;18700;2;11
6803;08/01/2023 0:00;2;405;Persona;120;17600;19500;2;11
6804;09/01/2023 0:00;2;1125;Persona;50;16300;18400;2;11
6805;09/01/2023 0:00;4;353;Persona;71;17800;20900;4;7
6806;09/01/2023 0:00;4;912;Persona;9;17100;19000;4;7
6807;09/01/2023 0:00;4;621;Persona;114;17800;22000;4;7
6808;09/01/2023 0:00;4;869;Persona;155;18000;21600;4;7
6809;09/01/2023 0:00;4;521;Persona;133;17500;20200;4;12
6810;09/01/2023 0:00;4;741;Persona;79;17700;20500;4;12
6811;09/01/2023 0:00;4;65;Persona;117;16800;18400;4;12
6812;09/01/2023 0:00;4;386;Persona;149;17600;22400;4;12
6813;09/01/2023 0:00;2;747;Persona;157;18100;20100;2;11
6814;09/01/2023 0:00;2;433;Persona;73;17100;20600;2;11
6815;09/01/2023 0:00;2;1051;Persona;153;17200;19500;2;11
6816;09/01/2023 0:00;2;647;Persona;3;17000;21500;2;11
6817;09/01/2023 0:00;3;230;Persona;90;17400;18600;4;3
6818;09/01/2023 0:00;3;587;Persona;112;17500;19500;4;3
6819;09/01/2023 0:00;3;481;Persona;58;17600;21400;4;3
6820;09/01/2023 0:00;3;876;Persona;37;17600;21300;4;3
6821;09/01/2023 0:00;3;467;Persona;156;17200;21400;4;1
6822;09/01/2023 0:00;3;14;Persona;8;18300;22700;4;1
6823;10/01/2023 0:00;3;960;Persona;178;17400;22100;4;1
6824;10/01/2023 0:00;3;508;Persona;95;17700;20400;4;1
6825;10/01/2023 0:00;2;371;Persona;51;17500;20800;4;12
6826;10/01/2023 0:00;2;1086;Persona;79;17700;21500;4;12
6827;10/01/2023 0:00;2;789;Persona;30;17400;20700;4;12
6828;10/01/2023 0:00;2;106;Persona;19;17000;21700;4;12
6829;10/01/2023 0:00;2;156;Persona;7;17800;19400;1;9
6830;10/01/2023 0:00;2;634;Persona;41;17600;21500;1;9
6831;10/01/2023 0:00;2;354;Persona;16;17800;20800;1;9
6832;10/01/2023 0:00;2;1114;Persona;37;17600;19700;1;9
6833;10/01/2023 0:00;3;39;Persona;168;17500;19400;4;10
6834;10/01/2023 0:00;3;335;Persona;93;16800;17600;4;10
6835;10/01/2023 0:00;3;207;Persona;141;18800;24200;4;10
6836;10/01/2023 0:00;3;67;Persona;161;16600;20200;4;10
6837;10/01/2023 0:00;3;675;Persona;104;17400;22300;4;7
6838;10/01/2023 0:00;3;27;Persona;72;17800;20300;4;7
6839;10/01/2023 0:00;3;196;Persona;82;17700;22900;4;7
6840;10/01/2023 0:00;3;552;Persona;118;18000;22400;4;7
6841;10/01/2023 0:00;3;398;Empresa;114;17800;21000;3;6
6842;10/01/2023 0:00;3;221;Empresa;14;16800;19900;3;6
6843;10/01/2023 0:00;3;435;Empresa;77;17300;18800;3;6
6844;10/01/2023 0:00;3;391;Empresa;160;16800;19100;3;6
6845;10/01/2023 0:00;3;72;Persona;121;17100;20300;2;11
6846;10/01/2023 0:00;3;775;Persona;66;18400;19800;2;11
6847;10/01/2023 0:00;3;367;Persona;92;17500;21300;2;11
6848;10/01/2023 0:00;3;380;Persona;82;17700;22000;2;11
6849;10/01/2023 0:00;3;9;Persona;120;17600;22400;3;6
6850;10/01/2023 0:00;3;528;Persona;46;16700;20700;3;6
6851;10/01/2023 0:00;3;355;Persona;153;17200;20100;3;6
6852;10/01/2023 0:00;3;722;Persona;98;18000;19200;3;6
6853;10/01/2023 0:00;4;60;Empresa;43;18400;23900;2;11
6854;11/01/2023 0:00;4;56;Empresa;87;18000;19700;2;11
6855;11/01/2023 0:00;4;675;Empresa;65;17100;19600;2;11
6856;11/01/2023 0:00;4;398;Empresa;169;18000;20000;2;11
6857;11/01/2023 0:00;1;376;Persona;149;17600;20200;1;4
6858;11/01/2023 0:00;1;1158;Persona;162;18500;22800;1;4
6859;11/01/2023 0:00;1;1103;Persona;67;17700;20900;1;4
6860;11/01/2023 0:00;1;700;Persona;16;17800;21800;1;4
6861;11/01/2023 0:00;1;1046;Persona;156;17200;21900;4;12
6862;11/01/2023 0:00;1;1015;Persona;42;17600;20700;4;12
6863;11/01/2023 0:00;1;812;Persona;87;18000;20600;4;12
6864;11/01/2023 0:00;1;251;Persona;108;18300;21700;4;12
6865;11/01/2023 0:00;4;1132;Persona;179;17500;18800;4;7
6866;11/01/2023 0:00;4;43;Persona;99;17500;18700;4;7
6867;11/01/2023 0:00;4;1113;Persona;94;17500;19000;4;7
6868;11/01/2023 0:00;4;325;Persona;16;17800;19500;4;7
6869;11/01/2023 0:00;3;567;Persona;56;17400;19100;1;4
6870;11/01/2023 0:00;3;128;Persona;145;17400;22200;1;4
6871;11/01/2023 0:00;3;1091;Persona;10;16300;18100;1;4
6872;11/01/2023 0:00;3;542;Persona;157;18100;21400;1;4
6873;11/01/2023 0:00;2;885;Persona;54;17800;22300;1;4
6874;11/01/2023 0:00;2;1179;Persona;110;17200;20200;1;4
6875;11/01/2023 0:00;2;517;Persona;62;17100;20700;1;4
6876;12/01/2023 0:00;2;350;Persona;119;17300;20400;1;4
6877;12/01/2023 0:00;1;425;Persona;13;17300;19400;3;6
6878;12/01/2023 0:00;1;148;Persona;146;17100;21800;3;6
6879;12/01/2023 0:00;1;690;Persona;65;17100;21100;3;6
6880;12/01/2023 0:00;1;711;Persona;131;17000;20500;3;6
6881;12/01/2023 0:00;4;848;Persona;178;17400;18900;2;11
6882;12/01/2023 0:00;4;866;Persona;63;17400;21800;2;11
6883;12/01/2023 0:00;4;252;Persona;50;16300;17600;2;11
6884;12/01/2023 0:00;3;962;Persona;9;17100;20300;2;8
6885;12/01/2023 0:00;3;492;Persona;7;17800;23000;2;8
6886;12/01/2023 0:00;3;788;Persona;155;18000;20100;2;8
6887;12/01/2023 0:00;3;71;Persona;109;17700;19200;2;8
6888;12/01/2023 0:00;1;704;Persona;60;17300;19100;4;10
6889;12/01/2023 0:00;1;739;Persona;82;17700;20300;4;10
6890;12/01/2023 0:00;1;542;Persona;166;18200;20900;4;10
6891;12/01/2023 0:00;1;810;Persona;77;17300;19400;4;10
6892;12/01/2023 0:00;4;319;Persona;63;17400;19900;4;5
6893;12/01/2023 0:00;4;951;Persona;6;17100;18700;4;5
6894;12/01/2023 0:00;4;519;Persona;170;17400;20600;4;5
6895;12/01/2023 0:00;4;281;Persona;126;18100;21000;4;5
6896;13/01/2023 0:00;4;660;Persona;80;17400;20300;4;7
6897;13/01/2023 0:00;4;267;Persona;71;17800;18800;4;7
6898;13/01/2023 0:00;4;911;Persona;26;17200;18300;4;7
6899;13/01/2023 0:00;4;1048;Persona;159;17400;18200;4;7
6900;13/01/2023 0:00;1;833;Persona;130;17900;20500;4;12
6901;13/01/2023 0:00;1;834;Persona;29;17700;20800;4;12
6902;13/01/2023 0:00;1;852;Persona;53;16800;19200;4;12
6903;13/01/2023 0:00;1;1154;Persona;116;17700;21600;4;12
6904;13/01/2023 0:00;1;848;Persona;151;17200;18700;4;10
6905;13/01/2023 0:00;1;113;Persona;95;17700;20600;4;10
6906;13/01/2023 0:00;1;798;Persona;135;17800;19000;4;10
6907;13/01/2023 0:00;1;557;Persona;54;17800;22800;4;10
6908;14/01/2023 0:00;3;93;Persona;23;17100;21500;4;7
6909;14/01/2023 0:00;3;944;Persona;82;17700;19800;4;7
6910;14/01/2023 0:00;3;1159;Persona;175;17800;22000;4;7
6911;14/01/2023 0:00;3;86;Persona;111;17500;18800;4;7
6912;14/01/2023 0:00;2;437;Persona;42;17600;20300;4;1
6913;14/01/2023 0:00;2;783;Persona;146;17100;20400;4;1
6914;14/01/2023 0:00;2;533;Persona;138;17400;21600;4;1
6915;14/01/2023 0:00;2;194;Persona;82;17700;19400;4;1
6916;14/01/2023 0:00;2;577;Persona;73;17100;18700;4;2
6917;14/01/2023 0:00;2;248;Persona;157;18100;21400;4;2
6918;14/01/2023 0:00;2;339;Persona;171;16800;19600;4;2
6919;14/01/2023 0:00;2;649;Persona;84;18500;21800;4;12
6920;14/01/2023 0:00;2;573;Persona;39;17200;20100;4;12
6921;14/01/2023 0:00;2;639;Persona;19;17000;20000;4;12
6922;14/01/2023 0:00;2;553;Persona;107;17300;21600;4;12
6923;15/01/2023 0:00;1;935;Persona;84;18500;23400;1;9
6924;15/01/2023 0:00;1;1025;Persona;32;17800;21300;1;9
6925;15/01/2023 0:00;1;1094;Persona;86;17000;18500;1;9
6926;15/01/2023 0:00;1;472;Persona;162;18500;21700;1;9
6927;15/01/2023 0:00;4;85;Empresa;158;17400;22400;1;4
6928;15/01/2023 0:00;4;846;Empresa;92;17500;20200;1;4
6929;15/01/2023 0:00;4;28;Empresa;160;16800;20500;1;4
6930;15/01/2023 0:00;4;422;Empresa;61;17600;21200;1;4
6931;15/01/2023 0:00;4;52;Persona;172;17700;20500;4;10
6932;15/01/2023 0:00;4;712;Persona;94;17500;21900;4;10
6933;15/01/2023 0:00;4;1033;Persona;74;18100;20800;4;10
6934;15/01/2023 0:00;4;220;Persona;160;16800;19700;4;10
6935;15/01/2023 0:00;2;368;Persona;31;16500;19600;4;3
6936;15/01/2023 0:00;2;1011;Persona;72;17800;21500;4;3
6937;15/01/2023 0:00;2;509;Persona;75;17000;20100;4;3
6938;15/01/2023 0:00;1;1101;Persona;168;17500;20900;2;8
6939;15/01/2023 0:00;1;506;Persona;86;17000;18900;2;8
6940;15/01/2023 0:00;1;1042;Persona;166;18200;21300;2;8
6941;15/01/2023 0:00;1;491;Persona;41;17600;20400;2;8
6942;16/01/2023 0:00;1;1174;Persona;133;17500;22500;2;11
6943;16/01/2023 0:00;1;177;Persona;110;17200;20500;2;11
6944;16/01/2023 0:00;1;485;Persona;166;18200;20700;2;11
6945;16/01/2023 0:00;1;165;Persona;11;17300;18600;2;11
6946;16/01/2023 0:00;4;108;Persona;97;17500;19200;4;12
6947;16/01/2023 0:00;4;940;Persona;165;16900;19700;4;12
6948;16/01/2023 0:00;4;739;Persona;78;17200;19800;4;12
6949;16/01/2023 0:00;4;171;Persona;107;17300;21800;4;12
6950;16/01/2023 0:00;3;411;Empresa;146;17100;18000;4;2
6951;16/01/2023 0:00;3;774;Empresa;12;17400;21500;4;2
6952;16/01/2023 0:00;3;121;Empresa;60;17300;19200;4;2
6953;16/01/2023 0:00;3;178;Empresa;169;18000;21300;4;2
6954;16/01/2023 0:00;4;434;Persona;117;16800;21600;4;3
6955;16/01/2023 0:00;4;98;Persona;135;17800;20500;4;3
6956;16/01/2023 0:00;4;235;Persona;52;17800;20600;4;3
6957;16/01/2023 0:00;4;599;Persona;20;17600;22100;4;3
6958;16/01/2023 0:00;4;208;Persona;139;17100;21400;4;3
6959;16/01/2023 0:00;4;1041;Persona;25;17500;20000;4;3
6960;16/01/2023 0:00;4;1002;Persona;44;17900;19400;4;3
6961;16/01/2023 0:00;4;667;Persona;39;17200;20000;4;3
6962;17/01/2023 0:00;3;709;Empresa;37;17600;22100;3;6
6963;17/01/2023 0:00;3;161;Empresa;12;17400;20300;3;6
6964;17/01/2023 0:00;3;1057;Empresa;178;17400;19500;3;6
6965;17/01/2023 0:00;3;852;Empresa;167;18200;23400;3;6
6966;17/01/2023 0:00;3;514;Persona;129;17800;20200;4;3
6967;17/01/2023 0:00;3;723;Persona;28;17800;19500;4;3
6968;17/01/2023 0:00;3;91;Persona;92;17500;22500;4;3
6969;17/01/2023 0:00;3;350;Persona;7;17800;21600;4;3
6970;17/01/2023 0:00;2;380;Empresa;102;17800;22200;3;6
6971;17/01/2023 0:00;2;902;Empresa;111;17500;21100;3;6
6972;17/01/2023 0:00;2;447;Empresa;135;17800;18900;3;6
6973;17/01/2023 0:00;2;578;Empresa;149;17600;22800;3;6
6974;17/01/2023 0:00;2;441;Persona;104;17400;20300;2;8
6975;17/01/2023 0:00;2;750;Persona;69;17800;20900;2;8
6976;17/01/2023 0:00;2;385;Persona;95;17700;21600;2;8
6977;17/01/2023 0:00;2;548;Persona;117;16800;21600;2;8
6978;17/01/2023 0:00;2;54;Persona;120;17600;20500;1;9
6979;17/01/2023 0:00;2;587;Persona;101;17500;21600;1;9
6980;17/01/2023 0:00;2;644;Persona;142;17200;19300;1;9
6981;17/01/2023 0:00;2;529;Persona;69;17800;19800;1;9
6982;18/01/2023 0:00;2;959;Persona;64;17200;20500;2;8
6983;18/01/2023 0:00;2;90;Persona;142;17200;20500;2;8
6984;18/01/2023 0:00;2;1039;Persona;153;17200;18800;2;8
6985;18/01/2023 0:00;2;450;Persona;57;17700;19500;2;8
6986;18/01/2023 0:00;3;2;Persona;54;17800;19500;4;7
6987;18/01/2023 0:00;3;152;Persona;111;17500;20300;4;7
6988;18/01/2023 0:00;3;987;Persona;73;17100;19500;4;7
6989;18/01/2023 0:00;3;91;Persona;29;17700;20700;4;7
6990;18/01/2023 0:00;2;164;Empresa;77;17300;20200;3;6
6991;18/01/2023 0:00;2;1076;Empresa;95;17700;18800;3;6
6992;18/01/2023 0:00;2;562;Empresa;146;17100;18800;3;6
6993;18/01/2023 0:00;2;1124;Empresa;94;17500;21300;3;6
6994;19/01/2023 0:00;4;685;Empresa;26;17200;19800;1;4
6995;19/01/2023 0:00;4;822;Empresa;73;17100;19400;1;4
6996;19/01/2023 0:00;4;669;Empresa;107;17300;20600;1;4
6997;19/01/2023 0:00;4;1005;Empresa;66;18400;20100;1;4
6998;19/01/2023 0:00;3;1010;Persona;56;17400;20800;2;11
6999;19/01/2023 0:00;3;689;Persona;129;17800;22800;2;11
7000;19/01/2023 0:00;3;531;Persona;143;17700;20100;2;11
7001;19/01/2023 0:00;3;245;Persona;42;17600;19900;2;8
7002;19/01/2023 0:00;3;736;Persona;82;17700;21400;2;8
7003;19/01/2023 0:00;3;648;Persona;144;17200;21400;2;8
7004;19/01/2023 0:00;3;345;Persona;106;17600;18700;2;8
7005;19/01/2023 0:00;2;445;Persona;177;16600;17600;2;11
7006;19/01/2023 0:00;2;889;Persona;172;17700;21500;2;11
7007;19/01/2023 0:00;2;58;Persona;83;17300;19900;2;11
7008;19/01/2023 0:00;2;887;Persona;74;18100;20100;2;11
7009;19/01/2023 0:00;2;245;Persona;115;18400;20100;4;1
7010;19/01/2023 0:00;2;814;Persona;35;18000;21000;4;1
7011;19/01/2023 0:00;2;334;Persona;82;17700;18800;4;1
7012;19/01/2023 0:00;2;744;Persona;152;16600;19100;4;3
7013;19/01/2023 0:00;2;470;Persona;22;18000;22500;4;3
7014;19/01/2023 0:00;2;493;Persona;160;16800;20600;4;3
7015;19/01/2023 0:00;2;697;Persona;134;18000;19700;4;3
7016;19/01/2023 0:00;1;185;Persona;147;17300;20000;4;5
7017;19/01/2023 0:00;1;435;Persona;105;18200;19900;4;5
7018;20/01/2023 0:00;1;453;Persona;143;17700;20800;4;5
7019;20/01/2023 0:00;1;758;Persona;60;17300;20900;4;5
7020;20/01/2023 0:00;1;102;Persona;45;17500;18400;4;3
7021;20/01/2023 0:00;1;865;Persona;116;17700;22300;4;3
7022;20/01/2023 0:00;1;340;Persona;48;17100;21700;4;3
7023;20/01/2023 0:00;1;130;Persona;164;16800;18000;4;3
7024;20/01/2023 0:00;1;118;Persona;96;17200;20100;4;7
7025;20/01/2023 0:00;1;116;Persona;2;16800;19700;4;7
7026;20/01/2023 0:00;1;840;Persona;164;16800;20100;4;7
7027;20/01/2023 0:00;1;279;Persona;59;18100;22500;4;7
7028;20/01/2023 0:00;3;389;Persona;106;17600;19300;4;10
7029;20/01/2023 0:00;3;1147;Persona;50;16300;18800;4;10
7030;20/01/2023 0:00;3;153;Persona;40;17000;18400;4;10
7031;20/01/2023 0:00;3;873;Persona;20;17600;20400;4;10
7032;20/01/2023 0:00;3;756;Persona;77;17300;19300;4;1
7033;20/01/2023 0:00;3;1060;Persona;46;16700;19500;4;1
7034;20/01/2023 0:00;3;1163;Persona;80;17400;21400;4;1
7035;20/01/2023 0:00;3;243;Persona;121;17100;18400;4;1
7036;20/01/2023 0:00;1;926;Persona;41;17600;22400;3;6
7037;20/01/2023 0:00;1;577;Persona;125;17300;21100;3;6
7038;20/01/2023 0:00;1;1032;Persona;15;17200;19100;3;6
7039;20/01/2023 0:00;1;1062;Persona;62;17100;20200;3;6
7040;20/01/2023 0:00;1;808;Persona;124;17500;20500;4;5
7041;20/01/2023 0:00;1;1164;Persona;32;17800;22700;4;5
7042;20/01/2023 0:00;1;204;Persona;89;17200;18900;4;5
7043;20/01/2023 0:00;1;800;Persona;1;16800;19200;4;5
7044;20/01/2023 0:00;1;1076;Persona;95;17700;19000;4;2
7045;20/01/2023 0:00;1;293;Persona;71;17800;22100;4;2
7046;21/01/2023 0:00;1;225;Persona;52;17800;20800;4;2
7047;21/01/2023 0:00;1;730;Persona;24;17200;22200;4;2
7048;21/01/2023 0:00;3;716;Empresa;16;17800;21100;4;3
7049;21/01/2023 0:00;3;832;Empresa;157;18100;19100;4;3
7050;21/01/2023 0:00;3;162;Empresa;46;16700;19000;4;3
7051;21/01/2023 0:00;3;397;Empresa;18;17500;20500;4;3
7052;21/01/2023 0:00;3;482;Persona;144;17200;21100;2;8
7053;21/01/2023 0:00;3;170;Persona;149;17600;21000;2;8
7054;21/01/2023 0:00;3;281;Persona;135;17800;22000;2;8
7055;21/01/2023 0:00;3;391;Persona;55;17800;22200;2;8
7056;21/01/2023 0:00;2;580;Persona;149;17600;19400;1;4
7057;21/01/2023 0:00;2;465;Persona;93;16800;21400;1;4
7058;21/01/2023 0:00;2;1175;Persona;47;17300;20100;1;4
7059;21/01/2023 0:00;2;485;Persona;37;17600;18900;1;4
7060;21/01/2023 0:00;4;175;Persona;137;17800;19600;4;7
7061;21/01/2023 0:00;4;233;Persona;10;16300;17500;4;7
7062;21/01/2023 0:00;4;704;Persona;90;17400;19600;4;7
7063;21/01/2023 0:00;4;545;Persona;64;17200;22200;4;7
7064;21/01/2023 0:00;4;421;Persona;143;17700;20100;4;2
7065;21/01/2023 0:00;4;40;Persona;97;17500;19300;4;2
7066;21/01/2023 0:00;4;488;Persona;92;17500;19600;4;2
7067;21/01/2023 0:00;4;436;Persona;109;17700;18700;4;2
7068;21/01/2023 0:00;2;1009;Persona;102;17800;20100;4;2
7069;22/01/2023 0:00;2;1;Persona;38;18100;19600;4;2
7070;22/01/2023 0:00;2;300;Persona;129;17800;21700;4;2
7071;22/01/2023 0:00;2;594;Persona;132;17200;21600;4;2
7072;22/01/2023 0:00;1;221;Persona;155;18000;21100;4;10
7073;22/01/2023 0:00;1;454;Persona;74;18100;23300;4;10
7074;22/01/2023 0:00;1;804;Persona;87;18000;19100;4;10
7075;22/01/2023 0:00;1;522;Persona;57;17700;18700;4;10
7076;22/01/2023 0:00;4;643;Persona;170;17400;20200;4;7
7077;22/01/2023 0:00;4;540;Persona;140;17300;22300;4;7
7078;22/01/2023 0:00;4;909;Persona;116;17700;21800;4;7
7079;22/01/2023 0:00;4;798;Persona;38;18100;20500;4;7
7080;22/01/2023 0:00;3;1055;Persona;136;17600;20900;4;5
7081;22/01/2023 0:00;3;303;Persona;69;17800;20700;4;5
7082;22/01/2023 0:00;3;694;Persona;53;16800;19500;4;5
7083;22/01/2023 0:00;3;849;Persona;178;17400;18600;4;5
7084;22/01/2023 0:00;3;69;Persona;126;18100;21800;4;12
7085;22/01/2023 0:00;3;459;Persona;172;17700;21000;4;12
7086;22/01/2023 0:00;3;109;Persona;138;17400;18300;4;12
7087;22/01/2023 0:00;3;14;Persona;53;16800;18700;4;12
7088;22/01/2023 0:00;2;998;Persona;176;17600;20400;4;3
7089;22/01/2023 0:00;2;762;Persona;161;16600;20900;4;3
7090;22/01/2023 0:00;2;96;Persona;36;17600;18700;4;3
7091;22/01/2023 0:00;2;403;Persona;101;17500;20300;4;3
7092;22/01/2023 0:00;4;291;Empresa;62;17100;18600;3;6
7093;22/01/2023 0:00;4;890;Empresa;51;17500;22300;3;6
7094;22/01/2023 0:00;4;929;Empresa;49;17300;20600;3;6
7095;22/01/2023 0:00;4;138;Empresa;66;18400;21800;3;6
7096;22/01/2023 0:00;4;87;Persona;90;17400;20800;4;3
7097;22/01/2023 0:00;4;1131;Persona;100;18100;23500;4;3
7098;22/01/2023 0:00;4;1134;Persona;66;18400;22600;4;3
7099;22/01/2023 0:00;4;275;Persona;55;17800;20900;4;3
7100;22/01/2023 0:00;4;1072;Persona;173;17500;18300;2;11
7101;22/01/2023 0:00;4;1140;Persona;166;18200;22500;2;11
7102;22/01/2023 0:00;4;377;Persona;16;17800;21300;2;11
7103;22/01/2023 0:00;4;683;Persona;105;18200;20900;2;11
7104;22/01/2023 0:00;2;521;Persona;96;17200;19600;3;6
7105;22/01/2023 0:00;2;870;Persona;38;18100;21200;3;6
7106;22/01/2023 0:00;2;1005;Persona;2;16800;21100;3;6
7107;22/01/2023 0:00;2;111;Persona;44;17900;21500;3;6
7108;22/01/2023 0:00;2;1002;Persona;51;17500;19600;4;7
7109;22/01/2023 0:00;2;516;Persona;145;17400;18200;4;7
7110;22/01/2023 0:00;2;450;Persona;13;17300;19800;4;7
7111;23/01/2023 0:00;1;881;Persona;1;16800;19700;1;9
7112;23/01/2023 0:00;1;325;Persona;146;17100;18700;1;9
7113;23/01/2023 0:00;1;1139;Persona;174;17400;18700;1;9
7114;23/01/2023 0:00;1;631;Persona;18;17500;21900;1;9
7115;23/01/2023 0:00;4;146;Persona;24;17200;18800;4;1
7116;23/01/2023 0:00;4;1090;Persona;95;17700;19300;4;1
7117;23/01/2023 0:00;4;90;Persona;147;17300;18500;4;1
7118;23/01/2023 0:00;4;579;Persona;18;17500;19300;4;1
7119;23/01/2023 0:00;4;112;Persona;176;17600;19900;1;9
7120;23/01/2023 0:00;4;561;Persona;20;17600;21200;1;9
7121;23/01/2023 0:00;4;877;Persona;111;17500;21000;1;9
7122;23/01/2023 0:00;3;1075;Persona;90;17400;20900;1;9
7123;23/01/2023 0:00;3;97;Persona;18;17500;20100;1;9
7124;23/01/2023 0:00;3;997;Persona;120;17600;20500;1;9
7125;23/01/2023 0:00;3;722;Persona;92;17500;22400;1;9
7126;23/01/2023 0:00;2;417;Persona;116;17700;21600;2;8
7127;23/01/2023 0:00;2;151;Persona;57;17700;20400;2;8
7128;23/01/2023 0:00;2;718;Persona;178;17400;19900;2;8
7129;23/01/2023 0:00;2;50;Persona;137;17800;20600;2;8
7130;23/01/2023 0:00;1;3;Persona;163;17800;22200;4;10
7131;23/01/2023 0:00;1;557;Persona;133;17500;19400;4;10
7132;23/01/2023 0:00;1;1124;Persona;144;17200;20900;4;10
7133;23/01/2023 0:00;1;389;Persona;130;17900;21000;4;10
7134;23/01/2023 0:00;1;301;Persona;83;17300;20400;4;10
7135;23/01/2023 0:00;1;193;Persona;11;17300;19900;4;10
7136;23/01/2023 0:00;1;30;Persona;95;17700;21800;4;10
7137;23/01/2023 0:00;1;937;Persona;150;17600;18800;4;10
7138;23/01/2023 0:00;1;29;Persona;122;17000;20400;3;6
7139;23/01/2023 0:00;1;790;Persona;10;16300;18000;3;6
7140;23/01/2023 0:00;1;1126;Persona;111;17500;21300;3;6
7141;23/01/2023 0:00;4;599;Persona;135;17800;18900;4;5
7142;23/01/2023 0:00;4;578;Persona;81;17400;18300;4;5
7143;24/01/2023 0:00;4;64;Persona;21;18000;20300;4;5
7144;24/01/2023 0:00;4;207;Persona;98;18000;22900;4;5
7145;24/01/2023 0:00;3;1071;Empresa;76;17700;20900;4;3
7146;24/01/2023 0:00;3;326;Empresa;82;17700;19400;4;3
7147;24/01/2023 0:00;3;795;Empresa;175;17800;18700;4;3
7148;24/01/2023 0:00;3;534;Empresa;62;17100;21500;4;3
7149;24/01/2023 0:00;2;756;Persona;34;17500;18700;4;12
7150;24/01/2023 0:00;2;916;Persona;52;17800;19000;4;12
7151;24/01/2023 0:00;2;928;Persona;57;17700;21300;4;12
7152;24/01/2023 0:00;2;817;Persona;30;17400;22300;4;12
7153;24/01/2023 0:00;4;293;Persona;83;17300;19200;4;12
7154;24/01/2023 0:00;4;453;Persona;158;17400;19600;4;12
7155;24/01/2023 0:00;4;686;Persona;169;18000;20600;4;12
7156;24/01/2023 0:00;4;400;Persona;148;17000;21800;4;12
7157;24/01/2023 0:00;4;577;Empresa;158;17400;19900;4;10
7158;24/01/2023 0:00;4;136;Empresa;175;17800;21700;4;10
7159;24/01/2023 0:00;4;1008;Empresa;144;17200;19200;4;10
7160;24/01/2023 0:00;4;279;Empresa;32;17800;19200;4;10
7161;24/01/2023 0:00;2;546;Persona;118;18000;20900;2;11
7162;24/01/2023 0:00;2;962;Persona;149;17600;19500;2;11
7163;25/01/2023 0:00;2;354;Persona;172;17700;18900;2;11
7164;25/01/2023 0:00;2;60;Persona;103;18000;20300;2;11
7165;25/01/2023 0:00;2;1002;Empresa;73;17100;21700;2;11
7166;25/01/2023 0:00;2;735;Empresa;168;17500;19200;2;11
7167;25/01/2023 0:00;2;288;Empresa;153;17200;18700;2;11
7168;25/01/2023 0:00;2;1109;Empresa;98;18000;20100;2;11
7169;25/01/2023 0:00;1;139;Persona;31;16500;17700;2;11
7170;25/01/2023 0:00;1;365;Persona;36;17600;21800;2;11
7171;25/01/2023 0:00;1;574;Persona;14;16800;20100;2;11
7172;25/01/2023 0:00;1;176;Persona;92;17500;19700;2;11
7173;25/01/2023 0:00;3;326;Persona;88;17000;19900;4;12
7174;25/01/2023 0:00;3;242;Persona;94;17500;19400;4;12
7175;25/01/2023 0:00;3;1027;Persona;149;17600;22800;4;12
7176;25/01/2023 0:00;3;11;Persona;48;17100;22000;4;12
7177;25/01/2023 0:00;3;839;Persona;39;17200;18100;4;5
7178;25/01/2023 0:00;3;1126;Persona;32;17800;21600;4;5
7179;25/01/2023 0:00;3;348;Persona;117;16800;20000;4;5
7180;25/01/2023 0:00;3;837;Persona;65;17100;19400;4;5
7181;25/01/2023 0:00;4;1048;Persona;148;17000;21000;4;10
7182;25/01/2023 0:00;4;213;Persona;165;16900;20400;4;10
7183;25/01/2023 0:00;4;693;Persona;56;17400;19600;4;10
7184;25/01/2023 0:00;4;456;Persona;12;17400;19600;4;10
7185;25/01/2023 0:00;4;819;Persona;27;17400;18800;3;6
7186;25/01/2023 0:00;4;542;Persona;15;17200;20700;3;6
7187;25/01/2023 0:00;4;336;Persona;159;17400;19400;3;6
7188;25/01/2023 0:00;4;579;Persona;9;17100;19600;3;6
7189;25/01/2023 0:00;1;156;Persona;155;18000;20200;4;2
7190;25/01/2023 0:00;1;1176;Persona;156;17200;18300;4;2
7191;25/01/2023 0:00;1;1072;Persona;152;16600;19700;4;2
7192;25/01/2023 0:00;1;1137;Persona;127;17900;19800;4;2
7193;26/01/2023 0:00;4;647;Persona;96;17200;21800;4;7
7194;26/01/2023 0:00;4;898;Persona;91;18300;20200;4;7
7195;26/01/2023 0:00;4;780;Persona;138;17400;19700;4;7
7196;26/01/2023 0:00;4;251;Persona;105;18200;19200;4;7
7197;26/01/2023 0:00;3;546;Persona;112;17500;22700;1;9
7198;26/01/2023 0:00;3;345;Persona;42;17600;20200;1;9
7199;26/01/2023 0:00;3;444;Persona;119;17300;19700;1;9
7200;26/01/2023 0:00;3;368;Persona;149;17600;20300;1;9
7201;26/01/2023 0:00;2;1092;Empresa;166;18200;20900;1;9
7202;26/01/2023 0:00;2;581;Empresa;24;17200;19300;1;9
7203;26/01/2023 0:00;2;622;Empresa;128;17500;21600;1;9
7204;26/01/2023 0:00;2;341;Empresa;140;17300;19600;1;9
7205;27/01/2023 0:00;2;179;Persona;92;17500;19100;4;1
7206;27/01/2023 0:00;2;1168;Persona;97;17500;19400;4;1
7207;27/01/2023 0:00;2;1028;Persona;109;17700;20900;4;1
7208;27/01/2023 0:00;2;488;Persona;160;16800;21200;4;1
7209;27/01/2023 0:00;3;933;Empresa;29;17700;22000;4;1
7210;27/01/2023 0:00;3;1038;Empresa;15;17200;22300;4;1
7211;27/01/2023 0:00;3;747;Empresa;86;17000;20100;4;1
7212;27/01/2023 0:00;3;595;Empresa;161;16600;19000;4;1
7213;27/01/2023 0:00;2;595;Persona;148;17000;18900;3;6
7214;27/01/2023 0:00;2;311;Persona;136;17600;18900;3;6
7215;27/01/2023 0:00;2;111;Persona;23;17100;20500;3;6
7216;27/01/2023 0:00;2;1027;Persona;39;17200;21100;3;6
7217;27/01/2023 0:00;2;524;Persona;15;17200;21400;3;6
7218;27/01/2023 0:00;2;1080;Persona;170;17400;22200;3;6
7219;27/01/2023 0:00;2;935;Persona;88;17000;18300;3;6
7220;27/01/2023 0:00;2;684;Persona;117;16800;20100;3;6
7221;27/01/2023 0:00;2;1028;Persona;171;16800;18700;4;2
7222;27/01/2023 0:00;2;223;Persona;148;17000;18000;4;2
7223;27/01/2023 0:00;2;165;Persona;168;17500;20300;4;2
7224;27/01/2023 0:00;2;426;Persona;19;17000;19800;4;2
7225;27/01/2023 0:00;4;257;Persona;41;17600;22600;4;5
7226;27/01/2023 0:00;4;794;Persona;57;17700;20600;4;5
7227;27/01/2023 0:00;4;702;Persona;111;17500;18900;4;5
7228;27/01/2023 0:00;4;1044;Persona;26;17200;19500;4;5
7229;28/01/2023 0:00;2;621;Persona;168;17500;21700;4;3
7230;28/01/2023 0:00;2;1170;Persona;147;17300;21300;4;3
7231;28/01/2023 0:00;2;232;Persona;5;17200;21800;4;3
7232;28/01/2023 0:00;2;724;Persona;81;17400;20300;4;3
7233;28/01/2023 0:00;2;959;Persona;100;18100;20900;3;6
7234;28/01/2023 0:00;2;383;Persona;40;17000;20800;3;6
7235;28/01/2023 0:00;2;1132;Persona;37;17600;18800;3;6
7236;28/01/2023 0:00;2;1060;Persona;64;17200;21700;3;6
7237;28/01/2023 0:00;2;760;Persona;127;17900;20200;4;2
7238;28/01/2023 0:00;2;1151;Persona;147;17300;19600;4;2
7239;28/01/2023 0:00;2;1157;Persona;118;18000;21600;4;2
7240;28/01/2023 0:00;2;756;Persona;26;17200;20100;4;2
7241;29/01/2023 0:00;2;476;Persona;21;18000;20900;4;10
7242;29/01/2023 0:00;2;984;Persona;2;16800;18200;4;10
7243;29/01/2023 0:00;2;601;Persona;76;17700;19900;4;10
7244;29/01/2023 0:00;2;456;Persona;10;16300;17900;4;10
7245;29/01/2023 0:00;2;746;Persona;170;17400;21800;4;2
7246;29/01/2023 0:00;2;99;Persona;168;17500;21100;4;2
7247;29/01/2023 0:00;2;601;Persona;35;18000;19000;4;2
7248;29/01/2023 0:00;2;175;Persona;70;17300;18300;4;2
7249;29/01/2023 0:00;3;859;Persona;153;17200;21800;1;4
7250;29/01/2023 0:00;3;1113;Persona;153;17200;21900;1;4
7251;29/01/2023 0:00;3;958;Persona;59;18100;20000;1;4
7252;29/01/2023 0:00;3;489;Persona;46;16700;19700;1;4
7253;29/01/2023 0:00;3;1016;Persona;73;17100;19400;4;1
7254;29/01/2023 0:00;3;5;Persona;118;18000;22200;4;1
7255;29/01/2023 0:00;3;220;Persona;130;17900;20800;4;1
7256;29/01/2023 0:00;3;211;Persona;143;17700;20700;4;1
7257;29/01/2023 0:00;1;1044;Persona;137;17800;22400;4;7
7258;29/01/2023 0:00;1;1060;Persona;89;17200;18000;4;7
7259;29/01/2023 0:00;1;690;Persona;168;17500;21500;4;7
7260;30/01/2023 0:00;1;1125;Persona;88;17000;19800;4;7
7261;30/01/2023 0:00;1;717;Persona;165;16900;19600;4;1
7262;30/01/2023 0:00;1;968;Persona;2;16800;18200;4;1
7263;30/01/2023 0:00;1;110;Persona;77;17300;20200;4;1
7264;30/01/2023 0:00;1;491;Persona;64;17200;18500;4;3
7265;30/01/2023 0:00;1;97;Persona;70;17300;19900;4;3
7266;30/01/2023 0:00;1;239;Persona;88;17000;21800;4;3
7267;30/01/2023 0:00;1;655;Persona;98;18000;21700;4;3
7268;30/01/2023 0:00;3;944;Persona;38;18100;21700;4;5
7269;30/01/2023 0:00;3;642;Persona;107;17300;19800;4;5
7270;30/01/2023 0:00;3;315;Persona;146;17100;20000;4;5
7271;30/01/2023 0:00;3;46;Persona;87;18000;21400;4;5
7272;30/01/2023 0:00;4;334;Empresa;56;17400;21100;4;3
7273;30/01/2023 0:00;4;616;Empresa;123;18200;20200;4;3
7274;30/01/2023 0:00;4;349;Empresa;50;16300;19400;4;3
7275;30/01/2023 0:00;4;190;Empresa;132;17200;19200;4;3
7276;30/01/2023 0:00;2;756;Persona;23;17100;20000;4;1
7277;30/01/2023 0:00;2;688;Persona;65;17100;18000;4;1
7278;30/01/2023 0:00;2;547;Persona;127;17900;20500;4;1
7279;30/01/2023 0:00;2;848;Persona;37;17600;18500;1;4
7280;30/01/2023 0:00;2;966;Persona;157;18100;19800;1;4
7281;30/01/2023 0:00;2;969;Persona;102;17800;19600;1;4
7282;30/01/2023 0:00;2;386;Persona;113;18000;21600;1;4
7283;31/01/2023 0:00;2;355;Persona;132;17200;19500;1;4
7284;31/01/2023 0:00;2;976;Persona;83;17300;22400;1;4
7285;31/01/2023 0:00;2;602;Persona;142;17200;19000;1;4
7286;31/01/2023 0:00;2;851;Persona;130;17900;21500;1;4
7287;31/01/2023 0:00;2;934;Persona;167;18200;23000;4;7
7288;31/01/2023 0:00;2;952;Persona;39;17200;18100;4;7
7289;31/01/2023 0:00;2;463;Persona;140;17300;18700;4;7
7290;31/01/2023 0:00;2;1111;Persona;7;17800;21600;4;7
7291;31/01/2023 0:00;4;894;Persona;85;17600;21900;2;11
7292;31/01/2023 0:00;4;555;Persona;163;17800;19500;2;11
7293;31/01/2023 0:00;4;603;Persona;31;16500;20400;2;11
7294;31/01/2023 0:00;4;604;Persona;7;17800;21700;2;11
7295;31/01/2023 0:00;3;1015;Empresa;41;17600;19300;4;1
7296;31/01/2023 0:00;3;79;Empresa;19;17000;18000;4;1
7297;31/01/2023 0:00;3;668;Empresa;62;17100;19700;4;1
7298;31/01/2023 0:00;3;78;Empresa;14;16800;20800;4;1
7299;01/02/2023 0:00;2;841;Empresa;55;17800;19200;4;7
7300;01/02/2023 0:00;2;281;Empresa;85;17600;22400;4;7
7301;01/02/2023 0:00;2;58;Empresa;133;17500;20500;4;7
7302;01/02/2023 0:00;2;52;Empresa;131;17000;21800;4;7
7303;02/02/2023 0:00;2;785;Persona;100;18100;22800;1;9
7304;02/02/2023 0:00;2;163;Persona;114;17800;21900;1;9
7305;02/02/2023 0:00;2;540;Persona;64;17200;18500;1;9
7306;02/02/2023 0:00;2;750;Persona;88;17000;20700;1;9
7307;03/02/2023 0:00;2;342;Persona;157;18100;20000;2;8
7308;03/02/2023 0:00;2;61;Persona;15;17200;19400;2;8
7309;03/02/2023 0:00;2;807;Persona;153;17200;19500;2;8
7310;03/02/2023 0:00;2;1144;Persona;22;18000;22900;2;8
7311;03/02/2023 0:00;2;4;Persona;72;17800;20800;2;8
7312;03/02/2023 0:00;2;1100;Persona;133;17500;19200;2;8
7313;03/02/2023 0:00;2;896;Persona;62;17100;21000;2;8
7314;03/02/2023 0:00;2;213;Persona;39;17200;19500;2;8
7315;03/02/2023 0:00;3;50;Persona;3;17000;20700;3;6
7316;03/02/2023 0:00;3;836;Persona;153;17200;21700;3;6
7317;03/02/2023 0:00;3;662;Persona;93;16800;18400;3;6
7318;03/02/2023 0:00;3;796;Persona;169;18000;22900;3;6
7319;03/02/2023 0:00;4;772;Persona;67;17700;22000;4;3
7320;03/02/2023 0:00;4;753;Persona;107;17300;20700;4;3
7321;03/02/2023 0:00;4;617;Persona;64;17200;20000;4;3
7322;04/02/2023 0:00;4;1110;Persona;11;17300;21500;4;3
7323;04/02/2023 0:00;2;361;Persona;26;17200;18900;1;9
7324;04/02/2023 0:00;2;237;Persona;17;18100;20100;1;9
7325;04/02/2023 0:00;2;14;Persona;38;18100;22500;1;9
7326;04/02/2023 0:00;2;249;Persona;25;17500;22500;1;9
7327;04/02/2023 0:00;2;321;Persona;128;17500;18300;4;1
7328;04/02/2023 0:00;2;18;Persona;7;17800;22300;4;1
7329;04/02/2023 0:00;2;227;Persona;174;17400;21400;4;1
7330;04/02/2023 0:00;4;694;Persona;101;17500;22400;1;4
7331;04/02/2023 0:00;4;724;Persona;80;17400;19300;1;4
7332;04/02/2023 0:00;4;614;Persona;74;18100;20500;1;4
7333;04/02/2023 0:00;4;1047;Persona;87;18000;19400;2;8
7334;04/02/2023 0:00;4;1056;Persona;168;17500;18300;2;8
7335;04/02/2023 0:00;4;849;Persona;138;17400;22100;2;8
7336;04/02/2023 0:00;4;322;Persona;175;17800;21600;2;8
7337;04/02/2023 0:00;3;792;Persona;120;17600;19500;4;3
7338;04/02/2023 0:00;3;1155;Persona;22;18000;19200;4;3
7339;04/02/2023 0:00;3;1023;Persona;46;16700;21000;4;3
7340;04/02/2023 0:00;3;631;Persona;121;17100;20600;4;3
7341;04/02/2023 0:00;4;847;Persona;9;17100;18700;4;3
7342;04/02/2023 0:00;4;1054;Persona;171;16800;17700;4;3
7343;04/02/2023 0:00;4;486;Persona;97;17500;21700;4;3
7344;04/02/2023 0:00;4;494;Persona;55;17800;19800;4;3
7345;04/02/2023 0:00;2;264;Persona;39;17200;18600;4;12
7346;04/02/2023 0:00;2;77;Persona;46;16700;17700;4;12
7347;04/02/2023 0:00;2;4;Persona;54;17800;23100;4;12
7348;04/02/2023 0:00;2;43;Persona;20;17600;19300;4;12
7349;04/02/2023 0:00;2;200;Empresa;10;16300;19500;1;9
7350;04/02/2023 0:00;2;566;Empresa;18;17500;20400;1;9
7351;04/02/2023 0:00;2;600;Empresa;38;18100;21800;1;9
7352;04/02/2023 0:00;2;286;Persona;112;17500;19200;4;12
7353;04/02/2023 0:00;2;1137;Persona;139;17100;20300;4;12
7354;04/02/2023 0:00;2;632;Persona;24;17200;18900;4;12
7355;04/02/2023 0:00;2;627;Persona;54;17800;20400;4;12
7356;04/02/2023 0:00;1;220;Persona;167;18200;19500;4;1
7357;04/02/2023 0:00;1;326;Persona;120;17600;20100;4;1
7358;05/02/2023 0:00;1;645;Persona;176;17600;21300;4;1
7359;05/02/2023 0:00;1;372;Persona;54;17800;21900;4;1
7360;05/02/2023 0:00;1;81;Persona;159;17400;20500;2;8
7361;05/02/2023 0:00;1;1093;Persona;144;17200;19000;2;8
7362;05/02/2023 0:00;1;874;Persona;85;17600;20300;2;8
7363;05/02/2023 0:00;1;391;Persona;19;17000;21900;2;8
7364;05/02/2023 0:00;1;142;Persona;35;18000;20300;4;10
7365;05/02/2023 0:00;1;464;Persona;63;17400;20800;4;10
7366;05/02/2023 0:00;1;254;Persona;136;17600;20000;4;10
7367;05/02/2023 0:00;1;1104;Persona;79;17700;21400;4;10
7368;05/02/2023 0:00;3;338;Persona;53;16800;18000;3;6
7369;05/02/2023 0:00;3;587;Persona;171;16800;21400;3;6
7370;05/02/2023 0:00;3;1056;Persona;87;18000;22500;3;6
7371;05/02/2023 0:00;3;667;Persona;133;17500;18400;3;6
7372;05/02/2023 0:00;3;400;Persona;70;17300;20000;1;4
7373;05/02/2023 0:00;3;175;Persona;99;17500;21200;1;4
7374;06/02/2023 0:00;3;29;Persona;11;17300;21500;1;4
7375;06/02/2023 0:00;3;732;Persona;90;17400;22200;1;4
7376;06/02/2023 0:00;3;401;Persona;49;17300;18200;4;7
7377;06/02/2023 0:00;3;1123;Persona;154;17300;20800;4;7
7378;06/02/2023 0:00;3;1089;Persona;150;17600;20500;4;7
7379;06/02/2023 0:00;3;853;Persona;13;17300;22200;4;7
7380;06/02/2023 0:00;2;167;Persona;29;17700;19700;2;11
7381;06/02/2023 0:00;2;782;Persona;3;17000;20700;2;11
7382;07/02/2023 0:00;2;1171;Persona;130;17900;19900;2;11
7383;07/02/2023 0:00;2;750;Persona;32;17800;22900;2;11
7384;07/02/2023 0:00;4;488;Empresa;107;17300;19200;4;2
7385;07/02/2023 0:00;4;46;Empresa;25;17500;20700;4;2
7386;07/02/2023 0:00;4;964;Empresa;83;17300;22100;4;2
7387;07/02/2023 0:00;2;996;Persona;4;17700;22600;4;3
7388;07/02/2023 0:00;2;494;Persona;36;17600;22100;4;3
7389;07/02/2023 0:00;2;959;Persona;77;17300;21200;4;3
7390;07/02/2023 0:00;4;121;Persona;2;16800;19400;4;1
7391;07/02/2023 0:00;4;988;Persona;18;17500;19200;4;1
7392;07/02/2023 0:00;4;544;Persona;60;17300;18800;4;1
7393;07/02/2023 0:00;4;956;Persona;34;17500;18700;4;1
7394;07/02/2023 0:00;2;1025;Persona;35;18000;20700;4;10
7395;07/02/2023 0:00;2;164;Persona;61;17600;21500;4;10
7396;07/02/2023 0:00;2;255;Persona;115;18400;23000;4;10
7397;07/02/2023 0:00;2;214;Persona;54;17800;23100;4;10
7398;08/02/2023 0:00;2;705;Empresa;62;17100;19400;1;9
7399;08/02/2023 0:00;2;801;Empresa;20;17600;18700;1;9
7400;08/02/2023 0:00;2;1040;Empresa;67;17700;21300;1;9
7401;08/02/2023 0:00;1;929;Persona;101;17500;19500;2;8
7402;08/02/2023 0:00;1;1015;Persona;162;18500;22500;2;8
7403;08/02/2023 0:00;1;1063;Persona;171;16800;21100;2;8
7404;08/02/2023 0:00;1;817;Persona;4;17700;20600;2;8
7405;08/02/2023 0:00;1;431;Persona;60;17300;19200;4;7
7406;08/02/2023 0:00;1;499;Persona;16;17800;20100;4;7
7407;08/02/2023 0:00;1;199;Persona;36;17600;19600;4;7
7408;08/02/2023 0:00;1;749;Persona;118;18000;20000;4;7
7409;08/02/2023 0:00;3;450;Persona;51;17500;19200;2;8
7410;08/02/2023 0:00;3;312;Persona;86;17000;20800;2;8
7411;08/02/2023 0:00;3;439;Persona;17;18100;22200;2;8
7412;09/02/2023 0:00;3;256;Persona;149;17600;19200;2;8
7413;09/02/2023 0:00;2;923;Persona;149;17600;21500;4;1
7414;09/02/2023 0:00;2;707;Persona;92;17500;18800;4;1
7415;09/02/2023 0:00;2;946;Persona;27;17400;21900;4;1
7416;09/02/2023 0:00;2;406;Persona;161;16600;21000;4;1
7417;09/02/2023 0:00;2;500;Persona;54;17800;22600;1;4
7418;09/02/2023 0:00;2;1148;Persona;28;17800;22400;1;4
7419;09/02/2023 0:00;2;291;Persona;112;17500;19800;1;4
7420;09/02/2023 0:00;2;271;Persona;90;17400;19600;1;4
7421;09/02/2023 0:00;3;648;Persona;160;16800;21800;1;4
7422;09/02/2023 0:00;3;177;Persona;91;18300;21700;1;4
7423;09/02/2023 0:00;3;970;Persona;89;17200;20000;1;4
7424;09/02/2023 0:00;3;45;Persona;93;16800;21000;1;4
7425;09/02/2023 0:00;2;278;Empresa;105;18200;23300;2;8
7426;09/02/2023 0:00;2;823;Empresa;83;17300;19500;2;8
7427;09/02/2023 0:00;2;857;Empresa;56;17400;21200;2;8
7428;09/02/2023 0:00;2;63;Empresa;10;16300;17500;2;8
7429;09/02/2023 0:00;2;785;Persona;102;17800;21300;4;1
7430;09/02/2023 0:00;2;224;Persona;161;16600;18800;4;1
7431;09/02/2023 0:00;2;724;Persona;2;16800;20800;4;1
7432;10/02/2023 0:00;2;593;Persona;171;16800;17900;4;1
7433;10/02/2023 0:00;2;941;Persona;9;17100;18900;4;5
7434;10/02/2023 0:00;2;245;Persona;166;18200;19700;4;5
7435;10/02/2023 0:00;2;454;Persona;157;18100;22100;4;5
7436;10/02/2023 0:00;2;411;Persona;92;17500;22100;4;5
7437;10/02/2023 0:00;2;545;Empresa;176;17600;20300;3;6
7438;10/02/2023 0:00;2;18;Empresa;86;17000;19400;3;6
7439;10/02/2023 0:00;2;948;Empresa;63;17400;22600;3;6
7440;10/02/2023 0:00;2;586;Empresa;31;16500;21000;3;6
7441;10/02/2023 0:00;1;496;Persona;120;17600;22300;4;10
7442;10/02/2023 0:00;1;1115;Persona;148;17000;19100;4;10
7443;11/02/2023 0:00;1;190;Persona;126;18100;19600;4;10
7444;11/02/2023 0:00;1;645;Persona;43;18400;19400;4;10
7445;11/02/2023 0:00;1;1059;Persona;75;17000;17900;4;7
7446;11/02/2023 0:00;1;593;Persona;55;17800;20900;4;7
7447;11/02/2023 0:00;1;560;Persona;27;17400;21700;4;7
7448;11/02/2023 0:00;2;610;Empresa;35;18000;22800;4;1
7449;11/02/2023 0:00;2;925;Empresa;120;17600;19400;4;1
7450;11/02/2023 0:00;2;70;Empresa;150;17600;22700;4;1
7451;11/02/2023 0:00;2;600;Empresa;160;16800;20500;4;1
7452;11/02/2023 0:00;3;699;Persona;21;18000;22000;4;7
7453;11/02/2023 0:00;3;209;Persona;40;17000;21200;4;7
7454;11/02/2023 0:00;3;644;Persona;164;16800;19800;4;7
7455;11/02/2023 0:00;3;1144;Persona;114;17800;22100;4;7
7456;11/02/2023 0:00;3;243;Persona;94;17500;20100;4;12
7457;11/02/2023 0:00;3;817;Persona;96;17200;18400;4;12
7458;11/02/2023 0:00;3;400;Persona;98;18000;20500;4;12
7459;11/02/2023 0:00;3;353;Persona;6;17100;19100;4;12
7460;11/02/2023 0:00;3;269;Persona;2;16800;21400;4;7
7461;11/02/2023 0:00;3;1019;Persona;161;16600;19500;4;7
7462;11/02/2023 0:00;3;1055;Persona;44;17900;22100;4;7
7463;11/02/2023 0:00;3;393;Persona;105;18200;23400;4;7
7464;11/02/2023 0:00;4;362;Empresa;127;17900;22700;3;6
7465;11/02/2023 0:00;4;900;Empresa;136;17600;18900;3;6
7466;11/02/2023 0:00;4;259;Empresa;13;17300;20800;3;6
7467;11/02/2023 0:00;4;515;Empresa;21;18000;18900;3;6
7468;11/02/2023 0:00;4;954;Persona;9;17100;20300;4;2
7469;11/02/2023 0:00;4;1077;Persona;96;17200;18800;4;2
7470;11/02/2023 0:00;4;1037;Persona;111;17500;19000;4;2
7471;11/02/2023 0:00;2;1124;Persona;120;17600;21000;2;11
7472;11/02/2023 0:00;2;257;Persona;157;18100;21500;2;11
7473;11/02/2023 0:00;2;828;Persona;12;17400;18800;2;11
7474;11/02/2023 0:00;2;387;Persona;149;17600;21800;2;11
7475;11/02/2023 0:00;1;1136;Persona;59;18100;20800;1;9
7476;11/02/2023 0:00;1;365;Persona;106;17600;19100;1;9
7477;11/02/2023 0:00;1;818;Persona;144;17200;20300;1;9
7478;11/02/2023 0:00;1;820;Persona;62;17100;20900;1;9
7479;12/02/2023 0:00;1;534;Persona;25;17500;18500;4;10
7480;12/02/2023 0:00;1;377;Persona;125;17300;21100;4;10
7481;12/02/2023 0:00;1;1109;Persona;178;17400;21200;4;10
7482;12/02/2023 0:00;1;1135;Persona;73;17100;20800;4;10
7483;12/02/2023 0:00;1;867;Persona;4;17700;18900;4;7
7484;12/02/2023 0:00;1;410;Persona;104;17400;22600;4;7
7485;12/02/2023 0:00;1;1119;Persona;82;17700;21900;4;7
7486;12/02/2023 0:00;1;1167;Persona;85;17600;20300;4;7
7487;12/02/2023 0:00;3;376;Persona;81;17400;22000;4;7
7488;12/02/2023 0:00;3;13;Persona;87;18000;21300;4;7
7489;12/02/2023 0:00;3;322;Persona;32;17800;22600;4;7
7490;12/02/2023 0:00;3;671;Persona;115;18400;22800;4;7
7491;12/02/2023 0:00;3;835;Persona;87;18000;22500;2;11
7492;12/02/2023 0:00;3;870;Persona;126;18100;23100;2;11
7493;12/02/2023 0:00;3;561;Persona;62;17100;22000;2;11
7494;12/02/2023 0:00;3;673;Persona;62;17100;20600;2;11
7495;12/02/2023 0:00;2;655;Persona;20;17600;21100;2;8
7496;12/02/2023 0:00;2;44;Persona;129;17800;22100;2;8
7497;13/02/2023 0:00;2;532;Persona;154;17300;22000;2;8
7498;13/02/2023 0:00;2;850;Persona;154;17300;19200;2;8
7499;13/02/2023 0:00;1;412;Persona;172;17700;19600;2;11
7500;13/02/2023 0:00;1;473;Persona;28;17800;21000;2;11
7501;13/02/2023 0:00;1;1035;Persona;121;17100;20900;2;11
7502;13/02/2023 0:00;1;302;Persona;67;17700;22700;2;11
7503;13/02/2023 0:00;3;903;Persona;67;17700;22600;4;12
7504;13/02/2023 0:00;3;879;Persona;2;16800;18600;4;12
7505;13/02/2023 0:00;3;1089;Persona;72;17800;21400;4;12
7506;13/02/2023 0:00;3;733;Persona;64;17200;18500;4;12
7507;13/02/2023 0:00;4;1006;Persona;98;18000;20900;4;12
7508;13/02/2023 0:00;4;522;Persona;40;17000;20900;4;12
7509;13/02/2023 0:00;4;113;Persona;134;18000;19400;4;12
7510;13/02/2023 0:00;2;572;Persona;71;17800;19500;2;8
7511;13/02/2023 0:00;2;1100;Persona;35;18000;19700;2;8
7512;13/02/2023 0:00;2;145;Persona;73;17100;21400;2;8
7513;14/02/2023 0:00;2;531;Persona;144;17200;20200;2;8
7514;14/02/2023 0:00;2;300;Persona;32;17800;22100;1;9
7515;14/02/2023 0:00;2;150;Persona;127;17900;18900;1;9
7516;14/02/2023 0:00;2;774;Persona;80;17400;21500;1;9
7517;14/02/2023 0:00;2;386;Persona;139;17100;18900;1;9
7518;14/02/2023 0:00;3;43;Persona;7;17800;22800;3;6
7519;14/02/2023 0:00;3;59;Persona;64;17200;22000;3;6
7520;14/02/2023 0:00;3;811;Persona;163;17800;19900;3;6
7521;14/02/2023 0:00;3;976;Persona;76;17700;21500;3;6
7522;14/02/2023 0:00;3;1096;Persona;115;18400;21000;4;12
7523;14/02/2023 0:00;3;117;Persona;150;17600;20900;4;12
7524;14/02/2023 0:00;3;344;Persona;121;17100;18900;4;12
7525;14/02/2023 0:00;3;9;Persona;13;17300;22400;4;12
7526;14/02/2023 0:00;4;946;Persona;118;18000;21100;3;6
7527;14/02/2023 0:00;4;414;Persona;145;17400;20100;3;6
7528;14/02/2023 0:00;4;660;Persona;68;17300;20900;3;6
7529;14/02/2023 0:00;4;165;Persona;40;17000;20600;3;6
7530;15/02/2023 0:00;1;751;Empresa;62;17100;18100;4;10
7531;15/02/2023 0:00;1;824;Empresa;117;16800;20400;4;10
7532;15/02/2023 0:00;1;612;Empresa;130;17900;22200;4;10
7533;15/02/2023 0:00;1;972;Empresa;74;18100;21100;4;10
7534;15/02/2023 0:00;1;185;Persona;177;16600;19700;3;6
7535;15/02/2023 0:00;1;844;Persona;105;18200;20900;3;6
7536;15/02/2023 0:00;1;235;Persona;24;17200;22000;3;6
7537;15/02/2023 0:00;1;754;Persona;87;18000;19600;3;6
7538;15/02/2023 0:00;3;395;Persona;119;17300;21800;2;11
7539;15/02/2023 0:00;3;469;Persona;168;17500;18700;2;11
7540;15/02/2023 0:00;3;637;Persona;36;17600;20600;2;11
7541;15/02/2023 0:00;3;1049;Persona;18;17500;20100;2;11
7542;15/02/2023 0:00;3;218;Persona;116;17700;21300;4;5
7543;15/02/2023 0:00;3;563;Persona;90;17400;19500;4;5
7544;15/02/2023 0:00;3;938;Persona;105;18200;19600;4;5
7545;15/02/2023 0:00;3;500;Persona;89;17200;20100;4;5
7546;15/02/2023 0:00;3;561;Persona;40;17000;19700;1;9
7547;15/02/2023 0:00;3;767;Persona;38;18100;21400;1;9
7548;15/02/2023 0:00;3;1006;Persona;156;17200;18700;1;9
7549;15/02/2023 0:00;3;835;Persona;73;17100;19900;1;9
7550;15/02/2023 0:00;2;291;Empresa;148;17000;18100;4;5
7551;15/02/2023 0:00;2;835;Empresa;130;17900;19200;4;5
7552;15/02/2023 0:00;2;301;Empresa;148;17000;19100;4;5
7553;15/02/2023 0:00;2;949;Empresa;110;17200;20600;4;5
7554;15/02/2023 0:00;1;854;Persona;40;17000;18700;3;6
7555;15/02/2023 0:00;1;301;Persona;97;17500;20100;3;6
7556;15/02/2023 0:00;1;1084;Persona;97;17500;18900;3;6
7557;15/02/2023 0:00;1;19;Persona;29;17700;20400;3;6
7558;15/02/2023 0:00;1;495;Persona;22;18000;20800;4;7
7559;15/02/2023 0:00;1;159;Persona;90;17400;22000;4;7
7560;15/02/2023 0:00;1;483;Persona;96;17200;21300;4;7
7561;16/02/2023 0:00;1;580;Persona;14;16800;20100;4;7
7562;16/02/2023 0:00;4;974;Persona;143;17700;19500;4;5
7563;16/02/2023 0:00;4;723;Persona;160;16800;17600;4;5
7564;16/02/2023 0:00;4;189;Persona;131;17000;20400;4;5
7565;16/02/2023 0:00;4;52;Persona;79;17700;22900;4;5
7566;16/02/2023 0:00;2;312;Persona;34;17500;20800;1;4
7567;16/02/2023 0:00;2;313;Persona;59;18100;20700;1;4
7568;16/02/2023 0:00;2;189;Persona;9;17100;20000;1;4
7569;16/02/2023 0:00;2;758;Persona;112;17500;20500;1;4
7570;16/02/2023 0:00;2;955;Persona;169;18000;20100;4;1
7571;16/02/2023 0:00;2;1128;Persona;123;18200;22300;4;1
7572;16/02/2023 0:00;2;1133;Persona;38;18100;20700;4;1
7573;16/02/2023 0:00;2;661;Persona;80;17400;22000;4;1
7574;16/02/2023 0:00;2;1127;Persona;162;18500;20300;4;2
7575;16/02/2023 0:00;2;331;Persona;132;17200;20800;4;2
7576;16/02/2023 0:00;2;190;Persona;118;18000;22300;4;2
7577;16/02/2023 0:00;2;268;Persona;37;17600;22500;4;2
7578;16/02/2023 0:00;1;252;Persona;49;17300;20500;2;8
7579;16/02/2023 0:00;1;550;Persona;44;17900;20600;2;8
7580;16/02/2023 0:00;1;251;Persona;117;16800;18700;2;8
7581;17/02/2023 0:00;1;409;Persona;43;18400;23400;2;8
7582;17/02/2023 0:00;1;464;Persona;111;17500;19700;4;1
7583;17/02/2023 0:00;1;65;Persona;116;17700;19600;4;1
7584;17/02/2023 0:00;1;248;Persona;58;17600;20600;4;1
7585;17/02/2023 0:00;1;190;Persona;102;17800;18900;4;1
7586;17/02/2023 0:00;4;365;Persona;75;17000;17900;4;10
7587;17/02/2023 0:00;4;573;Persona;144;17200;19800;4;10
7588;17/02/2023 0:00;4;824;Persona;64;17200;18200;4;10
7589;18/02/2023 0:00;4;442;Persona;66;18400;22100;4;10
7590;18/02/2023 0:00;3;409;Empresa;20;17600;19100;2;8
7591;18/02/2023 0:00;3;1124;Empresa;28;17800;21500;2;8
7592;18/02/2023 0:00;3;269;Empresa;108;18300;19500;2;8
7593;18/02/2023 0:00;3;1068;Empresa;95;17700;20300;2;8
7594;18/02/2023 0:00;2;1098;Persona;61;17600;22800;4;1
7595;18/02/2023 0:00;2;885;Persona;98;18000;18900;4;1
7596;18/02/2023 0:00;2;837;Persona;88;17000;18700;4;1
7597;18/02/2023 0:00;2;711;Persona;39;17200;21600;4;1
7598;18/02/2023 0:00;2;785;Persona;38;18100;19400;3;6
7599;18/02/2023 0:00;2;780;Persona;107;17300;18300;3;6
7600;18/02/2023 0:00;2;348;Persona;16;17800;18900;3;6
7601;18/02/2023 0:00;2;192;Persona;34;17500;22500;3;6
7602;18/02/2023 0:00;2;517;Empresa;147;17300;19800;4;1
7603;18/02/2023 0:00;2;1032;Empresa;119;17300;21500;4;1
7604;18/02/2023 0:00;2;267;Empresa;94;17500;21000;4;1
7605;19/02/2023 0:00;2;405;Empresa;84;18500;22500;4;1
7606;19/02/2023 0:00;3;905;Persona;128;17500;21100;1;4
7607;19/02/2023 0:00;3;152;Persona;113;18000;22600;1;4
7608;19/02/2023 0:00;3;606;Persona;18;17500;22700;1;4
7609;19/02/2023 0:00;3;873;Persona;72;17800;21300;1;4
7610;19/02/2023 0:00;2;438;Persona;10;16300;20900;3;6
7611;19/02/2023 0:00;2;243;Persona;52;17800;22900;3;6
7612;19/02/2023 0:00;2;921;Persona;71;17800;20300;3;6
7613;19/02/2023 0:00;2;1067;Persona;59;18100;19400;4;3
7614;19/02/2023 0:00;2;222;Persona;108;18300;21200;4;3
7615;19/02/2023 0:00;2;1179;Persona;98;18000;20500;4;3
7616;19/02/2023 0:00;2;15;Persona;136;17600;21600;4;3
7617;19/02/2023 0:00;4;987;Persona;167;18200;22400;4;12
7618;19/02/2023 0:00;4;63;Persona;111;17500;21500;4;12
7619;19/02/2023 0:00;4;732;Persona;37;17600;19900;4;12
7620;19/02/2023 0:00;4;864;Persona;139;17100;20800;4;12
7621;19/02/2023 0:00;3;31;Empresa;140;17300;19300;3;6
7622;19/02/2023 0:00;3;685;Empresa;119;17300;21200;4;12
7623;19/02/2023 0:00;3;519;Empresa;58;17600;19300;3;6
7624;19/02/2023 0:00;3;74;Empresa;116;17700;18700;4;12
7625;20/02/2023 0:00;3;774;Empresa;78;17200;19600;3;6
7626;20/02/2023 0:00;3;287;Empresa;37;17600;19800;4;12
7627;20/02/2023 0:00;3;31;Empresa;109;17700;21500;3;6
7628;20/02/2023 0:00;3;852;Empresa;77;17300;20100;4;12
7629;20/02/2023 0:00;3;215;Empresa;129;17800;20600;2;11
7630;20/02/2023 0:00;3;461;Empresa;11;17300;20300;2;11
7631;20/02/2023 0:00;3;274;Empresa;30;17400;20500;2;11
7632;20/02/2023 0:00;3;83;Empresa;164;16800;18200;2;11
7633;20/02/2023 0:00;2;1106;Persona;158;17400;18400;1;9
7634;20/02/2023 0:00;2;98;Persona;64;17200;19800;1;9
7635;20/02/2023 0:00;2;905;Persona;136;17600;19900;1;9
7636;20/02/2023 0:00;4;1115;Persona;75;17000;19200;4;2
7637;20/02/2023 0:00;4;251;Persona;80;17400;19000;4;2
7638;20/02/2023 0:00;4;40;Persona;155;18000;20200;4;2
7639;20/02/2023 0:00;4;125;Persona;4;17700;20400;4;2
7640;20/02/2023 0:00;1;249;Persona;55;17800;20600;1;4
7641;20/02/2023 0:00;1;536;Persona;116;17700;21000;1;4
7642;20/02/2023 0:00;1;440;Persona;35;18000;18900;1;4
7643;20/02/2023 0:00;1;932;Persona;1;16800;18200;1;4
7644;20/02/2023 0:00;1;174;Persona;161;16600;21100;2;11
7645;20/02/2023 0:00;1;663;Persona;16;17800;20100;2;11
7646;20/02/2023 0:00;1;909;Persona;109;17700;19100;2;11
7647;20/02/2023 0:00;1;476;Persona;166;18200;20000;2;11
7648;20/02/2023 0:00;4;585;Empresa;87;18000;21300;4;10
7649;20/02/2023 0:00;4;102;Empresa;106;17600;19600;4;10
7650;20/02/2023 0:00;4;894;Empresa;36;17600;22500;4;10
7651;20/02/2023 0:00;3;945;Persona;90;17400;21000;4;10
7652;21/02/2023 0:00;3;956;Persona;108;18300;20400;4;10
7653;21/02/2023 0:00;3;574;Persona;110;17200;18600;4;10
7654;21/02/2023 0:00;3;691;Persona;137;17800;21500;4;10
7655;21/02/2023 0:00;3;827;Persona;2;16800;19600;4;7
7656;21/02/2023 0:00;3;719;Persona;175;17800;19300;4;7
7657;21/02/2023 0:00;3;180;Persona;161;16600;20800;4;7
7658;21/02/2023 0:00;3;481;Persona;91;18300;21700;4;7
7659;21/02/2023 0:00;4;731;Persona;131;17000;19400;4;7
7660;22/02/2023 0:00;4;88;Persona;32;17800;21000;4;7
7661;22/02/2023 0:00;4;1075;Persona;37;17600;21100;4;7
7662;22/02/2023 0:00;4;847;Persona;169;18000;21900;4;7
7663;22/02/2023 0:00;4;833;Persona;90;17400;20500;4;7
7664;22/02/2023 0:00;4;111;Persona;43;18400;20000;4;7
7665;22/02/2023 0:00;4;157;Persona;1;16800;17700;4;7
7666;22/02/2023 0:00;4;305;Persona;162;18500;21800;4;7
7667;22/02/2023 0:00;3;1091;Persona;28;17800;23100;3;6
7668;22/02/2023 0:00;3;836;Persona;121;17100;20100;3;6
7669;22/02/2023 0:00;3;1139;Persona;163;17800;21100;3;6
7670;22/02/2023 0:00;3;416;Persona;62;17100;21400;3;6
7671;22/02/2023 0:00;1;788;Persona;100;18100;19500;4;3
7672;22/02/2023 0:00;1;35;Persona;41;17600;22300;4;3
7673;22/02/2023 0:00;1;1071;Persona;66;18400;22400;4;3
7674;22/02/2023 0:00;1;69;Persona;119;17300;21500;4;3
7675;22/02/2023 0:00;1;17;Empresa;128;17500;18300;4;7
7676;22/02/2023 0:00;1;891;Empresa;140;17300;22300;4;7
7677;22/02/2023 0:00;1;1092;Empresa;131;17000;17900;4;7
7678;22/02/2023 0:00;1;965;Empresa;63;17400;18300;4;7
7679;22/02/2023 0:00;1;86;Persona;102;17800;19900;4;3
7680;22/02/2023 0:00;1;492;Persona;110;17200;21800;4;3
7681;22/02/2023 0:00;1;775;Persona;80;17400;21800;4;3
7682;22/02/2023 0:00;1;1124;Persona;97;17500;19200;4;3
7683;22/02/2023 0:00;4;911;Persona;136;17600;19700;3;6
7684;22/02/2023 0:00;4;397;Persona;136;17600;18600;3;6
7685;22/02/2023 0:00;4;1036;Persona;163;17800;19300;3;6
7686;22/02/2023 0:00;4;252;Persona;113;18000;21100;3;6
7687;22/02/2023 0:00;2;523;Persona;88;17000;20400;4;5
7688;22/02/2023 0:00;2;463;Persona;108;18300;20200;4;5
7689;22/02/2023 0:00;2;432;Persona;150;17600;19200;4;5
7690;22/02/2023 0:00;2;1061;Persona;53;16800;20700;4;5
7691;23/02/2023 0:00;2;558;Persona;142;17200;18200;4;7
7692;23/02/2023 0:00;2;929;Persona;72;17800;20700;4;7
7693;23/02/2023 0:00;2;14;Persona;114;17800;20900;4;7
7694;23/02/2023 0:00;1;558;Persona;8;18300;21800;4;1
7695;23/02/2023 0:00;1;396;Persona;26;17200;21900;4;1
7696;23/02/2023 0:00;1;41;Persona;24;17200;19700;4;1
7697;23/02/2023 0:00;1;926;Persona;26;17200;22200;4;1
7698;23/02/2023 0:00;4;544;Persona;150;17600;19900;4;1
7699;23/02/2023 0:00;4;317;Persona;132;17200;21500;4;1
7700;23/02/2023 0:00;4;459;Persona;54;17800;20200;4;1
7701;23/02/2023 0:00;4;368;Persona;105;18200;19100;4;1
7702;23/02/2023 0:00;1;1077;Persona;8;18300;19400;3;6
7703;23/02/2023 0:00;1;1118;Persona;85;17600;21800;3;6
7704;23/02/2023 0:00;1;844;Persona;113;18000;19900;3;6
7705;23/02/2023 0:00;1;509;Persona;80;17400;20600;3;6
7706;23/02/2023 0:00;1;1055;Persona;44;17900;20600;3;6
7707;23/02/2023 0:00;1;601;Persona;74;18100;21600;3;6
7708;23/02/2023 0:00;1;373;Persona;35;18000;20200;3;6
7709;23/02/2023 0:00;1;718;Persona;68;17300;22100;3;6
7710;23/02/2023 0:00;3;1051;Empresa;149;17600;20900;2;8
7711;23/02/2023 0:00;3;364;Empresa;33;17100;19800;2;8
7712;23/02/2023 0:00;3;344;Empresa;133;17500;21800;2;8
7713;23/02/2023 0:00;3;123;Empresa;152;16600;19200;2;8
7714;23/02/2023 0:00;2;409;Persona;9;17100;21800;4;12
7715;23/02/2023 0:00;2;817;Persona;43;18400;23000;4;12
7716;23/02/2023 0:00;2;496;Persona;26;17200;18900;4;12
7717;23/02/2023 0:00;2;233;Persona;3;17000;18300;4;12
7718;23/02/2023 0:00;1;273;Empresa;93;16800;21800;4;7
7719;23/02/2023 0:00;1;1029;Empresa;147;17300;18500;4;7
7720;23/02/2023 0:00;1;297;Empresa;20;17600;22000;4;7
7721;23/02/2023 0:00;1;746;Empresa;8;18300;22600;4;7
7722;24/02/2023 0:00;4;666;Persona;17;18100;20600;4;2
7723;24/02/2023 0:00;4;177;Persona;80;17400;21100;4;2
7724;24/02/2023 0:00;4;557;Persona;84;18500;21300;4;2
7725;24/02/2023 0:00;4;1123;Persona;146;17100;21100;4;2
7726;24/02/2023 0:00;2;179;Persona;139;17100;18900;4;10
7727;24/02/2023 0:00;2;404;Persona;35;18000;22600;4;10
7728;24/02/2023 0:00;2;848;Persona;146;17100;20000;4;2
7729;24/02/2023 0:00;2;271;Persona;83;17300;20900;4;2
7730;25/02/2023 0:00;2;79;Persona;146;17100;21800;4;2
7731;25/02/2023 0:00;2;464;Persona;111;17500;18900;4;2
7732;25/02/2023 0:00;2;506;Persona;117;16800;20100;4;12
7733;25/02/2023 0:00;2;669;Persona;135;17800;21300;4;12
7734;25/02/2023 0:00;2;1177;Persona;148;17000;20000;4;12
7735;25/02/2023 0:00;2;677;Persona;107;17300;18700;4;12
7736;25/02/2023 0:00;2;22;Persona;37;17600;22100;1;4
7737;25/02/2023 0:00;2;767;Persona;45;17500;18700;1;4
7738;25/02/2023 0:00;2;14;Persona;63;17400;22100;1;4
7739;25/02/2023 0:00;2;298;Persona;102;17800;19500;4;2
7740;25/02/2023 0:00;2;545;Persona;92;17500;19600;4;2
7741;25/02/2023 0:00;2;954;Persona;45;17500;19300;4;2
7742;25/02/2023 0:00;2;237;Persona;154;17300;20700;4;2
7743;25/02/2023 0:00;2;576;Persona;160;16800;17600;4;1
7744;25/02/2023 0:00;2;688;Persona;91;18300;22900;4;1
7745;25/02/2023 0:00;2;717;Persona;66;18400;21700;4;1
7746;25/02/2023 0:00;2;160;Persona;40;17000;20500;4;1
7747;25/02/2023 0:00;2;77;Persona;58;17600;20900;4;7
7748;25/02/2023 0:00;2;264;Persona;132;17200;22000;4;7
7749;25/02/2023 0:00;2;165;Persona;37;17600;22500;4;7
7750;25/02/2023 0:00;2;273;Persona;30;17400;21200;4;7
7751;25/02/2023 0:00;4;663;Persona;73;17100;19000;4;1
7752;26/02/2023 0:00;4;396;Persona;63;17400;21000;4;1
7753;26/02/2023 0:00;4;877;Persona;132;17200;18600;4;1
7754;26/02/2023 0:00;4;594;Persona;84;18500;21300;4;1
7755;26/02/2023 0:00;1;517;Persona;153;17200;20600;2;11
7756;26/02/2023 0:00;1;223;Persona;15;17200;18500;2;11
7757;26/02/2023 0:00;1;64;Persona;53;16800;18900;2;11
7758;26/02/2023 0:00;1;444;Persona;126;18100;19300;2;11
7759;26/02/2023 0:00;4;33;Persona;96;17200;21600;1;9
7760;26/02/2023 0:00;4;277;Persona;38;18100;19700;1;9
7761;26/02/2023 0:00;4;646;Persona;153;17200;18000;1;9
7762;26/02/2023 0:00;4;270;Persona;66;18400;21300;1;9
7763;26/02/2023 0:00;3;862;Persona;60;17300;18600;2;11
7764;26/02/2023 0:00;3;986;Persona;154;17300;20300;2;11
7765;26/02/2023 0:00;3;1179;Persona;142;17200;18100;2;11
7766;26/02/2023 0:00;3;95;Persona;44;17900;21500;2;11
7767;26/02/2023 0:00;2;416;Persona;96;17200;22100;4;2
7768;26/02/2023 0:00;2;214;Persona;87;18000;19700;4;2
7769;26/02/2023 0:00;2;715;Persona;63;17400;21700;4;2
7770;26/02/2023 0:00;2;410;Persona;163;17800;22400;4;2
7771;26/02/2023 0:00;1;406;Persona;136;17600;22400;2;8
7772;26/02/2023 0:00;1;882;Persona;71;17800;19400;2;8
7773;26/02/2023 0:00;1;392;Persona;117;16800;18300;2;8
7774;26/02/2023 0:00;1;617;Persona;103;18000;19800;2;8
7775;26/02/2023 0:00;3;1078;Empresa;122;17000;21700;4;1
7776;26/02/2023 0:00;3;93;Empresa;52;17800;20300;4;1
7777;26/02/2023 0:00;3;925;Empresa;56;17400;21400;4;1
7778;27/02/2023 0:00;3;806;Empresa;162;18500;22300;4;1
7779;27/02/2023 0:00;2;649;Persona;64;17200;21500;3;6
7780;27/02/2023 0:00;2;993;Persona;166;18200;20300;3;6
7781;27/02/2023 0:00;2;1148;Persona;145;17400;19000;3;6
7782;27/02/2023 0:00;2;159;Persona;25;17500;18900;3;6
7783;27/02/2023 0:00;2;975;Persona;150;17600;20800;1;4
7784;27/02/2023 0:00;2;61;Persona;164;16800;21300;1;4
7785;27/02/2023 0:00;2;839;Persona;52;17800;19800;1;4
7786;27/02/2023 0:00;2;354;Persona;89;17200;18800;1;4
7787;27/02/2023 0:00;4;687;Empresa;127;17900;20200;1;4
7788;27/02/2023 0:00;4;181;Empresa;75;17000;21300;1;4
7789;28/02/2023 0:00;4;612;Empresa;98;18000;19200;1;4
7790;28/02/2023 0:00;4;341;Empresa;171;16800;21400;1;4
7791;28/02/2023 0:00;3;703;Empresa;60;17300;19200;4;3
7792;28/02/2023 0:00;3;869;Empresa;87;18000;19100;4;3
7793;28/02/2023 0:00;3;98;Empresa;123;18200;19700;4;3
7794;28/02/2023 0:00;3;492;Empresa;63;17400;20300;4;3
7795;28/02/2023 0:00;4;600;Persona;2;16800;17900;3;6
7796;28/02/2023 0:00;4;30;Persona;63;17400;19900;3;6
7797;28/02/2023 0:00;4;560;Persona;116;17700;19200;3;6
7798;28/02/2023 0:00;4;415;Persona;99;17500;20800;3;6
7799;28/02/2023 0:00;2;569;Persona;165;16900;21700;4;3
7800;28/02/2023 0:00;2;773;Persona;134;18000;20000;4;3
7801;28/02/2023 0:00;2;366;Persona;43;18400;19900;4;3
7802;28/02/2023 0:00;2;1109;Persona;115;18400;22200;4;3
7803;28/02/2023 0:00;3;298;Persona;110;17200;19800;4;10
7804;01/03/2023 0:00;3;357;Persona;162;18500;23600;4;10
7805;01/03/2023 0:00;3;875;Persona;157;18100;19400;4;10
7806;01/03/2023 0:00;3;1069;Persona;14;16800;21600;4;10
7807;01/03/2023 0:00;2;625;Persona;125;17300;20200;1;9
7808;01/03/2023 0:00;2;671;Persona;154;17300;18900;1;9
7809;01/03/2023 0:00;2;1174;Persona;116;17700;22800;1;9
7810;01/03/2023 0:00;2;385;Persona;34;17500;22400;1;9
7811;01/03/2023 0:00;2;976;Persona;121;17100;18600;1;4
7812;01/03/2023 0:00;2;853;Persona;164;16800;18300;1;4
7813;01/03/2023 0:00;2;929;Persona;176;17600;21700;1;4
7814;01/03/2023 0:00;2;273;Persona;75;17000;21400;1;4
7815;01/03/2023 0:00;4;802;Persona;45;17500;20900;4;10
7816;01/03/2023 0:00;4;324;Persona;52;17800;22800;4;10
7817;01/03/2023 0:00;4;296;Persona;4;17700;22400;4;10
7818;01/03/2023 0:00;4;953;Persona;24;17200;20800;4;10
7819;01/03/2023 0:00;2;196;Persona;52;17800;22700;1;4
7820;02/03/2023 0:00;2;1174;Persona;146;17100;21700;1;4
7821;02/03/2023 0:00;2;641;Persona;145;17400;19100;1;4
7822;02/03/2023 0:00;2;511;Persona;124;17500;21100;1;4
7823;02/03/2023 0:00;2;93;Persona;136;17600;21900;4;2
7824;02/03/2023 0:00;2;1041;Persona;179;17500;19600;4;2
7825;02/03/2023 0:00;2;496;Persona;143;17700;21900;4;2
7826;02/03/2023 0:00;2;979;Persona;76;17700;20800;4;2
7827;02/03/2023 0:00;2;1050;Persona;8;18300;21300;4;1
7828;02/03/2023 0:00;2;722;Persona;157;18100;19300;4;1
7829;02/03/2023 0:00;2;523;Persona;163;17800;19100;4;1
7830;02/03/2023 0:00;1;896;Empresa;72;17800;22300;1;4
7831;02/03/2023 0:00;1;445;Empresa;69;17800;19400;1;4
7832;02/03/2023 0:00;1;249;Empresa;73;17100;20200;1;4
7833;02/03/2023 0:00;1;121;Empresa;45;17500;20000;1;4
7834;02/03/2023 0:00;1;780;Persona;48;17100;20600;3;6
7835;02/03/2023 0:00;1;703;Persona;107;17300;21200;3;6
7836;02/03/2023 0:00;1;749;Persona;7;17800;23000;3;6
7837;02/03/2023 0:00;1;606;Persona;110;17200;21500;2;11
7838;02/03/2023 0:00;1;7;Persona;25;17500;21900;2;11
7839;02/03/2023 0:00;1;1082;Persona;42;17600;21000;2;11
7840;02/03/2023 0:00;1;210;Persona;128;17500;20000;2;11
7841;02/03/2023 0:00;1;593;Persona;103;18000;21600;4;12
7842;02/03/2023 0:00;1;633;Persona;109;17700;19800;4;12
7843;02/03/2023 0:00;1;515;Persona;24;17200;22000;4;12
7844;02/03/2023 0:00;1;841;Persona;40;17000;18200;4;12
7845;02/03/2023 0:00;4;97;Persona;39;17200;19000;1;9
7846;02/03/2023 0:00;4;379;Persona;170;17400;21800;1;9
7847;02/03/2023 0:00;4;865;Persona;161;16600;19900;1;9
7848;02/03/2023 0:00;4;644;Persona;53;16800;18500;1;9
7849;02/03/2023 0:00;3;17;Persona;138;17400;20800;4;3
7850;02/03/2023 0:00;3;811;Persona;158;17400;21200;4;3
7851;02/03/2023 0:00;3;738;Persona;159;17400;18600;4;3
7852;02/03/2023 0:00;3;1152;Persona;161;16600;17800;4;3
7853;02/03/2023 0:00;3;336;Persona;61;17600;18500;4;10
7854;02/03/2023 0:00;3;222;Persona;99;17500;18400;4;10
7855;03/03/2023 0:00;3;95;Persona;48;17100;19000;4;10
7856;03/03/2023 0:00;3;995;Persona;76;17700;21300;4;10
7857;03/03/2023 0:00;3;744;Persona;169;18000;21200;4;7
7858;03/03/2023 0:00;3;668;Persona;84;18500;23300;4;7
7859;03/03/2023 0:00;3;938;Persona;54;17800;22900;4;7
7860;03/03/2023 0:00;3;208;Persona;62;17100;19200;4;7
7861;03/03/2023 0:00;2;942;Persona;51;17500;20000;4;12
7862;03/03/2023 0:00;2;1003;Persona;153;17200;19800;4;12
7863;03/03/2023 0:00;2;952;Persona;57;17700;19000;4;12
7864;03/03/2023 0:00;2;548;Persona;173;17500;22000;4;12
7865;03/03/2023 0:00;4;1076;Persona;93;16800;19300;4;12
7866;03/03/2023 0:00;4;30;Persona;175;17800;20900;4;12
7867;03/03/2023 0:00;4;846;Persona;3;17000;17900;4;12
7868;03/03/2023 0:00;4;1065;Persona;141;18800;22200;4;12
7869;04/03/2023 0:00;1;438;Persona;122;17000;18000;4;10
7870;04/03/2023 0:00;1;512;Persona;117;16800;17700;4;10
7871;04/03/2023 0:00;1;1153;Persona;8;18300;22500;4;10
7872;04/03/2023 0:00;1;509;Persona;147;17300;19800;4;10
7873;04/03/2023 0:00;1;144;Persona;89;17200;18700;1;4
7874;04/03/2023 0:00;1;1001;Persona;127;17900;21400;1;4
7875;04/03/2023 0:00;1;579;Persona;32;17800;20000;1;4
7876;04/03/2023 0:00;1;572;Persona;140;17300;21600;1;4
7877;04/03/2023 0:00;2;659;Persona;177;16600;19400;1;9
7878;04/03/2023 0:00;2;522;Persona;128;17500;20100;1;9
7879;04/03/2023 0:00;2;635;Persona;60;17300;18400;1;9
7880;04/03/2023 0:00;2;32;Persona;37;17600;22700;1;9
7881;04/03/2023 0:00;2;1046;Empresa;145;17400;22300;4;2
7882;04/03/2023 0:00;2;305;Empresa;121;17100;20000;4;2
7883;04/03/2023 0:00;2;808;Empresa;16;17800;22600;4;2
7884;04/03/2023 0:00;2;817;Empresa;155;18000;22700;4;2
7885;04/03/2023 0:00;4;1143;Persona;65;17100;18100;4;3
7886;04/03/2023 0:00;4;667;Persona;9;17100;18300;4;3
7887;04/03/2023 0:00;4;1074;Persona;63;17400;20900;4;3
7888;04/03/2023 0:00;2;772;Persona;74;18100;23200;1;4
7889;04/03/2023 0:00;2;692;Persona;82;17700;18700;1;4
7890;04/03/2023 0:00;2;729;Persona;125;17300;18200;1;4
7891;04/03/2023 0:00;2;915;Persona;146;17100;18900;1;4
7892;04/03/2023 0:00;2;750;Persona;89;17200;18200;3;6
7893;04/03/2023 0:00;2;788;Persona;50;16300;20900;3;6
7894;04/03/2023 0:00;2;933;Persona;4;17700;21000;3;6
7895;04/03/2023 0:00;2;884;Persona;148;17000;20600;3;6
7896;05/03/2023 0:00;1;1150;Empresa;142;17200;19900;4;5
7897;05/03/2023 0:00;1;204;Empresa;45;17500;22200;4;5
7898;05/03/2023 0:00;1;282;Empresa;39;17200;20700;4;5
7899;05/03/2023 0:00;1;534;Empresa;165;16900;21100;4;5
7900;05/03/2023 0:00;1;841;Persona;50;16300;19700;4;1
7901;05/03/2023 0:00;1;801;Persona;3;17000;21200;4;1
7902;05/03/2023 0:00;1;398;Persona;161;16600;18700;4;1
7903;05/03/2023 0:00;1;61;Persona;32;17800;19500;4;1
7904;05/03/2023 0:00;3;901;Persona;18;17500;21100;4;3
7905;05/03/2023 0:00;3;49;Persona;118;18000;21600;4;3
7906;05/03/2023 0:00;3;699;Persona;85;17600;19800;4;3
7907;05/03/2023 0:00;3;841;Persona;88;17000;18200;4;3
7908;05/03/2023 0:00;4;688;Persona;141;18800;19800;4;10
7909;05/03/2023 0:00;4;1043;Persona;99;17500;19800;4;10
7910;05/03/2023 0:00;4;744;Persona;25;17500;18700;4;10
7911;05/03/2023 0:00;2;849;Persona;144;17200;18300;3;6
7912;05/03/2023 0:00;2;254;Persona;63;17400;20200;3;6
7913;05/03/2023 0:00;2;1130;Persona;177;16600;19900;3;6
7914;05/03/2023 0:00;2;1006;Persona;50;16300;20100;3;6
7915;05/03/2023 0:00;3;1078;Persona;127;17900;20000;4;10
7916;05/03/2023 0:00;3;85;Persona;147;17300;19400;4;10
7917;05/03/2023 0:00;3;502;Persona;23;17100;21000;4;10
7918;05/03/2023 0:00;3;1149;Persona;113;18000;19900;4;10
7919;06/03/2023 0:00;2;222;Persona;92;17500;19300;1;9
7920;06/03/2023 0:00;2;799;Persona;64;17200;18100;1;9
7921;06/03/2023 0:00;2;528;Persona;122;17000;19400;1;9
7922;06/03/2023 0:00;2;289;Persona;49;17300;20900;1;9
7923;06/03/2023 0:00;2;799;Persona;72;17800;20800;2;8
7924;06/03/2023 0:00;2;335;Persona;154;17300;18300;2;8
7925;06/03/2023 0:00;2;550;Persona;129;17800;19600;2;8
7926;06/03/2023 0:00;2;379;Persona;150;17600;20100;2;8
7927;07/03/2023 0:00;3;295;Persona;63;17400;20900;4;10
7928;07/03/2023 0:00;3;728;Persona;40;17000;21900;4;10
7929;07/03/2023 0:00;3;134;Persona;59;18100;20800;4;10
7930;07/03/2023 0:00;3;356;Persona;64;17200;18200;4;10
7931;07/03/2023 0:00;3;1162;Persona;96;17200;21000;4;5
7932;07/03/2023 0:00;3;281;Persona;66;18400;23200;4;5
7933;07/03/2023 0:00;3;127;Persona;172;17700;22600;4;5
7934;07/03/2023 0:00;3;775;Persona;176;17600;21700;4;5
7935;07/03/2023 0:00;2;464;Empresa;50;16300;17600;4;3
7936;07/03/2023 0:00;2;482;Empresa;63;17400;21600;4;3
7937;07/03/2023 0:00;2;693;Empresa;55;17800;21400;4;3
7938;07/03/2023 0:00;2;109;Empresa;169;18000;19200;4;3
7939;07/03/2023 0:00;1;539;Persona;89;17200;18900;2;11
7940;07/03/2023 0:00;1;282;Persona;90;17400;21200;2;11
7941;07/03/2023 0:00;1;874;Persona;161;16600;19600;2;11
7942;08/03/2023 0:00;1;738;Persona;108;18300;22800;2;11
7943;08/03/2023 0:00;1;82;Persona;144;17200;19900;4;10
7944;08/03/2023 0:00;1;414;Persona;63;17400;20200;4;10
7945;08/03/2023 0:00;1;1152;Persona;169;18000;21800;4;10
7946;08/03/2023 0:00;1;58;Persona;152;16600;20700;4;10
7947;08/03/2023 0:00;1;337;Persona;148;17000;20300;1;9
7948;08/03/2023 0:00;1;618;Persona;2;16800;19900;1;9
7949;08/03/2023 0:00;1;467;Persona;76;17700;18900;1;9
7950;08/03/2023 0:00;1;83;Persona;18;17500;20200;1;9
7951;08/03/2023 0:00;4;844;Persona;156;17200;19600;2;8
7952;08/03/2023 0:00;4;845;Persona;158;17400;18400;2;8
7953;08/03/2023 0:00;4;791;Persona;51;17500;22700;2;8
7954;08/03/2023 0:00;4;89;Persona;2;16800;18200;2;8
7955;08/03/2023 0:00;3;17;Persona;164;16800;21100;4;12
7956;08/03/2023 0:00;3;646;Persona;52;17800;19200;4;12
7957;08/03/2023 0:00;3;922;Persona;167;18200;20300;4;12
7958;08/03/2023 0:00;3;2;Persona;44;17900;19000;4;12
7959;08/03/2023 0:00;2;388;Persona;98;18000;22800;4;7
7960;08/03/2023 0:00;2;241;Persona;97;17500;22100;4;7
7961;08/03/2023 0:00;2;413;Persona;155;18000;22700;4;7
7962;08/03/2023 0:00;2;932;Persona;30;17400;18600;4;7
7963;08/03/2023 0:00;4;523;Persona;167;18200;19300;1;9
7964;08/03/2023 0:00;4;1165;Persona;35;18000;22400;1;9
7965;08/03/2023 0:00;4;452;Persona;68;17300;19700;1;9
7966;08/03/2023 0:00;4;911;Persona;113;18000;22400;1;9
7967;08/03/2023 0:00;4;948;Persona;19;17000;21200;4;12
7968;08/03/2023 0:00;4;3;Persona;35;18000;19600;4;12
7969;08/03/2023 0:00;4;91;Persona;100;18100;22000;4;12
7970;08/03/2023 0:00;4;483;Persona;159;17400;18300;4;12
7971;08/03/2023 0:00;2;1081;Persona;67;17700;21000;4;7
7972;08/03/2023 0:00;2;751;Persona;87;18000;20700;4;7
7973;09/03/2023 0:00;2;349;Persona;82;17700;22200;4;7
7974;09/03/2023 0:00;2;510;Persona;84;18500;21200;4;7
7975;09/03/2023 0:00;2;304;Persona;151;17200;18700;4;2
7976;09/03/2023 0:00;2;439;Persona;95;17700;19800;4;2
7977;09/03/2023 0:00;2;361;Persona;127;17900;20000;4;2
7978;09/03/2023 0:00;2;945;Persona;130;17900;20000;4;2
7979;09/03/2023 0:00;2;1107;Persona;4;17700;18900;1;9
7980;09/03/2023 0:00;2;1102;Persona;162;18500;20900;1;9
7981;09/03/2023 0:00;2;918;Persona;171;16800;20400;1;9
7982;09/03/2023 0:00;2;186;Persona;51;17500;18600;1;9
7983;09/03/2023 0:00;2;625;Persona;44;17900;19700;2;8
7984;09/03/2023 0:00;2;23;Persona;117;16800;19200;2;8
7985;09/03/2023 0:00;2;125;Persona;36;17600;20600;2;8
7986;09/03/2023 0:00;2;388;Persona;168;17500;21600;2;8
7987;09/03/2023 0:00;2;770;Empresa;115;18400;19400;3;6
7988;09/03/2023 0:00;2;242;Empresa;131;17000;19800;3;6
7989;10/03/2023 0:00;2;100;Empresa;58;17600;18400;3;6
7990;10/03/2023 0:00;2;435;Empresa;19;17000;18500;3;6
7991;10/03/2023 0:00;2;166;Empresa;33;17100;19300;3;6
7992;10/03/2023 0:00;2;784;Empresa;168;17500;19000;3;6
7993;10/03/2023 0:00;2;208;Empresa;53;16800;19900;3;6
7994;10/03/2023 0:00;1;597;Empresa;42;17600;18700;4;1
7995;10/03/2023 0:00;1;1123;Empresa;6;17100;22100;4;1
7996;10/03/2023 0:00;1;564;Empresa;48;17100;20200;4;1
7997;10/03/2023 0:00;1;821;Empresa;127;17900;18800;4;1
7998;10/03/2023 0:00;1;234;Persona;131;17000;21200;4;12
7999;10/03/2023 0:00;1;878;Persona;26;17200;21200;4;12
8000;10/03/2023 0:00;1;371;Persona;19;17000;20000;4;12
8001;10/03/2023 0:00;1;568;Persona;112;17500;20700;4;12
8002;10/03/2023 0:00;4;1078;Persona;125;17300;19500;3;6
8003;10/03/2023 0:00;4;485;Persona;162;18500;22100;3;6
8004;11/03/2023 0:00;4;754;Persona;121;17100;20700;3;6
8005;11/03/2023 0:00;4;336;Persona;61;17600;18900;3;6
8006;11/03/2023 0:00;3;815;Persona;163;17800;21700;3;6
8007;11/03/2023 0:00;3;1100;Persona;37;17600;22000;3;6
8008;11/03/2023 0:00;3;153;Persona;63;17400;20700;3;6
8009;11/03/2023 0:00;3;769;Persona;12;17400;19900;3;6
8010;11/03/2023 0:00;3;411;Persona;2;16800;19100;4;5
8011;11/03/2023 0:00;3;1142;Persona;94;17500;19200;4;5
8012;12/03/2023 0:00;3;200;Persona;148;17000;18800;4;5
8013;12/03/2023 0:00;3;984;Persona;139;17100;21300;4;5
8014;12/03/2023 0:00;2;46;Persona;34;17500;20700;4;7
8015;12/03/2023 0:00;2;1076;Persona;32;17800;21300;4;7
8016;12/03/2023 0:00;2;868;Persona;105;18200;22000;4;7
8017;12/03/2023 0:00;2;1129;Persona;118;18000;20600;4;7
8018;12/03/2023 0:00;1;744;Persona;70;17300;19100;4;5
8019;12/03/2023 0:00;1;123;Persona;131;17000;21600;4;5
8020;12/03/2023 0:00;1;995;Persona;169;18000;22900;4;5
8021;12/03/2023 0:00;1;1030;Persona;85;17600;20500;4;5
8022;12/03/2023 0:00;2;1059;Persona;63;17400;21100;2;8
8023;12/03/2023 0:00;2;103;Persona;33;17100;19200;2;8
8024;12/03/2023 0:00;2;203;Persona;24;17200;18800;2;8
8025;12/03/2023 0:00;2;1173;Persona;16;17800;20200;2;8
8026;12/03/2023 0:00;2;980;Persona;90;17400;19500;4;2
8027;12/03/2023 0:00;2;85;Persona;93;16800;18800;4;2
8028;12/03/2023 0:00;2;992;Persona;77;17300;21000;4;2
8029;12/03/2023 0:00;2;645;Persona;106;17600;20100;4;2
8030;12/03/2023 0:00;4;1007;Persona;28;17800;22700;2;11
8031;12/03/2023 0:00;4;280;Persona;92;17500;20000;2;11
8032;12/03/2023 0:00;4;924;Persona;56;17400;19500;2;11
8033;12/03/2023 0:00;4;543;Persona;46;16700;17800;2;11
8034;12/03/2023 0:00;2;124;Persona;139;17100;20200;1;4
8035;12/03/2023 0:00;2;330;Persona;143;17700;22800;1;4
8036;12/03/2023 0:00;2;894;Persona;37;17600;19500;1;4
8037;12/03/2023 0:00;3;881;Persona;6;17100;19600;4;10
8038;12/03/2023 0:00;3;872;Persona;53;16800;21500;4;10
8039;13/03/2023 0:00;3;164;Persona;79;17700;19500;4;10
8040;13/03/2023 0:00;3;698;Persona;67;17700;20200;4;10
8041;13/03/2023 0:00;3;849;Empresa;56;17400;19800;1;4
8042;13/03/2023 0:00;3;88;Empresa;28;17800;22200;1;4
8043;13/03/2023 0:00;3;291;Empresa;21;18000;21900;1;4
8044;13/03/2023 0:00;3;418;Empresa;99;17500;19200;1;4
8045;13/03/2023 0:00;2;173;Persona;122;17000;18500;4;5
8046;13/03/2023 0:00;2;1145;Persona;39;17200;22200;4;5
8047;13/03/2023 0:00;2;757;Persona;79;17700;21100;4;5
8048;13/03/2023 0:00;2;929;Persona;118;18000;22300;4;5
8049;13/03/2023 0:00;2;200;Persona;131;17000;17900;2;11
8050;13/03/2023 0:00;2;767;Persona;71;17800;19100;2;11
8051;13/03/2023 0:00;2;600;Persona;75;17000;18500;2;11
8052;13/03/2023 0:00;2;314;Persona;12;17400;21400;4;7
8053;13/03/2023 0:00;2;685;Persona;66;18400;21900;4;7
8054;13/03/2023 0:00;2;1164;Persona;21;18000;22100;4;7
8055;14/03/2023 0:00;2;849;Persona;16;17800;19200;4;7
8056;14/03/2023 0:00;2;157;Persona;176;17600;21500;1;4
8057;14/03/2023 0:00;2;196;Persona;79;17700;19600;1;4
8058;14/03/2023 0:00;2;267;Persona;20;17600;21200;1;4
8059;14/03/2023 0:00;2;886;Persona;112;17500;20100;1;4
8060;14/03/2023 0:00;2;440;Persona;64;17200;21500;4;12
8061;14/03/2023 0:00;2;1168;Persona;101;17500;22700;4;12
8062;14/03/2023 0:00;2;906;Persona;58;17600;19500;4;12
8063;14/03/2023 0:00;2;425;Persona;167;18200;23400;4;12
8064;14/03/2023 0:00;1;844;Persona;152;16600;20900;4;5
8065;14/03/2023 0:00;1;181;Persona;149;17600;20900;4;5
8066;14/03/2023 0:00;1;32;Persona;48;17100;19800;4;5
8067;14/03/2023 0:00;1;335;Persona;163;17800;20500;4;5
8068;14/03/2023 0:00;1;1069;Persona;88;17000;18800;2;8
8069;14/03/2023 0:00;1;113;Persona;27;17400;19800;2;8
8070;14/03/2023 0:00;1;1140;Persona;24;17200;20200;2;8
8071;15/03/2023 0:00;4;38;Persona;67;17700;19800;4;1
8072;15/03/2023 0:00;4;555;Persona;84;18500;22400;4;1
8073;15/03/2023 0:00;4;460;Persona;62;17100;18600;4;1
8074;15/03/2023 0:00;4;1093;Persona;97;17500;21400;4;7
8075;15/03/2023 0:00;4;847;Persona;132;17200;18600;4;7
8076;15/03/2023 0:00;4;520;Persona;107;17300;18400;4;7
8077;15/03/2023 0:00;2;95;Persona;164;16800;19200;4;3
8078;15/03/2023 0:00;2;11;Persona;74;18100;19500;4;3
8079;15/03/2023 0:00;2;165;Persona;109;17700;19700;4;3
8080;15/03/2023 0:00;4;825;Empresa;77;17300;18800;4;2
8081;15/03/2023 0:00;4;1104;Empresa;127;17900;18900;4;2
8082;15/03/2023 0:00;4;624;Empresa;101;17500;19100;4;2
8083;15/03/2023 0:00;4;430;Empresa;103;18000;20700;4;2
8084;15/03/2023 0:00;2;432;Persona;79;17700;19400;4;3
8085;15/03/2023 0:00;2;781;Persona;174;17400;22300;4;3
8086;15/03/2023 0:00;2;429;Persona;67;17700;19400;4;3
8087;15/03/2023 0:00;2;1122;Persona;37;17600;22200;4;3
8088;15/03/2023 0:00;1;872;Persona;11;17300;19400;4;2
8089;15/03/2023 0:00;1;211;Persona;45;17500;19900;4;2
8090;15/03/2023 0:00;1;407;Persona;168;17500;21000;4;2
8091;15/03/2023 0:00;1;1045;Persona;52;17800;21000;4;2
8092;15/03/2023 0:00;4;755;Persona;20;17600;21200;4;10
8093;15/03/2023 0:00;4;368;Persona;153;17200;18400;4;10
8094;15/03/2023 0:00;4;906;Persona;72;17800;20800;4;10
8095;16/03/2023 0:00;4;1096;Persona;64;17200;19400;4;10
8096;16/03/2023 0:00;3;845;Persona;131;17000;19400;4;3
8097;16/03/2023 0:00;3;1121;Persona;99;17500;18400;4;3
8098;16/03/2023 0:00;3;54;Persona;58;17600;22400;4;3
8099;16/03/2023 0:00;3;1161;Persona;97;17500;19000;4;3
8100;16/03/2023 0:00;4;549;Persona;161;16600;20500;4;10
8101;16/03/2023 0:00;4;499;Persona;31;16500;20800;4;10
8102;16/03/2023 0:00;4;133;Persona;179;17500;18600;4;10
8103;16/03/2023 0:00;4;596;Persona;132;17200;20400;4;10
8104;16/03/2023 0:00;4;592;Persona;175;17800;19500;1;9
8105;16/03/2023 0:00;4;300;Persona;19;17000;20200;1;9
8106;16/03/2023 0:00;4;234;Persona;75;17000;18000;1;9
8107;16/03/2023 0:00;4;451;Persona;166;18200;20500;1;9
8108;16/03/2023 0:00;3;997;Empresa;72;17800;20000;1;9
8109;16/03/2023 0:00;3;216;Empresa;21;18000;19900;1;9
8110;16/03/2023 0:00;3;425;Empresa;27;17400;22400;1;9
8111;17/03/2023 0:00;3;110;Empresa;110;17200;20800;1;9
8112;17/03/2023 0:00;2;1099;Persona;52;17800;22000;4;7
8113;17/03/2023 0:00;2;13;Persona;135;17800;19500;4;7
8114;17/03/2023 0:00;2;1047;Persona;22;18000;21900;4;7
8115;17/03/2023 0:00;2;1061;Persona;54;17800;21600;4;7
8116;17/03/2023 0:00;2;1046;Persona;122;17000;19200;4;5
8117;17/03/2023 0:00;2;393;Persona;179;17500;19800;4;5
8118;17/03/2023 0:00;2;970;Persona;30;17400;22100;4;5
8119;17/03/2023 0:00;2;851;Persona;130;17900;22100;4;5
8120;17/03/2023 0:00;2;945;Persona;52;17800;21600;1;4
8121;17/03/2023 0:00;2;829;Persona;46;16700;18800;1;4
8122;17/03/2023 0:00;2;210;Persona;158;17400;22300;1;4
8123;17/03/2023 0:00;2;940;Persona;158;17400;22500;1;4
8124;17/03/2023 0:00;2;1021;Persona;57;17700;18700;4;10
8125;17/03/2023 0:00;2;519;Persona;93;16800;20000;4;10
8126;17/03/2023 0:00;2;463;Persona;130;17900;21900;4;10
8127;17/03/2023 0:00;2;642;Persona;83;17300;18600;4;5
8128;17/03/2023 0:00;2;983;Persona;158;17400;20700;4;5
8129;17/03/2023 0:00;2;1077;Persona;18;17500;19400;4;5
8130;17/03/2023 0:00;2;782;Persona;53;16800;18800;4;5
8131;17/03/2023 0:00;1;851;Persona;109;17700;19400;3;6
8132;17/03/2023 0:00;1;13;Persona;122;17000;21200;3;6
8133;17/03/2023 0:00;1;238;Persona;131;17000;20300;3;6
8134;17/03/2023 0:00;1;717;Persona;120;17600;21200;3;6
8135;17/03/2023 0:00;3;326;Persona;72;17800;21300;3;6
8136;17/03/2023 0:00;3;1176;Persona;112;17500;22400;3;6
8137;17/03/2023 0:00;3;743;Persona;155;18000;20600;3;6
8138;17/03/2023 0:00;3;617;Persona;60;17300;18300;3;6
8139;17/03/2023 0:00;4;1004;Persona;33;17100;18000;1;4
8140;17/03/2023 0:00;4;855;Persona;95;17700;22800;1;4
8141;17/03/2023 0:00;4;344;Persona;88;17000;21900;1;4
8142;18/03/2023 0:00;4;474;Persona;127;17900;21600;1;4
8143;18/03/2023 0:00;1;988;Persona;63;17400;21000;1;4
8144;18/03/2023 0:00;1;137;Persona;3;17000;18700;1;4
8145;18/03/2023 0:00;1;262;Persona;77;17300;19800;1;4
8146;18/03/2023 0:00;1;122;Persona;149;17600;19600;1;4
8147;18/03/2023 0:00;3;610;Persona;22;18000;21300;2;8
8148;18/03/2023 0:00;3;984;Persona;20;17600;22400;2;8
8149;18/03/2023 0:00;3;826;Persona;122;17000;21600;2;8
8150;18/03/2023 0:00;3;295;Persona;177;16600;18100;3;6
8151;18/03/2023 0:00;3;171;Persona;177;16600;21200;3;6
8152;18/03/2023 0:00;3;137;Persona;106;17600;22700;3;6
8153;18/03/2023 0:00;3;729;Persona;103;18000;21300;3;6
8154;18/03/2023 0:00;2;168;Persona;101;17500;21000;4;5
8155;18/03/2023 0:00;2;441;Persona;56;17400;19300;4;5
8156;18/03/2023 0:00;2;1096;Persona;71;17800;20500;4;5
8157;18/03/2023 0:00;2;614;Persona;46;16700;20600;4;5
8158;18/03/2023 0:00;1;496;Persona;160;16800;19700;1;9
8159;18/03/2023 0:00;1;229;Persona;23;17100;20100;1;9
8160;18/03/2023 0:00;1;211;Persona;171;16800;21700;1;9
8161;18/03/2023 0:00;1;1042;Persona;91;18300;23700;1;9
8162;18/03/2023 0:00;3;1121;Persona;97;17500;21800;2;11
8163;18/03/2023 0:00;3;344;Persona;19;17000;21700;2;11
8164;18/03/2023 0:00;3;1060;Persona;5;17200;18400;2;11
8165;18/03/2023 0:00;3;182;Persona;33;17100;21100;2;11
8166;18/03/2023 0:00;4;1054;Persona;10;16300;20000;2;11
8167;18/03/2023 0:00;4;796;Persona;27;17400;18500;2;11
8168;18/03/2023 0:00;4;717;Persona;45;17500;19100;2;11
8169;18/03/2023 0:00;4;705;Persona;41;17600;19500;2;11
8170;19/03/2023 0:00;2;884;Persona;128;17500;21100;1;9
8171;19/03/2023 0:00;2;443;Persona;149;17600;19400;1;9
8172;19/03/2023 0:00;2;737;Persona;19;17000;19000;1;9
8173;19/03/2023 0:00;2;338;Persona;152;16600;20000;1;9
8174;19/03/2023 0:00;2;176;Persona;166;18200;22300;3;6
8175;19/03/2023 0:00;2;132;Persona;171;16800;18400;3;6
8176;19/03/2023 0:00;2;1098;Persona;25;17500;21100;3;6
8177;19/03/2023 0:00;2;549;Persona;111;17500;20000;3;6
8178;19/03/2023 0:00;2;161;Persona;138;17400;19900;4;7
8179;19/03/2023 0:00;2;1072;Persona;86;17000;20800;4;7
8180;19/03/2023 0:00;2;635;Persona;12;17400;19600;4;7
8181;19/03/2023 0:00;2;964;Persona;16;17800;21900;4;7
8182;19/03/2023 0:00;4;13;Persona;72;17800;20200;4;12
8183;19/03/2023 0:00;4;1075;Persona;90;17400;22000;4;12
8184;19/03/2023 0:00;4;455;Persona;57;17700;21500;4;12
8185;19/03/2023 0:00;4;1041;Persona;45;17500;19500;4;12
8186;19/03/2023 0:00;2;31;Persona;173;17500;20300;1;9
8187;19/03/2023 0:00;2;690;Persona;91;18300;19400;1;9
8188;19/03/2023 0:00;2;238;Persona;145;17400;21100;1;9
8189;19/03/2023 0:00;2;346;Persona;65;17100;20800;1;9
8190;19/03/2023 0:00;1;102;Persona;38;18100;23200;4;5
8191;19/03/2023 0:00;1;444;Persona;80;17400;22000;4;5
8192;19/03/2023 0:00;1;510;Persona;58;17600;19000;4;5
8193;20/03/2023 0:00;1;89;Persona;178;17400;18300;4;5
8194;20/03/2023 0:00;1;137;Persona;107;17300;20500;4;7
8195;20/03/2023 0:00;1;696;Persona;3;17000;21500;4;7
8196;20/03/2023 0:00;1;190;Persona;88;17000;17900;4;7
8197;20/03/2023 0:00;1;836;Persona;110;17200;20300;4;7
8198;20/03/2023 0:00;2;219;Persona;173;17500;20100;2;11
8199;20/03/2023 0:00;2;188;Persona;57;17700;20900;2;11
8200;20/03/2023 0:00;2;136;Persona;87;18000;20400;2;11
8201;20/03/2023 0:00;2;679;Persona;112;17500;19800;1;4
8202;20/03/2023 0:00;2;1087;Persona;102;17800;18800;1;4
8203;20/03/2023 0:00;2;64;Persona;62;17100;20300;1;4
8204;20/03/2023 0:00;2;633;Persona;51;17500;21200;1;4
8205;20/03/2023 0:00;1;269;Persona;62;17100;22000;3;6
8206;20/03/2023 0:00;1;600;Persona;168;17500;20400;3;6
8207;20/03/2023 0:00;1;1114;Persona;55;17800;23000;3;6
8208;20/03/2023 0:00;1;917;Empresa;122;17000;21300;2;8
8209;20/03/2023 0:00;1;811;Empresa;104;17400;20100;2;8
8210;20/03/2023 0:00;1;789;Empresa;13;17300;18200;2;8
8211;20/03/2023 0:00;1;326;Empresa;26;17200;21400;2;8
8212;20/03/2023 0:00;3;399;Persona;54;17800;19800;4;10
8213;20/03/2023 0:00;3;710;Persona;59;18100;21200;4;10
8214;20/03/2023 0:00;3;1102;Persona;22;18000;20700;4;10
8215;20/03/2023 0:00;3;283;Persona;92;17500;20600;4;10
8216;20/03/2023 0:00;2;1175;Persona;17;18100;20700;4;1
8217;20/03/2023 0:00;2;1093;Persona;138;17400;19500;4;1
8218;20/03/2023 0:00;2;886;Persona;23;17100;20100;4;1
8219;20/03/2023 0:00;2;999;Persona;168;17500;19600;4;1
8220;21/03/2023 0:00;2;667;Persona;44;17900;23100;1;9
8221;21/03/2023 0:00;2;1002;Persona;172;17700;19800;1;9
8222;21/03/2023 0:00;2;955;Persona;80;17400;19100;1;9
8223;21/03/2023 0:00;2;265;Persona;167;18200;22000;1;9
8224;21/03/2023 0:00;2;586;Persona;133;17500;18500;4;1
8225;21/03/2023 0:00;2;159;Persona;13;17300;22000;4;1
8226;21/03/2023 0:00;2;771;Persona;118;18000;19000;4;1
8227;21/03/2023 0:00;2;722;Persona;21;18000;21300;4;1
8228;21/03/2023 0:00;2;444;Empresa;24;17200;19200;1;4
8229;21/03/2023 0:00;2;829;Empresa;146;17100;19400;1;4
8230;21/03/2023 0:00;2;694;Empresa;101;17500;20200;1;4
8231;21/03/2023 0:00;2;216;Empresa;143;17700;19400;1;4
8232;21/03/2023 0:00;1;264;Persona;131;17000;18700;4;3
8233;21/03/2023 0:00;1;965;Persona;87;18000;21900;4;3
8234;21/03/2023 0:00;1;276;Persona;135;17800;23000;4;3
8235;21/03/2023 0:00;1;1045;Persona;168;17500;18400;4;3
8236;21/03/2023 0:00;1;924;Persona;176;17600;19000;1;9
8237;21/03/2023 0:00;1;387;Persona;116;17700;20400;1;9
8238;21/03/2023 0:00;1;286;Persona;87;18000;19900;1;9
8239;22/03/2023 0:00;1;373;Persona;28;17800;21500;1;9
8240;22/03/2023 0:00;3;348;Persona;115;18400;19500;1;4
8241;22/03/2023 0:00;3;626;Persona;132;17200;19500;1;4
8242;22/03/2023 0:00;3;821;Persona;109;17700;21700;1;4
8243;23/03/2023 0:00;4;231;Persona;110;17200;18800;4;7
8244;23/03/2023 0:00;4;814;Persona;158;17400;19800;4;7
8245;23/03/2023 0:00;4;154;Persona;12;17400;21700;4;7
8246;23/03/2023 0:00;4;646;Persona;59;18100;19400;4;7
8247;23/03/2023 0:00;1;748;Persona;84;18500;19700;4;3
8248;23/03/2023 0:00;1;556;Persona;100;18100;19900;4;3
8249;23/03/2023 0:00;1;106;Persona;71;17800;22700;4;3
8250;23/03/2023 0:00;1;647;Persona;82;17700;21100;4;3
8251;23/03/2023 0:00;3;1144;Persona;19;17000;19000;1;9
8252;23/03/2023 0:00;3;548;Persona;61;17600;21500;1;9
8253;23/03/2023 0:00;3;539;Persona;76;17700;22900;1;9
8254;23/03/2023 0:00;3;655;Persona;118;18000;19300;1;9
8255;23/03/2023 0:00;3;868;Persona;108;18300;20100;2;8
8256;23/03/2023 0:00;3;1176;Persona;176;17600;20000;2;8
8257;23/03/2023 0:00;3;55;Persona;13;17300;18100;2;8
8258;23/03/2023 0:00;3;758;Persona;142;17200;21700;2;8
8259;24/03/2023 0:00;4;644;Persona;160;16800;18200;4;5
8260;24/03/2023 0:00;4;238;Persona;72;17800;21700;4;5
8261;24/03/2023 0:00;4;939;Persona;30;17400;19400;4;5
8262;24/03/2023 0:00;4;743;Persona;121;17100;21400;4;5
8263;24/03/2023 0:00;4;1149;Persona;13;17300;22000;1;9
8264;24/03/2023 0:00;4;1150;Persona;99;17500;20700;1;9
8265;24/03/2023 0:00;4;863;Persona;78;17200;21100;1;9
8266;24/03/2023 0:00;4;885;Persona;89;17200;19800;1;9
8267;24/03/2023 0:00;2;977;Empresa;45;17500;21800;4;10
8268;24/03/2023 0:00;2;912;Empresa;79;17700;20500;4;10
8269;24/03/2023 0:00;2;3;Empresa;92;17500;22700;4;10
8270;24/03/2023 0:00;2;485;Empresa;69;17800;21700;4;10
8271;24/03/2023 0:00;2;686;Persona;179;17500;19000;4;1
8272;24/03/2023 0:00;2;173;Persona;82;17700;18900;4;1
8273;24/03/2023 0:00;2;956;Persona;1;16800;17800;4;1
8274;24/03/2023 0:00;1;570;Persona;160;16800;19000;3;6
8275;24/03/2023 0:00;1;245;Persona;1;16800;18600;3;6
8276;24/03/2023 0:00;1;1153;Persona;171;16800;19500;3;6
8277;24/03/2023 0:00;1;809;Persona;141;18800;22500;3;6
8278;24/03/2023 0:00;3;88;Persona;15;17200;18500;4;10
8279;25/03/2023 0:00;3;431;Persona;8;18300;22400;4;10
8280;25/03/2023 0:00;3;855;Persona;139;17100;21400;4;10
8281;25/03/2023 0:00;3;756;Persona;160;16800;19000;4;10
8282;25/03/2023 0:00;3;407;Persona;136;17600;22400;4;5
8283;25/03/2023 0:00;3;514;Persona;124;17500;21500;4;5
8284;25/03/2023 0:00;3;576;Persona;157;18100;20800;4;5
8285;25/03/2023 0:00;3;447;Persona;115;18400;20300;4;5
8286;25/03/2023 0:00;3;73;Persona;140;17300;18900;4;2
8287;25/03/2023 0:00;3;982;Persona;137;17800;21900;4;2
8288;25/03/2023 0:00;3;105;Persona;84;18500;22100;4;2
8289;25/03/2023 0:00;3;1020;Persona;148;17000;21600;4;2
8290;25/03/2023 0:00;2;756;Persona;111;17500;19200;3;6
8291;25/03/2023 0:00;2;204;Persona;89;17200;20100;3;6
8292;25/03/2023 0:00;2;1107;Persona;93;16800;21500;3;6
8293;25/03/2023 0:00;2;252;Persona;9;17100;21600;3;6
8294;25/03/2023 0:00;4;298;Persona;18;17500;21000;4;12
8295;26/03/2023 0:00;4;971;Persona;45;17500;18900;4;12
8296;26/03/2023 0:00;4;487;Persona;82;17700;18900;4;12
8297;26/03/2023 0:00;4;546;Persona;18;17500;19500;4;12
8298;26/03/2023 0:00;4;83;Persona;154;17300;21300;4;3
8299;26/03/2023 0:00;4;311;Persona;172;17700;18900;4;3
8300;26/03/2023 0:00;4;1111;Persona;44;17900;21400;4;3
8301;26/03/2023 0:00;4;731;Persona;5;17200;20100;4;3
8302;26/03/2023 0:00;2;576;Persona;35;18000;23200;4;7
8303;26/03/2023 0:00;2;899;Persona;47;17300;20900;4;7
8304;26/03/2023 0:00;2;337;Persona;7;17800;21300;4;7
8305;26/03/2023 0:00;2;19;Persona;133;17500;22200;4;7
8306;26/03/2023 0:00;1;1161;Persona;80;17400;20100;4;7
8307;26/03/2023 0:00;1;1029;Persona;123;18200;20700;4;7
8308;26/03/2023 0:00;1;667;Persona;74;18100;19500;4;7
8309;26/03/2023 0:00;1;100;Persona;57;17700;19700;4;7
8310;26/03/2023 0:00;4;228;Persona;41;17600;21400;4;2
8311;26/03/2023 0:00;4;604;Persona;29;17700;22300;4;2
8312;26/03/2023 0:00;4;305;Persona;153;17200;18500;4;2
8313;26/03/2023 0:00;4;236;Persona;63;17400;22200;4;2
8314;26/03/2023 0:00;3;1081;Persona;70;17300;18500;4;1
8315;26/03/2023 0:00;3;1019;Persona;101;17500;20200;4;1
8316;26/03/2023 0:00;3;10;Persona;177;16600;20000;4;1
8317;26/03/2023 0:00;4;141;Persona;80;17400;18700;4;5
8318;26/03/2023 0:00;4;461;Persona;7;17800;19800;4;5
8319;26/03/2023 0:00;4;954;Persona;92;17500;22200;4;5
8320;26/03/2023 0:00;4;1;Persona;90;17400;19600;4;5
8321;26/03/2023 0:00;2;408;Persona;42;17600;21500;4;5
8322;27/03/2023 0:00;2;103;Persona;104;17400;22500;4;5
8323;27/03/2023 0:00;2;416;Persona;90;17400;21700;4;5
8324;27/03/2023 0:00;2;1002;Persona;104;17400;20800;4;7
8325;27/03/2023 0:00;2;47;Persona;8;18300;23100;4;7
8326;27/03/2023 0:00;2;520;Persona;34;17500;20200;4;7
8327;27/03/2023 0:00;2;433;Persona;137;17800;20000;4;7
8328;27/03/2023 0:00;1;638;Persona;18;17500;20100;4;12
8329;27/03/2023 0:00;1;330;Persona;133;17500;20800;4;12
8330;27/03/2023 0:00;1;48;Persona;176;17600;19300;4;12
8331;27/03/2023 0:00;1;672;Persona;124;17500;21500;4;12
8332;27/03/2023 0:00;1;358;Persona;178;17400;20800;2;11
8333;27/03/2023 0:00;1;280;Persona;2;16800;18700;2;11
8334;27/03/2023 0:00;1;393;Persona;96;17200;20600;2;11
8335;27/03/2023 0:00;1;958;Persona;28;17800;22900;2;11
8336;27/03/2023 0:00;1;2;Persona;178;17400;19000;4;7
8337;27/03/2023 0:00;1;717;Persona;77;17300;21400;4;7
8338;27/03/2023 0:00;1;238;Persona;8;18300;21100;4;7
8339;27/03/2023 0:00;1;1003;Persona;37;17600;21100;4;7
8340;27/03/2023 0:00;3;887;Persona;148;17000;19900;2;8
8341;28/03/2023 0:00;3;797;Persona;100;18100;20700;2;8
8342;28/03/2023 0:00;3;689;Persona;30;17400;18200;2;8
8343;28/03/2023 0:00;3;457;Persona;94;17500;20300;2;8
8344;28/03/2023 0:00;2;638;Persona;3;17000;20300;3;6
8345;28/03/2023 0:00;2;514;Persona;150;17600;19500;3;6
8346;28/03/2023 0:00;2;161;Persona;80;17400;19600;3;6
8347;28/03/2023 0:00;2;115;Persona;88;17000;20800;3;6
8348;28/03/2023 0:00;1;310;Persona;98;18000;19900;2;8
8349;29/03/2023 0:00;1;915;Persona;89;17200;19600;2;8
8350;29/03/2023 0:00;1;860;Persona;58;17600;20700;2;8
8351;29/03/2023 0:00;1;24;Persona;78;17200;20400;2;8
8352;29/03/2023 0:00;2;127;Persona;179;17500;22200;1;4
8353;29/03/2023 0:00;2;391;Persona;89;17200;21500;1;4
8354;29/03/2023 0:00;2;1160;Persona;134;18000;22700;1;4
8355;29/03/2023 0:00;2;312;Persona;66;18400;23200;1;4
8356;29/03/2023 0:00;4;261;Persona;162;18500;19600;4;3
8357;30/03/2023 0:00;4;558;Persona;149;17600;20900;4;3
8358;30/03/2023 0:00;4;903;Persona;78;17200;18400;4;3
8359;30/03/2023 0:00;4;916;Persona;165;16900;20900;4;3
8360;30/03/2023 0:00;3;385;Persona;44;17900;19200;4;10
8361;30/03/2023 0:00;3;534;Persona;120;17600;18700;4;10
8362;30/03/2023 0:00;3;739;Persona;80;17400;22500;4;10
8363;30/03/2023 0:00;3;41;Persona;17;18100;23100;4;10
8364;30/03/2023 0:00;2;917;Persona;98;18000;19900;2;11
8365;31/03/2023 0:00;2;859;Persona;107;17300;21000;2;11
8366;31/03/2023 0:00;2;395;Persona;15;17200;19700;2;11
8367;31/03/2023 0:00;2;28;Persona;156;17200;19400;2;11
8368;31/03/2023 0:00;1;140;Persona;14;16800;18300;4;12
8369;31/03/2023 0:00;1;1098;Persona;80;17400;19300;4;12
8370;31/03/2023 0:00;1;1032;Persona;42;17600;18400;4;12
8371;31/03/2023 0:00;1;458;Persona;129;17800;22000;4;12
8372;31/03/2023 0:00;1;1133;Persona;127;17900;21200;1;4
8373;31/03/2023 0:00;1;276;Persona;28;17800;21400;1;4
8374;31/03/2023 0:00;1;963;Persona;54;17800;22500;1;4
8375;31/03/2023 0:00;1;712;Persona;43;18400;20700;1;4
8376;01/04/2023 0:00;2;405;Persona;8;18300;20800;1;9
8377;01/04/2023 0:00;2;70;Persona;150;17600;21700;1;9
8378;01/04/2023 0:00;2;1090;Persona;10;16300;17600;1;9
8379;01/04/2023 0:00;2;535;Persona;25;17500;18800;1;9
8380;01/04/2023 0:00;1;95;Persona;30;17400;20700;4;5
8381;01/04/2023 0:00;1;443;Persona;88;17000;18000;4;5
8382;01/04/2023 0:00;1;1150;Persona;176;17600;19500;4;5
8383;01/04/2023 0:00;1;228;Persona;13;17300;20800;4;5
8384;01/04/2023 0:00;4;163;Empresa;102;17800;21700;4;1
8385;01/04/2023 0:00;4;461;Empresa;140;17300;22400;4;1
8386;01/04/2023 0:00;4;240;Empresa;39;17200;19400;4;1
8387;01/04/2023 0:00;4;637;Empresa;42;17600;19700;4;1
8388;01/04/2023 0:00;3;508;Persona;58;17600;19700;4;2
8389;01/04/2023 0:00;3;1049;Persona;50;16300;18300;4;2
8390;01/04/2023 0:00;3;287;Persona;13;17300;21500;4;2
8391;01/04/2023 0:00;3;344;Persona;176;17600;21400;4;2
8392;01/04/2023 0:00;3;398;Persona;3;17000;18400;4;7
8393;01/04/2023 0:00;3;247;Persona;72;17800;22000;4;7
8394;01/04/2023 0:00;3;890;Persona;5;17200;18400;4;7
8395;01/04/2023 0:00;3;5;Persona;59;18100;20900;4;7
8396;02/04/2023 0:00;2;722;Persona;15;17200;20800;2;8
8397;02/04/2023 0:00;2;178;Persona;144;17200;21100;2;8
8398;02/04/2023 0:00;2;312;Persona;37;17600;20500;2;8
8399;02/04/2023 0:00;2;939;Persona;107;17300;20900;2;8
8400;02/04/2023 0:00;4;433;Persona;156;17200;18100;4;10
8401;02/04/2023 0:00;4;315;Persona;128;17500;19700;4;10
8402;02/04/2023 0:00;4;673;Persona;69;17800;19100;4;10
8403;02/04/2023 0:00;4;84;Persona;171;16800;18200;4;10
8404;02/04/2023 0:00;4;739;Persona;26;17200;19700;4;1
8405;02/04/2023 0:00;4;539;Persona;48;17100;21700;4;1
8406;02/04/2023 0:00;4;502;Persona;153;17200;19600;4;1
8407;02/04/2023 0:00;4;472;Persona;179;17500;19800;4;1
8408;02/04/2023 0:00;2;524;Persona;24;17200;19700;4;7
8409;02/04/2023 0:00;2;628;Persona;106;17600;19300;4;7
8410;02/04/2023 0:00;2;527;Persona;61;17600;20100;4;7
8411;02/04/2023 0:00;2;201;Persona;109;17700;19300;4;7
8412;03/04/2023 0:00;1;1008;Persona;114;17800;23000;2;11
8413;03/04/2023 0:00;1;1132;Persona;111;17500;18400;2;11
8414;03/04/2023 0:00;1;539;Persona;87;18000;20900;2;11
8415;03/04/2023 0:00;1;1115;Persona;141;18800;23100;4;7
8416;03/04/2023 0:00;1;778;Persona;149;17600;22000;4;7
8417;03/04/2023 0:00;1;700;Persona;179;17500;20300;4;7
8418;03/04/2023 0:00;3;909;Persona;2;16800;19900;4;12
8419;03/04/2023 0:00;3;691;Persona;89;17200;21200;4;12
8420;03/04/2023 0:00;3;52;Persona;143;17700;22400;4;12
8421;03/04/2023 0:00;3;1002;Persona;45;17500;18600;4;12
8422;03/04/2023 0:00;2;953;Persona;29;17700;20900;4;12
8423;03/04/2023 0:00;2;564;Persona;36;17600;18600;4;12
8424;03/04/2023 0:00;2;392;Persona;37;17600;21000;4;12
8425;03/04/2023 0:00;2;668;Persona;80;17400;19300;4;12
8426;03/04/2023 0:00;4;788;Persona;49;17300;18400;2;8
8427;04/04/2023 0:00;4;186;Persona;66;18400;20000;2;8
8428;04/04/2023 0:00;4;396;Persona;174;17400;22000;2;8
8429;04/04/2023 0:00;4;595;Persona;109;17700;20500;2;8
8430;04/04/2023 0:00;1;311;Persona;76;17700;21000;3;6
8431;04/04/2023 0:00;1;437;Persona;153;17200;20100;3;6
8432;04/04/2023 0:00;1;424;Persona;96;17200;22200;3;6
8433;04/04/2023 0:00;1;978;Persona;55;17800;21500;3;6
8434;04/04/2023 0:00;3;740;Persona;55;17800;19100;4;2
8435;04/04/2023 0:00;3;921;Persona;41;17600;18500;4;2
8436;04/04/2023 0:00;3;467;Persona;89;17200;20500;4;2
8437;04/04/2023 0:00;3;594;Persona;45;17500;20100;4;2
8438;04/04/2023 0:00;3;856;Persona;178;17400;19300;4;1
8439;05/04/2023 0:00;3;820;Persona;133;17500;20800;4;1
8440;05/04/2023 0:00;3;961;Persona;80;17400;18800;4;1
8441;05/04/2023 0:00;3;21;Persona;67;17700;18700;4;1
8442;05/04/2023 0:00;3;936;Persona;132;17200;19500;4;3
8443;05/04/2023 0:00;3;1002;Persona;11;17300;21300;4;3
8444;05/04/2023 0:00;3;677;Persona;34;17500;18700;4;3
8445;05/04/2023 0:00;3;993;Persona;74;18100;22900;4;3
8446;05/04/2023 0:00;2;245;Persona;95;17700;22900;4;10
8447;05/04/2023 0:00;2;654;Persona;51;17500;22500;4;10
8448;05/04/2023 0:00;2;316;Persona;110;17200;21300;4;10
8449;05/04/2023 0:00;2;525;Persona;64;17200;22100;4;10
8450;05/04/2023 0:00;2;574;Persona;41;17600;19300;4;5
8451;05/04/2023 0:00;2;622;Persona;41;17600;22800;4;5
8452;05/04/2023 0:00;2;527;Persona;45;17500;22400;4;5
8453;05/04/2023 0:00;2;825;Persona;96;17200;20800;4;5
8454;05/04/2023 0:00;4;947;Persona;173;17500;21900;4;2
8455;05/04/2023 0:00;4;479;Persona;25;17500;19900;4;2
8456;05/04/2023 0:00;4;800;Persona;5;17200;21200;4;2
8457;05/04/2023 0:00;4;172;Persona;72;17800;20700;4;2
8458;05/04/2023 0:00;2;941;Persona;9;17100;20000;4;1
8459;06/04/2023 0:00;2;564;Persona;73;17100;19500;4;1
8460;06/04/2023 0:00;2;468;Persona;1;16800;19400;4;1
8461;06/04/2023 0:00;2;48;Persona;61;17600;22700;4;1
8462;06/04/2023 0:00;1;458;Persona;122;17000;18500;2;8
8463;06/04/2023 0:00;1;657;Persona;87;18000;22800;2;8
8464;06/04/2023 0:00;1;88;Persona;138;17400;19800;2;8
8465;06/04/2023 0:00;1;554;Persona;166;18200;23500;2;8
8466;06/04/2023 0:00;2;926;Empresa;19;17000;20600;4;2
8467;06/04/2023 0:00;2;218;Empresa;133;17500;22300;4;2
8468;06/04/2023 0:00;2;693;Empresa;4;17700;21000;4;2
8469;07/04/2023 0:00;2;353;Empresa;118;18000;21200;4;2
8470;07/04/2023 0:00;1;326;Persona;78;17200;18100;1;4
8471;07/04/2023 0:00;1;1043;Persona;85;17600;21300;1;4
8472;07/04/2023 0:00;1;176;Persona;76;17700;20000;1;4
8473;07/04/2023 0:00;1;932;Persona;117;16800;21300;1;4
8474;07/04/2023 0:00;4;1179;Empresa;58;17600;19900;1;4
8475;07/04/2023 0:00;4;724;Empresa;24;17200;21500;1;4
8476;07/04/2023 0:00;4;245;Empresa;1;16800;21300;1;4
8477;07/04/2023 0:00;4;1006;Empresa;3;17000;20300;1;4
8478;07/04/2023 0:00;3;365;Persona;158;17400;19600;4;10
8479;07/04/2023 0:00;3;1106;Persona;22;18000;19200;4;10
8480;07/04/2023 0:00;3;760;Persona;21;18000;23200;4;10
8481;08/04/2023 0:00;3;317;Persona;178;17400;21700;4;10
8482;08/04/2023 0:00;3;255;Empresa;99;17500;21000;3;6
8483;08/04/2023 0:00;3;155;Empresa;46;16700;21300;3;6
8484;08/04/2023 0:00;3;58;Empresa;2;16800;17900;3;6
8485;08/04/2023 0:00;3;196;Empresa;19;17000;18100;3;6
8486;08/04/2023 0:00;2;56;Persona;24;17200;21200;4;2
8487;08/04/2023 0:00;2;292;Persona;65;17100;20900;4;2
8488;08/04/2023 0:00;2;714;Persona;126;18100;23200;4;2
8489;08/04/2023 0:00;2;547;Persona;36;17600;20900;4;2
8490;08/04/2023 0:00;2;386;Persona;144;17200;19900;4;1
8491;08/04/2023 0:00;2;34;Persona;43;18400;22100;4;1
8492;08/04/2023 0:00;2;730;Persona;67;17700;19200;4;1
8493;08/04/2023 0:00;2;443;Persona;80;17400;20300;4;1
8494;08/04/2023 0:00;2;79;Persona;118;18000;21400;2;8
8495;08/04/2023 0:00;2;116;Persona;59;18100;20500;2;8
8496;09/04/2023 0:00;2;744;Persona;37;17600;20700;2;8
8497;09/04/2023 0:00;2;31;Persona;111;17500;18300;2;8
8498;09/04/2023 0:00;2;129;Persona;6;17100;20100;4;7
8499;09/04/2023 0:00;2;1078;Persona;106;17600;20400;4;7
8500;09/04/2023 0:00;2;207;Persona;9;17100;22100;4;7
8501;09/04/2023 0:00;2;933;Persona;15;17200;19000;4;7
8502;09/04/2023 0:00;1;1132;Persona;42;17600;22300;2;11
8503;09/04/2023 0:00;1;486;Persona;104;17400;22000;2;11
8504;09/04/2023 0:00;1;439;Persona;6;17100;21400;2;11
8505;09/04/2023 0:00;1;1118;Persona;84;18500;22300;2;11
8506;09/04/2023 0:00;1;698;Persona;33;17100;20200;4;12
8507;09/04/2023 0:00;1;533;Persona;159;17400;22500;4;12
8508;09/04/2023 0:00;1;399;Persona;52;17800;19000;4;12
8509;09/04/2023 0:00;1;830;Persona;48;17100;21200;4;12
8510;09/04/2023 0:00;1;156;Persona;123;18200;23500;2;8
8511;09/04/2023 0:00;1;516;Persona;54;17800;20200;2;8
8512;09/04/2023 0:00;1;230;Persona;36;17600;21400;2;8
8513;09/04/2023 0:00;1;241;Persona;71;17800;21300;2;8
8514;09/04/2023 0:00;3;1137;Persona;60;17300;20000;4;1
8515;09/04/2023 0:00;3;237;Persona;146;17100;18200;4;1
8516;09/04/2023 0:00;3;605;Persona;140;17300;20800;4;1
8517;09/04/2023 0:00;3;653;Persona;5;17200;18200;4;1
8518;10/04/2023 0:00;3;782;Persona;116;17700;20300;3;6
8519;10/04/2023 0:00;3;71;Persona;90;17400;19800;3;6
8520;10/04/2023 0:00;3;663;Persona;65;17100;20800;3;6
8521;10/04/2023 0:00;2;13;Persona;32;17800;23000;3;6
8522;10/04/2023 0:00;2;397;Persona;169;18000;20600;3;6
8523;10/04/2023 0:00;2;199;Persona;164;16800;18900;3;6
8524;10/04/2023 0:00;2;1036;Persona;39;17200;21200;3;6
8525;10/04/2023 0:00;4;556;Empresa;163;17800;20200;4;12
8526;10/04/2023 0:00;4;851;Empresa;19;17000;21100;4;12
8527;10/04/2023 0:00;4;366;Empresa;63;17400;19100;4;12
8528;10/04/2023 0:00;4;287;Empresa;103;18000;19200;4;12
8529;10/04/2023 0:00;4;863;Persona;130;17900;23000;4;5
8530;10/04/2023 0:00;4;104;Persona;37;17600;18700;4;5
8531;10/04/2023 0:00;4;1075;Persona;140;17300;20500;4;5
8532;10/04/2023 0:00;4;15;Persona;91;18300;20400;4;5
8533;11/04/2023 0:00;4;870;Persona;66;18400;21400;2;11
8534;11/04/2023 0:00;4;364;Persona;76;17700;20200;2;11
8535;11/04/2023 0:00;4;85;Persona;17;18100;22300;2;11
8536;11/04/2023 0:00;4;870;Persona;73;17100;21400;2;11
8537;11/04/2023 0:00;2;171;Persona;79;17700;19100;4;1
8538;11/04/2023 0:00;2;326;Persona;24;17200;20400;4;1
8539;11/04/2023 0:00;2;1047;Persona;107;17300;21500;4;1
8540;11/04/2023 0:00;2;563;Persona;104;17400;18400;4;1
8541;11/04/2023 0:00;2;687;Empresa;103;18000;21500;2;8
8542;11/04/2023 0:00;2;681;Empresa;84;18500;23400;2;8
8543;11/04/2023 0:00;2;938;Empresa;169;18000;20600;2;8
8544;11/04/2023 0:00;2;322;Empresa;136;17600;21300;2;8
8545;11/04/2023 0:00;1;968;Persona;162;18500;23400;4;2
8546;11/04/2023 0:00;1;691;Persona;154;17300;18400;4;2
8547;11/04/2023 0:00;1;537;Persona;56;17400;20400;4;2
8548;12/04/2023 0:00;1;1146;Persona;30;17400;19600;4;2
8549;12/04/2023 0:00;4;918;Persona;74;18100;21400;4;5
8550;12/04/2023 0:00;4;885;Persona;76;17700;20700;4;5
8551;12/04/2023 0:00;4;1024;Persona;131;17000;20500;4;5
8552;12/04/2023 0:00;4;222;Persona;77;17300;20300;4;5
8553;12/04/2023 0:00;3;902;Persona;8;18300;21000;4;5
8554;12/04/2023 0:00;3;665;Persona;28;17800;21000;4;5
8555;12/04/2023 0:00;3;950;Persona;175;17800;22800;4;5
8556;12/04/2023 0:00;3;441;Persona;105;18200;20600;4;5
8557;12/04/2023 0:00;3;732;Persona;11;17300;19100;1;4
8558;12/04/2023 0:00;3;424;Persona;120;17600;20800;1;4
8559;12/04/2023 0:00;3;1063;Persona;174;17400;19400;1;4
8560;12/04/2023 0:00;3;269;Persona;37;17600;20200;1;4
8561;12/04/2023 0:00;2;156;Persona;127;17900;18900;2;8
8562;12/04/2023 0:00;2;906;Persona;18;17500;19000;2;8
8563;12/04/2023 0:00;2;105;Persona;159;17400;18800;2;8
8564;13/04/2023 0:00;2;878;Persona;7;17800;20000;2;8
8565;13/04/2023 0:00;1;170;Persona;42;17600;22100;4;10
8566;13/04/2023 0:00;1;368;Persona;44;17900;19800;4;10
8567;13/04/2023 0:00;1;835;Persona;51;17500;20000;4;10
8568;13/04/2023 0:00;1;1106;Persona;116;17700;22500;4;10
8569;13/04/2023 0:00;3;858;Persona;61;17600;20000;2;8
8570;13/04/2023 0:00;3;753;Persona;25;17500;20100;2;8
8571;13/04/2023 0:00;3;913;Persona;29;17700;19100;2;8
8572;13/04/2023 0:00;3;687;Persona;55;17800;22000;2;8
8573;13/04/2023 0:00;4;290;Persona;22;18000;22600;2;11
8574;13/04/2023 0:00;4;798;Persona;108;18300;20500;2;11
8575;13/04/2023 0:00;4;1139;Persona;102;17800;23000;2;11
8576;13/04/2023 0:00;4;329;Persona;44;17900;19900;2;11
8577;13/04/2023 0:00;2;78;Empresa;52;17800;20600;1;9
8578;13/04/2023 0:00;2;517;Empresa;115;18400;19800;1;9
8579;13/04/2023 0:00;2;78;Empresa;74;18100;21400;1;9
8580;13/04/2023 0:00;2;889;Empresa;30;17400;20500;1;9
8581;13/04/2023 0:00;2;1020;Persona;23;17100;21300;4;1
8582;13/04/2023 0:00;2;977;Persona;128;17500;20200;4;1
8583;13/04/2023 0:00;2;809;Persona;52;17800;19300;4;1
8584;13/04/2023 0:00;2;872;Persona;94;17500;22000;4;1
8585;13/04/2023 0:00;1;1013;Persona;65;17100;19600;1;4
8586;13/04/2023 0:00;1;570;Persona;61;17600;20400;1;4
8587;13/04/2023 0:00;1;68;Persona;5;17200;18700;1;4
8588;13/04/2023 0:00;1;995;Persona;129;17800;23000;1;4
8589;13/04/2023 0:00;1;743;Persona;95;17700;21300;2;11
8590;13/04/2023 0:00;1;779;Persona;170;17400;22400;2;11
8591;13/04/2023 0:00;1;98;Persona;47;17300;21600;2;11
8592;13/04/2023 0:00;1;558;Persona;114;17800;21200;2;11
8593;13/04/2023 0:00;4;55;Persona;119;17300;19700;4;2
8594;13/04/2023 0:00;4;455;Persona;120;17600;21900;4;2
8595;14/04/2023 0:00;4;324;Persona;51;17500;20800;4;2
8596;14/04/2023 0:00;4;568;Persona;25;17500;22500;4;2
8597;14/04/2023 0:00;3;896;Persona;100;18100;21200;2;8
8598;14/04/2023 0:00;3;671;Persona;129;17800;18700;2;8
8599;14/04/2023 0:00;3;74;Persona;26;17200;18700;2;8
8600;14/04/2023 0:00;3;798;Persona;70;17300;19700;2;8
8601;14/04/2023 0:00;2;894;Persona;131;17000;19500;4;3
8602;14/04/2023 0:00;2;50;Persona;17;18100;23200;4;3
8603;14/04/2023 0:00;2;766;Persona;117;16800;17700;4;3
8604;14/04/2023 0:00;2;1127;Persona;75;17000;21300;4;3
8605;14/04/2023 0:00;2;1097;Persona;168;17500;21700;2;8
8606;14/04/2023 0:00;2;1120;Persona;32;17800;18900;2;8
8607;14/04/2023 0:00;2;1051;Persona;47;17300;18800;2;8
8608;14/04/2023 0:00;2;1127;Persona;89;17200;18500;2;8
8609;14/04/2023 0:00;2;1037;Persona;147;17300;18800;4;10
8610;14/04/2023 0:00;2;633;Persona;117;16800;19200;4;10
8611;15/04/2023 0:00;2;130;Persona;94;17500;19100;4;10
8612;15/04/2023 0:00;2;967;Persona;17;18100;22200;4;10
8613;15/04/2023 0:00;1;534;Persona;106;17600;19900;4;5
8614;15/04/2023 0:00;1;987;Persona;121;17100;22000;4;5
8615;15/04/2023 0:00;1;681;Persona;137;17800;21100;4;5
8616;15/04/2023 0:00;1;848;Persona;149;17600;21200;2;8
8617;15/04/2023 0:00;1;453;Persona;89;17200;21900;2;8
8618;15/04/2023 0:00;1;763;Persona;43;18400;21900;2;8
8619;15/04/2023 0:00;1;150;Persona;54;17800;21000;2;8
8620;15/04/2023 0:00;1;3;Empresa;112;17500;19500;2;8
8621;15/04/2023 0:00;1;353;Empresa;113;18000;20600;2;8
8622;15/04/2023 0:00;1;468;Empresa;98;18000;20100;2;8
8623;15/04/2023 0:00;1;1042;Empresa;113;18000;18900;2;8
8624;15/04/2023 0:00;4;824;Persona;166;18200;23500;4;7
8625;15/04/2023 0:00;4;957;Persona;102;17800;19800;4;7
8626;15/04/2023 0:00;4;139;Persona;160;16800;18500;4;7
8627;15/04/2023 0:00;4;821;Persona;67;17700;18900;4;7
8628;15/04/2023 0:00;3;264;Persona;141;18800;23300;4;10
8629;15/04/2023 0:00;3;700;Persona;172;17700;20200;4;10
8630;16/04/2023 0:00;3;713;Persona;31;16500;20100;4;10
8631;16/04/2023 0:00;3;268;Persona;154;17300;20300;4;10
8632;16/04/2023 0:00;4;700;Persona;134;18000;20700;4;3
8633;16/04/2023 0:00;4;113;Persona;72;17800;20400;4;3
8634;16/04/2023 0:00;4;688;Persona;84;18500;22300;4;3
8635;16/04/2023 0:00;4;400;Persona;155;18000;22500;4;3
8636;16/04/2023 0:00;2;992;Persona;148;17000;18100;4;2
8637;16/04/2023 0:00;2;526;Persona;39;17200;19400;4;2
8638;16/04/2023 0:00;2;677;Persona;166;18200;19400;4;2
8639;16/04/2023 0:00;2;81;Persona;94;17500;18400;4;2
8640;16/04/2023 0:00;2;4;Empresa;131;17000;18200;4;7
8641;16/04/2023 0:00;2;238;Empresa;102;17800;22100;4;7
8642;16/04/2023 0:00;2;160;Empresa;135;17800;20100;4;7
8643;16/04/2023 0:00;2;661;Empresa;144;17200;19500;4;7
8644;16/04/2023 0:00;2;150;Persona;82;17700;22200;4;1
8645;16/04/2023 0:00;2;11;Persona;137;17800;22700;4;1
8646;17/04/2023 0:00;2;359;Persona;81;17400;21400;4;1
8647;17/04/2023 0:00;2;612;Persona;122;17000;21800;4;1
8648;17/04/2023 0:00;2;860;Persona;44;17900;20400;2;11
8649;17/04/2023 0:00;2;224;Persona;66;18400;23300;2;11
8650;17/04/2023 0:00;2;743;Persona;79;17700;22600;2;11
8651;17/04/2023 0:00;2;650;Persona;40;17000;19800;2;11
8652;17/04/2023 0:00;1;1106;Persona;85;17600;18400;2;8
8653;17/04/2023 0:00;1;689;Persona;165;16900;19900;2;8
8654;17/04/2023 0:00;1;630;Persona;85;17600;19800;2;8
8655;17/04/2023 0:00;1;1170;Persona;178;17400;20200;2;8
8656;17/04/2023 0:00;3;812;Persona;76;17700;21900;4;5
8657;17/04/2023 0:00;3;900;Persona;61;17600;18700;4;5
8658;17/04/2023 0:00;3;189;Persona;37;17600;18700;4;5
8659;17/04/2023 0:00;3;762;Persona;78;17200;18700;4;5
8660;17/04/2023 0:00;4;165;Persona;177;16600;17700;4;7
8661;17/04/2023 0:00;4;389;Persona;7;17800;22900;4;7
8662;18/04/2023 0:00;4;991;Persona;107;17300;19400;4;7
8663;18/04/2023 0:00;4;502;Persona;115;18400;21000;4;7
8664;18/04/2023 0:00;3;1086;Persona;143;17700;18700;1;4
8665;18/04/2023 0:00;3;886;Persona;19;17000;17900;1;4
8666;18/04/2023 0:00;3;1178;Persona;174;17400;20600;1;4
8667;18/04/2023 0:00;3;879;Persona;68;17300;21300;1;4
8668;18/04/2023 0:00;3;949;Persona;44;17900;22800;4;2
8669;18/04/2023 0:00;3;288;Persona;70;17300;20700;4;2
8670;18/04/2023 0:00;3;271;Persona;124;17500;21400;4;2
8671;18/04/2023 0:00;3;845;Persona;165;16900;19800;4;2
8672;18/04/2023 0:00;4;1006;Empresa;103;18000;22900;3;6
8673;19/04/2023 0:00;4;351;Empresa;115;18400;23800;3;6
8674;19/04/2023 0:00;4;24;Empresa;49;17300;20000;3;6
8675;19/04/2023 0:00;4;749;Empresa;81;17400;21100;3;6
8676;19/04/2023 0:00;1;941;Persona;172;17700;21700;4;5
8677;19/04/2023 0:00;1;1134;Persona;77;17300;18600;4;5
8678;19/04/2023 0:00;1;614;Persona;13;17300;19200;4;5
8679;19/04/2023 0:00;1;461;Persona;111;17500;19800;4;5
8680;19/04/2023 0:00;3;989;Persona;139;17100;21700;4;5
8681;19/04/2023 0:00;3;1146;Persona;69;17800;22500;4;5
8682;19/04/2023 0:00;3;15;Persona;89;17200;22000;4;5
8683;19/04/2023 0:00;3;990;Persona;143;17700;19000;4;5
8684;19/04/2023 0:00;3;356;Persona;42;17600;20700;1;4
8685;19/04/2023 0:00;3;545;Persona;66;18400;23300;1;4
8686;19/04/2023 0:00;3;153;Persona;168;17500;21300;1;4
8687;19/04/2023 0:00;3;174;Persona;23;17100;19400;1;4
8688;19/04/2023 0:00;4;934;Persona;178;17400;18900;1;9
8689;19/04/2023 0:00;4;52;Persona;142;17200;21600;1;9
8690;19/04/2023 0:00;4;196;Persona;55;17800;19500;1;9
8691;19/04/2023 0:00;4;1127;Persona;69;17800;20700;1;9
8692;19/04/2023 0:00;4;1057;Persona;170;17400;18400;4;7
8693;19/04/2023 0:00;4;272;Persona;115;18400;23400;4;7
8694;19/04/2023 0:00;4;401;Persona;111;17500;20000;4;7
8695;19/04/2023 0:00;4;239;Persona;8;18300;21700;4;7
8696;19/04/2023 0:00;2;857;Persona;11;17300;21200;4;1
8697;19/04/2023 0:00;2;696;Persona;98;18000;22700;4;1
8698;19/04/2023 0:00;2;521;Persona;178;17400;20400;4;1
8699;19/04/2023 0:00;2;563;Persona;159;17400;19000;4;1
8700;19/04/2023 0:00;1;499;Persona;54;17800;20400;4;3
8701;19/04/2023 0:00;1;250;Persona;1;16800;20600;4;3
8702;19/04/2023 0:00;1;716;Persona;90;17400;21300;4;3
8703;19/04/2023 0:00;1;880;Persona;165;16900;19200;4;3
8704;19/04/2023 0:00;1;1066;Persona;95;17700;21900;1;4
8705;19/04/2023 0:00;1;1112;Persona;88;17000;18900;1;4
8706;19/04/2023 0:00;1;455;Persona;28;17800;21100;1;4
8707;19/04/2023 0:00;1;38;Persona;123;18200;21300;1;4
8708;20/04/2023 0:00;3;1019;Persona;149;17600;19300;1;9
8709;20/04/2023 0:00;3;241;Persona;100;18100;21000;1;9
8710;20/04/2023 0:00;3;748;Persona;8;18300;19800;1;9
8711;20/04/2023 0:00;3;371;Persona;113;18000;22700;1;9
8712;20/04/2023 0:00;3;59;Persona;37;17600;21400;4;12
8713;20/04/2023 0:00;3;1041;Persona;18;17500;20000;4;12
8714;20/04/2023 0:00;3;785;Persona;178;17400;18500;4;12
8715;20/04/2023 0:00;3;897;Persona;123;18200;20800;4;12
8716;20/04/2023 0:00;3;942;Persona;166;18200;22900;4;1
8717;20/04/2023 0:00;3;707;Persona;170;17400;19700;4;1
8718;20/04/2023 0:00;3;860;Persona;131;17000;19400;4;1
8719;20/04/2023 0:00;3;968;Persona;74;18100;21700;4;1
8720;20/04/2023 0:00;4;882;Persona;168;17500;18400;2;8
8721;20/04/2023 0:00;4;880;Persona;115;18400;21500;2;8
8722;20/04/2023 0:00;4;1125;Persona;114;17800;22400;2;8
8723;20/04/2023 0:00;4;733;Persona;23;17100;20000;2;8
8724;20/04/2023 0:00;2;923;Persona;82;17700;22900;4;3
8725;20/04/2023 0:00;2;297;Persona;1;16800;19100;4;3
8726;20/04/2023 0:00;2;78;Persona;158;17400;20800;4;3
8727;21/04/2023 0:00;2;753;Persona;78;17200;20700;4;3
8728;21/04/2023 0:00;2;651;Persona;41;17600;21200;4;3
8729;21/04/2023 0:00;2;1064;Persona;127;17900;21700;4;3
8730;21/04/2023 0:00;2;1022;Persona;85;17600;18900;4;3
8731;21/04/2023 0:00;1;693;Persona;156;17200;19800;4;3
8732;21/04/2023 0:00;1;974;Persona;160;16800;21000;4;3
8733;21/04/2023 0:00;1;106;Persona;138;17400;21400;4;3
8734;21/04/2023 0:00;1;773;Persona;75;17000;20000;4;3
8735;21/04/2023 0:00;3;1011;Persona;21;18000;22500;4;10
8736;21/04/2023 0:00;3;936;Persona;53;16800;19300;4;10
8737;21/04/2023 0:00;3;446;Persona;64;17200;22200;4;10
8738;21/04/2023 0:00;4;612;Persona;121;17100;20500;1;9
8739;21/04/2023 0:00;4;37;Persona;129;17800;19500;1;9
8740;21/04/2023 0:00;4;796;Persona;110;17200;18500;1;9
8741;21/04/2023 0:00;4;1129;Persona;120;17600;20000;1;9
8742;21/04/2023 0:00;4;119;Persona;100;18100;22900;1;4
8743;21/04/2023 0:00;4;886;Persona;26;17200;18900;1;4
8744;21/04/2023 0:00;4;736;Persona;163;17800;18700;1;4
8745;21/04/2023 0:00;4;1129;Persona;97;17500;18700;1;4
8746;21/04/2023 0:00;4;422;Persona;153;17200;18400;4;10
8747;22/04/2023 0:00;4;104;Persona;8;18300;21900;4;10
8748;22/04/2023 0:00;4;179;Persona;98;18000;19200;4;10
8749;22/04/2023 0:00;4;113;Empresa;173;17500;22300;2;11
8750;22/04/2023 0:00;4;312;Empresa;30;17400;21200;2;11
8751;22/04/2023 0:00;4;155;Empresa;38;18100;21400;2;11
8752;22/04/2023 0:00;4;964;Empresa;37;17600;18600;2;11
8753;22/04/2023 0:00;3;1152;Empresa;70;17300;21900;2;11
8754;22/04/2023 0:00;3;116;Empresa;65;17100;18800;2;11
8755;22/04/2023 0:00;3;1041;Empresa;7;17800;22700;2;11
8756;22/04/2023 0:00;3;329;Empresa;152;16600;20900;2;11
8757;22/04/2023 0:00;2;1097;Empresa;95;17700;20200;4;2
8758;22/04/2023 0:00;2;389;Empresa;166;18200;21800;4;2
8759;23/04/2023 0:00;2;333;Empresa;58;17600;21400;4;2
8760;23/04/2023 0:00;2;1122;Empresa;2;16800;21100;4;2
8761;23/04/2023 0:00;2;1160;Empresa;126;18100;19000;1;4
8762;23/04/2023 0:00;2;449;Empresa;16;17800;19200;1;4
8763;23/04/2023 0:00;2;442;Empresa;26;17200;21700;1;4
8764;23/04/2023 0:00;2;129;Empresa;26;17200;20800;1;4
8765;23/04/2023 0:00;1;795;Persona;42;17600;20500;4;2
8766;23/04/2023 0:00;1;644;Persona;98;18000;19600;4;2
8767;23/04/2023 0:00;1;111;Persona;161;16600;19200;4;2
8768;23/04/2023 0:00;1;607;Persona;17;18100;21600;4;2
8769;23/04/2023 0:00;4;1009;Persona;57;17700;22500;4;1
8770;23/04/2023 0:00;4;191;Persona;2;16800;21300;4;1
8771;23/04/2023 0:00;4;179;Persona;134;18000;23100;4;1
8772;23/04/2023 0:00;4;952;Persona;42;17600;19100;4;1
8773;23/04/2023 0:00;3;257;Empresa;64;17200;19100;1;9
8774;23/04/2023 0:00;3;71;Empresa;88;17000;18100;1;9
8775;23/04/2023 0:00;3;500;Empresa;97;17500;19000;1;9
8776;23/04/2023 0:00;3;326;Empresa;91;18300;23300;1;9
8777;23/04/2023 0:00;2;982;Persona;41;17600;19600;1;9
8778;23/04/2023 0:00;2;1022;Persona;70;17300;21300;1;9
8779;23/04/2023 0:00;2;73;Persona;49;17300;19700;1;9
8780;23/04/2023 0:00;2;1104;Persona;63;17400;22000;1;9
8781;23/04/2023 0:00;2;238;Persona;17;18100;19100;4;3
8782;23/04/2023 0:00;2;822;Persona;166;18200;22800;4;3
8783;23/04/2023 0:00;2;597;Persona;169;18000;21100;4;3
8784;23/04/2023 0:00;2;9;Persona;149;17600;20700;4;3
8785;23/04/2023 0:00;2;646;Persona;3;17000;19300;2;8
8786;23/04/2023 0:00;2;726;Persona;148;17000;18900;2;8
8787;24/04/2023 0:00;2;716;Persona;172;17700;20000;2;8
8788;24/04/2023 0:00;2;226;Persona;69;17800;21900;2;8
8789;24/04/2023 0:00;1;313;Persona;138;17400;19600;4;7
8790;24/04/2023 0:00;1;780;Persona;140;17300;19300;4;7
8791;24/04/2023 0:00;1;894;Persona;173;17500;20100;4;7
8792;24/04/2023 0:00;1;1080;Persona;29;17700;21500;4;7
8793;24/04/2023 0:00;3;427;Persona;130;17900;20300;4;1
8794;24/04/2023 0:00;3;572;Persona;65;17100;21100;4;1
8795;24/04/2023 0:00;3;30;Persona;8;18300;22200;4;1
8796;24/04/2023 0:00;3;753;Persona;44;17900;19900;4;1
8797;24/04/2023 0:00;4;668;Persona;58;17600;22700;2;8
8798;24/04/2023 0:00;4;569;Persona;13;17300;21900;2;8
8799;24/04/2023 0:00;4;1157;Persona;125;17300;18800;2;8
8800;24/04/2023 0:00;4;218;Persona;76;17700;20800;2;8
8801;24/04/2023 0:00;2;729;Persona;104;17400;18900;4;2
8802;24/04/2023 0:00;2;54;Persona;115;18400;19500;4;2
8803;24/04/2023 0:00;2;823;Persona;46;16700;18400;4;2
8804;24/04/2023 0:00;2;110;Persona;8;18300;21400;4;2
8805;24/04/2023 0:00;1;1045;Persona;57;17700;20200;3;6
8806;24/04/2023 0:00;1;374;Persona;23;17100;19300;3;6
8807;25/04/2023 0:00;1;724;Persona;93;16800;17600;3;6
8808;25/04/2023 0:00;1;79;Persona;69;17800;19200;3;6
8809;25/04/2023 0:00;1;56;Persona;171;16800;21500;4;1
8810;25/04/2023 0:00;1;866;Persona;42;17600;20600;4;1
8811;25/04/2023 0:00;1;117;Persona;110;17200;22100;4;1
8812;25/04/2023 0:00;1;640;Persona;120;17600;22400;4;1
8813;25/04/2023 0:00;3;970;Persona;68;17300;19400;3;6
8814;25/04/2023 0:00;3;1009;Persona;163;17800;21100;3;6
8815;25/04/2023 0:00;3;255;Persona;142;17200;18700;3;6
8816;25/04/2023 0:00;3;920;Persona;19;17000;18200;3;6
8817;25/04/2023 0:00;2;1145;Persona;33;17100;21000;2;11
8818;25/04/2023 0:00;2;854;Persona;131;17000;21300;2;11
8819;25/04/2023 0:00;2;1042;Persona;110;17200;19400;2;11
8820;25/04/2023 0:00;2;112;Persona;71;17800;22100;2;11
8821;25/04/2023 0:00;2;994;Persona;134;18000;20300;1;4
8822;25/04/2023 0:00;2;880;Persona;73;17100;21000;1;4
8823;25/04/2023 0:00;2;1008;Persona;147;17300;20300;1;4
8824;25/04/2023 0:00;2;1152;Persona;8;18300;22000;1;4
8825;25/04/2023 0:00;2;186;Persona;160;16800;19800;1;4
8826;26/04/2023 0:00;2;1131;Persona;20;17600;21900;1;4
8827;26/04/2023 0:00;2;242;Persona;99;17500;19500;1;4
8828;26/04/2023 0:00;2;990;Persona;79;17700;22600;4;1
8829;26/04/2023 0:00;2;595;Persona;126;18100;23200;4;1
8830;26/04/2023 0:00;2;363;Persona;129;17800;19000;4;1
8831;26/04/2023 0:00;2;405;Persona;124;17500;21100;4;1
8832;26/04/2023 0:00;1;996;Persona;140;17300;19900;1;4
8833;26/04/2023 0:00;1;162;Persona;44;17900;22400;1;4
8834;26/04/2023 0:00;1;690;Persona;71;17800;20400;1;4
8835;26/04/2023 0:00;1;16;Persona;93;16800;19500;1;4
8836;26/04/2023 0:00;2;366;Empresa;171;16800;19300;4;1
8837;26/04/2023 0:00;2;497;Empresa;62;17100;20600;4;1
8838;26/04/2023 0:00;2;11;Empresa;168;17500;22000;4;1
8839;26/04/2023 0:00;2;115;Persona;166;18200;21200;1;4
8840;26/04/2023 0:00;2;95;Persona;58;17600;21200;1;4
8841;26/04/2023 0:00;2;304;Persona;41;17600;19000;1;4
8842;26/04/2023 0:00;2;1075;Persona;114;17800;20800;1;4
8843;26/04/2023 0:00;2;953;Persona;12;17400;18500;4;3
8844;26/04/2023 0:00;2;194;Persona;89;17200;22100;4;3
8845;26/04/2023 0:00;2;911;Persona;33;17100;19800;4;3
8846;26/04/2023 0:00;2;1031;Persona;120;17600;21300;4;3
8847;26/04/2023 0:00;1;628;Persona;37;17600;18600;2;11
8848;27/04/2023 0:00;1;552;Persona;88;17000;21400;2;11
8849;27/04/2023 0:00;1;639;Persona;7;17800;21400;2;11
8850;27/04/2023 0:00;1;647;Persona;4;17700;20000;2;11
8851;27/04/2023 0:00;4;323;Persona;124;17500;19600;4;7
8852;27/04/2023 0:00;4;595;Persona;123;18200;21500;4;7
8853;27/04/2023 0:00;4;522;Persona;66;18400;20900;4;7
8854;27/04/2023 0:00;4;919;Persona;118;18000;22800;4;7
8855;27/04/2023 0:00;2;168;Persona;152;16600;21500;1;9
8856;27/04/2023 0:00;2;1147;Persona;113;18000;21100;1;9
8857;27/04/2023 0:00;2;1051;Persona;73;17100;21500;1;9
8858;27/04/2023 0:00;2;153;Persona;124;17500;19600;1;9
8859;28/04/2023 0:00;1;1034;Persona;160;16800;19400;1;4
8860;28/04/2023 0:00;1;684;Persona;65;17100;20000;1;4
8861;28/04/2023 0:00;1;1131;Persona;102;17800;19800;1;4
8862;28/04/2023 0:00;1;284;Persona;89;17200;18900;1;4
8863;28/04/2023 0:00;4;934;Empresa;46;16700;20500;4;3
8864;28/04/2023 0:00;4;659;Empresa;7;17800;22300;4;3
8865;28/04/2023 0:00;4;1102;Empresa;179;17500;22200;4;3
8866;28/04/2023 0:00;4;385;Empresa;73;17100;20000;4;3
8867;29/04/2023 0:00;4;326;Persona;16;17800;21100;4;1
8868;29/04/2023 0:00;4;1043;Persona;98;18000;19300;4;1
8869;29/04/2023 0:00;4;137;Persona;116;17700;19600;4;1
8870;29/04/2023 0:00;4;896;Persona;42;17600;22300;4;1
8871;29/04/2023 0:00;3;462;Persona;146;17100;19400;1;4
8872;29/04/2023 0:00;3;108;Persona;13;17300;19700;1;4
8873;29/04/2023 0:00;3;556;Persona;47;17300;18900;1;4
8874;29/04/2023 0:00;3;1151;Persona;177;16600;18800;1;4
8875;29/04/2023 0:00;3;511;Persona;105;18200;19800;2;11
8876;29/04/2023 0:00;3;237;Persona;164;16800;18100;2;11
8877;29/04/2023 0:00;3;42;Persona;2;16800;20800;2;11
8878;29/04/2023 0:00;3;955;Persona;6;17100;19600;2;11
8879;29/04/2023 0:00;2;144;Empresa;133;17500;21500;4;5
8880;29/04/2023 0:00;2;964;Empresa;121;17100;20700;4;5
8881;29/04/2023 0:00;2;550;Empresa;63;17400;20300;4;5
8882;29/04/2023 0:00;2;667;Empresa;91;18300;22100;4;5
8883;29/04/2023 0:00;2;900;Persona;89;17200;20300;4;10
8884;29/04/2023 0:00;2;1086;Persona;119;17300;21700;4;10
8885;29/04/2023 0:00;2;934;Persona;44;17900;19300;4;10
8886;30/04/2023 0:00;2;643;Persona;142;17200;21300;4;10
8887;30/04/2023 0:00;1;372;Persona;96;17200;21900;4;10
8888;30/04/2023 0:00;1;785;Persona;163;17800;22900;4;10
8889;30/04/2023 0:00;1;543;Persona;46;16700;20400;4;10
8890;30/04/2023 0:00;1;1131;Persona;23;17100;18500;4;10
8891;30/04/2023 0:00;3;1018;Persona;53;16800;19300;4;10
8892;30/04/2023 0:00;3;748;Persona;105;18200;23400;4;10
8893;30/04/2023 0:00;3;546;Persona;141;18800;23300;4;10
8894;30/04/2023 0:00;3;265;Persona;63;17400;19300;4;10
8895;30/04/2023 0:00;3;785;Persona;78;17200;21200;2;8
8896;30/04/2023 0:00;3;435;Persona;140;17300;21900;2;8
8897;30/04/2023 0:00;3;765;Persona;41;17600;22700;2;8
8898;30/04/2023 0:00;3;424;Persona;104;17400;20600;2;8
8899;30/04/2023 0:00;3;391;Persona;49;17300;18800;4;3
8900;30/04/2023 0:00;3;921;Persona;25;17500;21500;4;3
8901;30/04/2023 0:00;3;1127;Persona;134;18000;22000;4;3
8902;30/04/2023 0:00;3;662;Persona;143;17700;21300;4;3
8903;30/04/2023 0:00;1;481;Persona;3;17000;17900;1;9
8904;30/04/2023 0:00;1;890;Persona;160;16800;19100;1;9
8905;30/04/2023 0:00;1;381;Persona;151;17200;20000;1;9
8906;30/04/2023 0:00;1;514;Persona;87;18000;21300;1;9
8907;30/04/2023 0:00;4;553;Persona;90;17400;18300;4;1
8908;30/04/2023 0:00;4;912;Persona;115;18400;23600;4;1
8909;30/04/2023 0:00;4;91;Persona;7;17800;21800;4;1
8910;30/04/2023 0:00;4;872;Persona;57;17700;19500;1;9
8911;30/04/2023 0:00;4;1134;Persona;135;17800;21800;1;9
8912;01/05/2023 0:00;4;1075;Persona;111;17500;19800;1;9
8913;01/05/2023 0:00;4;1148;Persona;88;17000;18700;1;9
8914;01/05/2023 0:00;2;1170;Persona;156;17200;20700;4;10
8915;01/05/2023 0:00;2;378;Persona;137;17800;21900;4;10
8916;01/05/2023 0:00;2;746;Persona;31;16500;20600;4;10
8917;01/05/2023 0:00;2;580;Persona;38;18100;19400;4;10
8918;01/05/2023 0:00;1;136;Persona;22;18000;21900;4;3
8919;01/05/2023 0:00;1;781;Persona;73;17100;18300;4;3
8920;01/05/2023 0:00;1;845;Persona;28;17800;22600;4;3
8921;01/05/2023 0:00;1;98;Persona;24;17200;19500;4;3
8922;01/05/2023 0:00;1;893;Persona;86;17000;20000;4;10
8923;01/05/2023 0:00;1;945;Persona;62;17100;21000;4;10
8924;01/05/2023 0:00;1;813;Persona;128;17500;19500;4;10
8925;01/05/2023 0:00;1;992;Persona;71;17800;22100;4;10
8926;01/05/2023 0:00;1;945;Persona;155;18000;22600;4;3
8927;01/05/2023 0:00;1;875;Persona;134;18000;21300;4;3
8928;01/05/2023 0:00;1;341;Persona;140;17300;21100;4;3
8929;01/05/2023 0:00;1;568;Persona;134;18000;21000;4;3
8930;01/05/2023 0:00;4;94;Persona;74;18100;20900;4;10
8931;01/05/2023 0:00;4;251;Persona;125;17300;21000;4;10
8932;01/05/2023 0:00;4;867;Persona;144;17200;18700;4;10
8933;01/05/2023 0:00;4;347;Persona;38;18100;21100;1;9
8934;01/05/2023 0:00;4;242;Persona;126;18100;22400;1;9
8935;01/05/2023 0:00;4;727;Persona;108;18300;20700;1;9
8936;01/05/2023 0:00;4;374;Persona;132;17200;19100;1;9
8937;01/05/2023 0:00;3;49;Persona;158;17400;21200;1;4
8938;01/05/2023 0:00;3;611;Persona;130;17900;19100;1;4
8939;01/05/2023 0:00;3;660;Persona;44;17900;21600;1;4
8940;02/05/2023 0:00;3;615;Persona;135;17800;19300;1;4
8941;02/05/2023 0:00;3;77;Empresa;16;17800;22600;4;10
8942;02/05/2023 0:00;3;617;Empresa;101;17500;18900;4;10
8943;02/05/2023 0:00;3;714;Empresa;89;17200;21300;4;10
8944;02/05/2023 0:00;1;141;Empresa;27;17400;21500;4;7
8945;02/05/2023 0:00;1;717;Empresa;10;16300;18700;4;7
8946;02/05/2023 0:00;1;188;Empresa;106;17600;20500;4;7
8947;02/05/2023 0:00;1;835;Empresa;11;17300;18300;4;7
8948;02/05/2023 0:00;1;293;Persona;92;17500;22500;1;9
8949;02/05/2023 0:00;1;442;Persona;139;17100;18700;1;9
8950;02/05/2023 0:00;1;566;Persona;127;17900;19400;1;9
8951;02/05/2023 0:00;1;956;Persona;168;17500;19400;1;9
8952;02/05/2023 0:00;1;815;Persona;96;17200;19300;4;10
8953;02/05/2023 0:00;1;837;Persona;162;18500;23300;4;10
8954;02/05/2023 0:00;1;697;Persona;59;18100;21600;4;10
8955;02/05/2023 0:00;1;67;Persona;12;17400;19200;4;10
8956;02/05/2023 0:00;4;357;Persona;162;18500;22400;2;11
8957;02/05/2023 0:00;4;3;Persona;59;18100;20500;2;11
8958;02/05/2023 0:00;4;49;Persona;52;17800;20200;2;11
8959;02/05/2023 0:00;4;1100;Persona;75;17000;22000;2;11
8960;02/05/2023 0:00;3;128;Persona;25;17500;18700;4;7
8961;02/05/2023 0:00;3;501;Persona;147;17300;21100;4;7
8962;02/05/2023 0:00;3;697;Persona;94;17500;19400;4;7
8963;02/05/2023 0:00;3;679;Persona;102;17800;21900;4;7
8964;02/05/2023 0:00;3;495;Persona;39;17200;21000;4;7
8965;02/05/2023 0:00;3;460;Persona;58;17600;19000;4;7
8966;02/05/2023 0:00;3;261;Persona;4;17700;22700;4;7
8967;02/05/2023 0:00;3;219;Persona;103;18000;21300;4;7
8968;02/05/2023 0:00;4;1160;Persona;99;17500;21500;4;7
8969;02/05/2023 0:00;4;636;Persona;89;17200;18800;4;7
8970;02/05/2023 0:00;4;335;Persona;158;17400;18600;4;7
8971;02/05/2023 0:00;4;155;Persona;26;17200;18500;4;7
8972;03/05/2023 0:00;4;515;Empresa;150;17600;22500;1;4
8973;03/05/2023 0:00;4;305;Empresa;148;17000;19800;1;4
8974;03/05/2023 0:00;4;1073;Empresa;43;18400;22900;1;4
8975;03/05/2023 0:00;4;479;Empresa;77;17300;19800;1;4
8976;03/05/2023 0:00;4;230;Persona;47;17300;19700;3;6
8977;03/05/2023 0:00;4;653;Persona;169;18000;20300;3;6
8978;03/05/2023 0:00;4;238;Persona;50;16300;17100;3;6
8979;03/05/2023 0:00;4;737;Persona;11;17300;18300;3;6
8980;03/05/2023 0:00;1;990;Persona;79;17700;18700;1;4
8981;03/05/2023 0:00;1;310;Persona;173;17500;19000;1;4
8982;03/05/2023 0:00;1;13;Persona;1;16800;20300;1;4
8983;03/05/2023 0:00;1;980;Persona;82;17700;19000;4;7
8984;03/05/2023 0:00;1;1123;Persona;92;17500;19200;4;7
8985;03/05/2023 0:00;1;192;Persona;92;17500;22200;4;7
8986;03/05/2023 0:00;1;718;Persona;6;17100;21100;4;7
8987;04/05/2023 0:00;1;192;Persona;56;17400;20300;2;8
8988;04/05/2023 0:00;1;182;Persona;14;16800;21400;2;8
8989;04/05/2023 0:00;1;228;Persona;163;17800;21000;2;8
8990;04/05/2023 0:00;1;428;Persona;153;17200;19800;2;8
8991;04/05/2023 0:00;4;1010;Persona;132;17200;19500;4;12
8992;04/05/2023 0:00;4;957;Persona;53;16800;21600;4;12
8993;04/05/2023 0:00;4;1001;Persona;86;17000;18100;4;12
8994;04/05/2023 0:00;4;1171;Persona;103;18000;20300;4;12
8995;04/05/2023 0:00;4;743;Persona;58;17600;21200;1;9
8996;04/05/2023 0:00;4;569;Persona;142;17200;20900;1;9
8997;04/05/2023 0:00;4;1025;Persona;127;17900;21700;1;9
8998;05/05/2023 0:00;2;1019;Persona;116;17700;21700;1;4
8999;05/05/2023 0:00;2;838;Persona;165;16900;18400;1;4
9000;05/05/2023 0:00;2;652;Persona;34;17500;19000;1;4
9001;05/05/2023 0:00;2;578;Persona;124;17500;19300;1;4
9002;05/05/2023 0:00;2;779;Persona;84;18500;23800;4;12
9003;05/05/2023 0:00;2;256;Persona;135;17800;19400;4;12
9004;05/05/2023 0:00;2;1090;Persona;108;18300;23200;4;12
9005;05/05/2023 0:00;2;603;Persona;58;17600;22800;4;12
9006;05/05/2023 0:00;2;104;Persona;127;17900;21000;4;7
9007;05/05/2023 0:00;2;766;Persona;74;18100;21600;4;7
9008;05/05/2023 0:00;2;694;Persona;114;17800;22100;4;7
9009;05/05/2023 0:00;2;28;Persona;143;17700;19300;4;7
9010;05/05/2023 0:00;3;668;Persona;148;17000;21800;4;7
9011;05/05/2023 0:00;3;867;Persona;40;17000;21000;4;7
9012;05/05/2023 0:00;3;956;Persona;11;17300;21100;4;7
9013;05/05/2023 0:00;3;551;Persona;33;17100;19800;4;7
9014;05/05/2023 0:00;3;620;Persona;135;17800;18800;1;4
9015;05/05/2023 0:00;3;703;Persona;178;17400;20100;1;4
9016;05/05/2023 0:00;3;858;Persona;107;17300;21400;1;4
9017;05/05/2023 0:00;3;20;Persona;94;17500;22700;1;4
9018;05/05/2023 0:00;4;670;Persona;134;18000;22900;4;10
9019;05/05/2023 0:00;4;229;Persona;90;17400;20800;4;10
9020;05/05/2023 0:00;4;424;Persona;137;17800;21400;4;10
9021;05/05/2023 0:00;4;588;Persona;161;16600;20700;4;10
9022;06/05/2023 0:00;3;861;Persona;52;17800;18900;4;10
9023;06/05/2023 0:00;3;1144;Persona;124;17500;20500;4;10
9024;06/05/2023 0:00;3;171;Persona;78;17200;20900;4;10
9025;06/05/2023 0:00;3;561;Persona;17;18100;19700;4;10
9026;06/05/2023 0:00;2;309;Persona;100;18100;20400;1;4
9027;06/05/2023 0:00;2;1015;Persona;46;16700;20700;1;4
9028;06/05/2023 0:00;2;941;Persona;169;18000;23000;1;4
9029;06/05/2023 0:00;2;721;Persona;116;17700;22800;1;4
9030;06/05/2023 0:00;4;770;Empresa;48;17100;19700;4;3
9031;06/05/2023 0:00;4;567;Empresa;174;17400;21300;4;3
9032;06/05/2023 0:00;4;615;Empresa;177;16600;17500;4;3
9033;06/05/2023 0:00;4;374;Empresa;14;16800;21500;4;3
9034;06/05/2023 0:00;2;452;Persona;73;17100;18400;4;12
9035;06/05/2023 0:00;2;991;Persona;167;18200;21800;4;12
9036;06/05/2023 0:00;2;450;Persona;15;17200;19600;4;12
9037;06/05/2023 0:00;2;95;Persona;116;17700;20600;4;12
9038;06/05/2023 0:00;1;525;Persona;40;17000;19900;4;3
9039;06/05/2023 0:00;1;864;Persona;60;17300;22400;4;3
9040;06/05/2023 0:00;1;937;Persona;87;18000;21500;4;3
9041;06/05/2023 0:00;1;1029;Persona;81;17400;19100;4;3
9042;06/05/2023 0:00;1;39;Persona;123;18200;23300;1;9
9043;06/05/2023 0:00;1;407;Persona;173;17500;20300;1;9
9044;07/05/2023 0:00;1;1102;Persona;160;16800;21700;1;9
9045;07/05/2023 0:00;1;651;Persona;114;17800;18800;1;9
9046;07/05/2023 0:00;1;996;Persona;132;17200;19100;1;9
9047;07/05/2023 0:00;1;178;Persona;161;16600;18100;1;9
9048;07/05/2023 0:00;1;230;Persona;34;17500;18600;1;9
9049;07/05/2023 0:00;1;429;Persona;61;17600;18800;1;9
9050;07/05/2023 0:00;1;281;Empresa;172;17700;18600;3;6
9051;07/05/2023 0:00;1;1105;Empresa;125;17300;18200;3;6
9052;07/05/2023 0:00;1;1114;Empresa;16;17800;21800;3;6
9053;07/05/2023 0:00;1;172;Empresa;135;17800;19300;3;6
9054;07/05/2023 0:00;4;229;Persona;114;17800;20700;4;3
9055;07/05/2023 0:00;4;144;Persona;24;17200;19700;4;3
9056;07/05/2023 0:00;4;937;Persona;24;17200;21400;4;3
9057;07/05/2023 0:00;4;506;Persona;58;17600;22200;4;3
9058;07/05/2023 0:00;2;149;Empresa;24;17200;18400;2;11
9059;07/05/2023 0:00;2;137;Empresa;147;17300;18700;2;11
9060;07/05/2023 0:00;2;1158;Empresa;85;17600;21300;2;11
9061;07/05/2023 0:00;2;31;Empresa;25;17500;21800;2;11
9062;07/05/2023 0:00;2;114;Persona;57;17700;19900;4;1
9063;07/05/2023 0:00;2;508;Persona;134;18000;23000;4;1
9064;07/05/2023 0:00;2;22;Persona;39;17200;20800;4;1
9065;07/05/2023 0:00;2;124;Persona;125;17300;21400;4;1
9066;07/05/2023 0:00;1;72;Persona;66;18400;23200;1;9
9067;07/05/2023 0:00;1;874;Persona;103;18000;19000;1;9
9068;07/05/2023 0:00;1;700;Persona;41;17600;22000;1;9
9069;07/05/2023 0:00;1;1178;Persona;121;17100;18800;1;9
9070;07/05/2023 0:00;1;660;Persona;144;17200;18600;4;10
9071;08/05/2023 0:00;1;1119;Persona;45;17500;19400;4;10
9072;08/05/2023 0:00;1;657;Persona;117;16800;20100;4;10
9073;08/05/2023 0:00;1;235;Persona;113;18000;22000;4;10
9074;08/05/2023 0:00;4;150;Empresa;118;18000;20400;4;1
9075;08/05/2023 0:00;4;1085;Empresa;43;18400;22900;4;1
9076;08/05/2023 0:00;4;166;Empresa;170;17400;19000;4;1
9077;08/05/2023 0:00;4;921;Empresa;105;18200;23600;4;1
9078;08/05/2023 0:00;3;4;Persona;174;17400;19300;4;3
9079;08/05/2023 0:00;3;921;Persona;28;17800;22800;4;3
9080;08/05/2023 0:00;3;385;Persona;101;17500;18800;4;3
9081;08/05/2023 0:00;3;38;Persona;153;17200;18500;4;3
9082;08/05/2023 0:00;4;1000;Persona;31;16500;18400;2;8
9083;08/05/2023 0:00;4;389;Persona;110;17200;21600;2;8
9084;08/05/2023 0:00;4;769;Persona;65;17100;19400;2;8
9085;08/05/2023 0:00;4;515;Persona;9;17100;19300;2;8
9086;08/05/2023 0:00;2;1126;Persona;19;17000;20200;4;2
9087;08/05/2023 0:00;2;1137;Persona;106;17600;18600;4;2
9088;08/05/2023 0:00;2;114;Persona;108;18300;22000;4;2
9089;08/05/2023 0:00;2;206;Persona;90;17400;19100;4;2
9090;08/05/2023 0:00;4;243;Persona;20;17600;19900;1;4
9091;08/05/2023 0:00;4;223;Persona;139;17100;21100;1;4
9092;08/05/2023 0:00;4;1021;Persona;81;17400;20000;1;4
9093;08/05/2023 0:00;4;993;Persona;143;17700;18800;1;4
9094;09/05/2023 0:00;2;317;Persona;178;17400;20400;4;10
9095;09/05/2023 0:00;2;441;Persona;157;18100;20000;4;10
9096;09/05/2023 0:00;2;943;Persona;35;18000;22400;4;10
9097;09/05/2023 0:00;2;1144;Persona;75;17000;21700;4;10
9098;09/05/2023 0:00;1;384;Persona;93;16800;18800;2;8
9099;09/05/2023 0:00;1;926;Persona;42;17600;21800;2;8
9100;09/05/2023 0:00;1;921;Persona;32;17800;19800;2;8
9101;09/05/2023 0:00;1;524;Persona;131;17000;19600;2;8
9102;09/05/2023 0:00;4;447;Persona;111;17500;19300;1;4
9103;09/05/2023 0:00;4;70;Persona;1;16800;18000;1;4
9104;09/05/2023 0:00;4;6;Persona;101;17500;21100;1;4
9105;09/05/2023 0:00;4;430;Persona;74;18100;19500;1;4
9106;09/05/2023 0:00;3;144;Persona;149;17600;20000;4;5
9107;09/05/2023 0:00;3;729;Persona;66;18400;20100;4;5
9108;09/05/2023 0:00;3;471;Persona;82;17700;22100;4;5
9109;10/05/2023 0:00;3;1136;Persona;31;16500;21100;4;5
9110;10/05/2023 0:00;3;80;Persona;168;17500;18900;4;2
9111;10/05/2023 0:00;3;662;Persona;57;17700;20000;4;2
9112;10/05/2023 0:00;3;632;Persona;9;17100;19400;4;2
9113;10/05/2023 0:00;3;594;Persona;60;17300;22200;4;2
9114;10/05/2023 0:00;2;1024;Persona;153;17200;19500;4;10
9115;10/05/2023 0:00;2;854;Persona;95;17700;22100;4;10
9116;10/05/2023 0:00;2;514;Persona;30;17400;22300;4;10
9117;11/05/2023 0:00;2;740;Persona;9;17100;22100;4;10
9118;11/05/2023 0:00;1;130;Empresa;63;17400;19300;1;4
9119;11/05/2023 0:00;1;1023;Empresa;21;18000;19800;1;4
9120;11/05/2023 0:00;1;425;Empresa;41;17600;21800;1;4
9121;11/05/2023 0:00;1;1064;Empresa;150;17600;22100;1;4
9122;11/05/2023 0:00;1;1092;Persona;70;17300;20600;4;1
9123;11/05/2023 0:00;1;476;Persona;1;16800;19000;4;1
9124;11/05/2023 0:00;1;1022;Persona;14;16800;18900;4;1
9125;11/05/2023 0:00;1;1095;Persona;147;17300;18400;4;1
9126;11/05/2023 0:00;4;383;Persona;168;17500;22400;2;8
9127;11/05/2023 0:00;4;507;Persona;68;17300;21900;2;8
9128;11/05/2023 0:00;4;339;Persona;172;17700;22100;2;8
9129;11/05/2023 0:00;1;113;Persona;77;17300;22100;3;6
9130;11/05/2023 0:00;1;228;Persona;103;18000;21600;3;6
9131;11/05/2023 0:00;1;239;Persona;133;17500;20200;3;6
9132;11/05/2023 0:00;1;93;Persona;134;18000;19600;3;6
9133;11/05/2023 0:00;4;538;Persona;9;17100;18200;4;12
9134;11/05/2023 0:00;4;1006;Persona;94;17500;19700;4;12
9135;11/05/2023 0:00;4;379;Persona;177;16600;18600;4;12
9136;11/05/2023 0:00;4;815;Persona;136;17600;20300;4;12
9137;11/05/2023 0:00;4;339;Empresa;31;16500;20200;3;6
9138;11/05/2023 0:00;4;63;Empresa;112;17500;19500;3;6
9139;11/05/2023 0:00;4;479;Empresa;163;17800;21500;3;6
9140;11/05/2023 0:00;4;671;Empresa;50;16300;17500;3;6
9141;11/05/2023 0:00;3;143;Persona;56;17400;22000;2;11
9142;11/05/2023 0:00;3;1086;Persona;56;17400;20000;2;11
9143;11/05/2023 0:00;3;505;Persona;32;17800;19400;2;11
9144;12/05/2023 0:00;2;472;Empresa;172;17700;18600;4;7
9145;12/05/2023 0:00;2;1164;Empresa;10;16300;18900;4;7
9146;12/05/2023 0:00;2;693;Empresa;73;17100;20800;4;7
9147;12/05/2023 0:00;2;147;Empresa;48;17100;18900;4;7
9148;12/05/2023 0:00;4;230;Persona;6;17100;18300;4;7
9149;12/05/2023 0:00;4;391;Persona;4;17700;20500;4;7
9150;12/05/2023 0:00;4;472;Persona;21;18000;21400;4;7
9151;12/05/2023 0:00;4;961;Persona;141;18800;24000;4;7
9152;12/05/2023 0:00;2;1035;Persona;156;17200;18900;4;5
9153;12/05/2023 0:00;2;1069;Persona;86;17000;17900;4;5
9154;12/05/2023 0:00;2;790;Persona;55;17800;20300;4;5
9155;12/05/2023 0:00;1;1162;Persona;41;17600;21600;4;7
9156;12/05/2023 0:00;1;805;Persona;108;18300;20600;4;7
9157;12/05/2023 0:00;1;122;Persona;13;17300;21100;4;7
9158;12/05/2023 0:00;1;368;Persona;68;17300;20000;4;7
9159;12/05/2023 0:00;3;280;Persona;64;17200;20200;4;2
9160;12/05/2023 0:00;3;366;Persona;66;18400;22500;4;2
9161;12/05/2023 0:00;3;590;Persona;129;17800;21100;4;2
9162;12/05/2023 0:00;3;365;Persona;71;17800;22200;4;2
9163;12/05/2023 0:00;1;66;Persona;154;17300;21600;1;4
9164;12/05/2023 0:00;1;313;Persona;31;16500;20100;1;4
9165;12/05/2023 0:00;1;925;Persona;97;17500;18500;1;4
9166;12/05/2023 0:00;1;1116;Persona;160;16800;19800;1;4
9167;12/05/2023 0:00;3;843;Persona;2;16800;20900;2;11
9168;13/05/2023 0:00;3;1114;Persona;172;17700;18800;2;11
9169;13/05/2023 0:00;3;1148;Persona;41;17600;19200;2;11
9170;13/05/2023 0:00;3;1011;Persona;111;17500;18400;2;11
9171;13/05/2023 0:00;2;384;Persona;62;17100;21400;4;5
9172;13/05/2023 0:00;2;146;Persona;162;18500;20300;4;5
9173;13/05/2023 0:00;2;1054;Persona;146;17100;20900;4;5
9174;13/05/2023 0:00;2;1145;Persona;141;18800;21200;4;5
9175;13/05/2023 0:00;2;953;Persona;37;17600;19500;4;3
9176;13/05/2023 0:00;2;700;Persona;78;17200;18100;4;3
9177;13/05/2023 0:00;2;616;Persona;119;17300;21600;4;3
9178;13/05/2023 0:00;2;367;Persona;30;17400;19900;4;3
9179;13/05/2023 0:00;2;388;Persona;136;17600;20300;4;1
9180;13/05/2023 0:00;2;785;Persona;131;17000;20600;4;1
9181;13/05/2023 0:00;2;136;Persona;4;17700;22700;4;1
9182;13/05/2023 0:00;2;631;Persona;85;17600;19400;4;1
9183;13/05/2023 0:00;2;632;Persona;88;17000;19500;4;12
9184;13/05/2023 0:00;2;642;Persona;32;17800;20100;4;12
9185;13/05/2023 0:00;2;513;Persona;89;17200;20500;4;12
9186;13/05/2023 0:00;2;1172;Persona;39;17200;22300;4;12
9187;13/05/2023 0:00;2;19;Persona;111;17500;20600;3;6
9188;13/05/2023 0:00;2;628;Persona;74;18100;20700;3;6
9189;13/05/2023 0:00;2;147;Persona;39;17200;18000;3;6
9190;13/05/2023 0:00;2;155;Persona;105;18200;21800;3;6
9191;13/05/2023 0:00;4;165;Persona;62;17100;19200;2;8
9192;13/05/2023 0:00;4;396;Persona;161;16600;21100;2;8
9193;14/05/2023 0:00;4;133;Persona;71;17800;22300;2;8
9194;14/05/2023 0:00;4;409;Persona;4;17700;20000;2;8
9195;14/05/2023 0:00;2;931;Persona;15;17200;18700;4;5
9196;14/05/2023 0:00;2;737;Persona;170;17400;21700;4;5
9197;14/05/2023 0:00;2;620;Persona;77;17300;20000;4;5
9198;14/05/2023 0:00;2;1016;Persona;75;17000;19800;4;5
9199;14/05/2023 0:00;2;1121;Persona;13;17300;20600;4;2
9200;14/05/2023 0:00;2;959;Persona;72;17800;21800;4;2
9201;14/05/2023 0:00;2;1003;Persona;27;17400;20400;4;2
9202;14/05/2023 0:00;2;1135;Persona;14;16800;21400;4;2
9203;14/05/2023 0:00;4;801;Persona;58;17600;22000;4;7
9204;14/05/2023 0:00;4;316;Persona;34;17500;18900;4;7
9205;14/05/2023 0:00;4;925;Persona;109;17700;19700;4;7
9206;14/05/2023 0:00;4;103;Persona;31;16500;17900;4;7
9207;14/05/2023 0:00;2;408;Persona;88;17000;21200;4;3
9208;14/05/2023 0:00;2;857;Persona;117;16800;19600;4;3
9209;14/05/2023 0:00;2;37;Persona;166;18200;21300;4;3
9210;14/05/2023 0:00;2;1137;Persona;75;17000;17900;4;3
9211;14/05/2023 0:00;2;445;Persona;40;17000;19200;4;10
9212;14/05/2023 0:00;2;13;Persona;128;17500;21700;4;10
9213;14/05/2023 0:00;2;149;Persona;151;17200;19000;4;10
9214;14/05/2023 0:00;2;436;Persona;133;17500;19200;4;10
9215;14/05/2023 0:00;3;312;Persona;30;17400;22500;2;8
9216;14/05/2023 0:00;3;52;Persona;167;18200;21400;2;8
9217;15/05/2023 0:00;3;407;Persona;167;18200;22600;2;8
9218;15/05/2023 0:00;3;829;Persona;133;17500;21900;2;8
9219;15/05/2023 0:00;2;184;Persona;30;17400;21100;4;12
9220;15/05/2023 0:00;2;1163;Persona;119;17300;20400;4;12
9221;15/05/2023 0:00;2;133;Persona;42;17600;21800;4;12
9222;15/05/2023 0:00;2;163;Persona;113;18000;20400;4;12
9223;15/05/2023 0:00;2;222;Persona;176;17600;22200;1;9
9224;15/05/2023 0:00;2;36;Persona;4;17700;22900;1;9
9225;15/05/2023 0:00;2;604;Persona;161;16600;19100;1;9
9226;15/05/2023 0:00;1;173;Persona;49;17300;21100;4;12
9227;15/05/2023 0:00;1;1051;Persona;128;17500;20300;4;12
9228;15/05/2023 0:00;1;222;Persona;72;17800;19900;4;12
9229;15/05/2023 0:00;1;1151;Persona;108;18300;22300;4;12
9230;15/05/2023 0:00;3;738;Persona;74;18100;19100;4;1
9231;15/05/2023 0:00;3;567;Persona;80;17400;18600;4;1
9232;15/05/2023 0:00;3;862;Persona;36;17600;22000;4;1
9233;16/05/2023 0:00;3;191;Persona;32;17800;23000;4;1
9234;16/05/2023 0:00;4;175;Persona;59;18100;21000;3;6
9235;16/05/2023 0:00;4;534;Persona;19;17000;20800;3;6
9236;16/05/2023 0:00;4;368;Persona;67;17700;19300;3;6
9237;16/05/2023 0:00;4;957;Persona;49;17300;21900;3;6
9238;16/05/2023 0:00;2;340;Empresa;131;17000;18400;2;8
9239;16/05/2023 0:00;2;984;Empresa;42;17600;21600;2;8
9240;16/05/2023 0:00;2;1009;Empresa;148;17000;18500;2;8
9241;16/05/2023 0:00;2;1000;Empresa;131;17000;21800;2;8
9242;16/05/2023 0:00;2;137;Empresa;71;17800;22900;4;7
9243;16/05/2023 0:00;2;342;Empresa;165;16900;19600;4;7
9244;16/05/2023 0:00;2;920;Empresa;6;17100;19000;4;7
9245;16/05/2023 0:00;2;620;Empresa;125;17300;21400;4;7
9246;16/05/2023 0:00;4;375;Persona;41;17600;21300;1;9
9247;16/05/2023 0:00;4;799;Persona;90;17400;19900;1;9
9248;16/05/2023 0:00;4;1013;Persona;51;17500;21400;1;9
9249;17/05/2023 0:00;4;82;Persona;119;17300;20500;1;9
9250;17/05/2023 0:00;3;31;Persona;158;17400;21600;2;8
9251;17/05/2023 0:00;3;267;Persona;81;17400;19600;2;8
9252;17/05/2023 0:00;3;254;Persona;140;17300;19100;2;8
9253;17/05/2023 0:00;3;124;Persona;101;17500;18900;2;8
9254;17/05/2023 0:00;4;808;Persona;43;18400;19900;1;9
9255;17/05/2023 0:00;4;1013;Persona;142;17200;22200;1;9
9256;17/05/2023 0:00;4;1142;Persona;149;17600;20300;1;9
9257;17/05/2023 0:00;4;487;Persona;128;17500;20800;1;9
9258;17/05/2023 0:00;1;377;Persona;93;16800;20500;4;12
9259;17/05/2023 0:00;1;859;Persona;154;17300;18500;4;12
9260;17/05/2023 0:00;1;24;Persona;25;17500;20800;4;12
9261;17/05/2023 0:00;1;622;Persona;145;17400;20500;4;12
9262;17/05/2023 0:00;1;1155;Empresa;39;17200;21000;3;6
9263;17/05/2023 0:00;1;503;Empresa;20;17600;21900;3;6
9264;17/05/2023 0:00;1;679;Empresa;108;18300;23200;3;6
9265;17/05/2023 0:00;1;203;Empresa;112;17500;19100;3;6
9266;17/05/2023 0:00;3;898;Persona;20;17600;22200;3;6
9267;17/05/2023 0:00;3;410;Persona;129;17800;20300;3;6
9268;17/05/2023 0:00;3;509;Persona;55;17800;20500;3;6
9269;17/05/2023 0:00;3;533;Persona;164;16800;21200;3;6
9270;17/05/2023 0:00;3;1098;Persona;138;17400;18600;1;9
9271;17/05/2023 0:00;3;521;Persona;48;17100;18000;1;9
9272;17/05/2023 0:00;3;18;Persona;78;17200;22000;1;9
9273;17/05/2023 0:00;4;191;Persona;122;17000;18800;4;1
9274;17/05/2023 0:00;4;709;Persona;159;17400;21700;4;1
9275;17/05/2023 0:00;4;714;Persona;112;17500;18700;4;1
9276;17/05/2023 0:00;4;775;Persona;5;17200;21000;4;1
9277;17/05/2023 0:00;2;86;Persona;125;17300;22200;4;5
9278;17/05/2023 0:00;2;689;Persona;30;17400;19400;4;5
9279;17/05/2023 0:00;2;667;Persona;115;18400;20800;4;5
9280;17/05/2023 0:00;2;1052;Persona;165;16900;18500;4;5
9281;18/05/2023 0:00;1;958;Persona;48;17100;20400;4;5
9282;18/05/2023 0:00;1;1028;Persona;11;17300;21200;4;5
9283;18/05/2023 0:00;1;779;Persona;152;16600;18900;4;5
9284;18/05/2023 0:00;1;35;Persona;65;17100;19800;4;5
9285;18/05/2023 0:00;4;571;Persona;69;17800;20600;2;8
9286;18/05/2023 0:00;4;727;Persona;29;17700;22000;2;8
9287;18/05/2023 0:00;4;1151;Persona;124;17500;20700;2;8
9288;18/05/2023 0:00;4;163;Persona;15;17200;20600;2;8
9289;18/05/2023 0:00;3;366;Persona;70;17300;21100;2;11
9290;18/05/2023 0:00;3;803;Persona;12;17400;18900;2;11
9291;18/05/2023 0:00;3;1162;Persona;103;18000;22800;2;11
9292;18/05/2023 0:00;3;1066;Persona;117;16800;21000;2;11
9293;18/05/2023 0:00;3;875;Persona;129;17800;22000;3;6
9294;18/05/2023 0:00;3;242;Persona;136;17600;20700;3;6
9295;18/05/2023 0:00;3;43;Persona;52;17800;21000;3;6
9296;18/05/2023 0:00;3;236;Persona;150;17600;21300;3;6
9297;18/05/2023 0:00;3;65;Persona;24;17200;18000;2;8
9298;18/05/2023 0:00;3;472;Persona;66;18400;19700;2;8
9299;18/05/2023 0:00;3;464;Persona;104;17400;18300;2;8
9300;18/05/2023 0:00;3;217;Persona;32;17800;21700;2;8
9301;19/05/2023 0:00;2;540;Persona;5;17200;20600;4;3
9302;19/05/2023 0:00;2;1146;Persona;102;17800;20000;4;3
9303;19/05/2023 0:00;2;549;Persona;66;18400;20400;4;3
9304;19/05/2023 0:00;2;738;Persona;26;17200;21900;4;3
9305;19/05/2023 0:00;2;581;Persona;178;17400;19400;2;8
9306;19/05/2023 0:00;2;189;Persona;100;18100;21500;2;8
9307;19/05/2023 0:00;2;235;Persona;68;17300;18500;2;8
9308;19/05/2023 0:00;2;762;Persona;119;17300;21200;2;8
9309;19/05/2023 0:00;2;371;Persona;25;17500;19800;4;12
9310;19/05/2023 0:00;2;661;Persona;22;18000;20500;4;12
9311;19/05/2023 0:00;2;737;Persona;114;17800;21700;4;12
9312;19/05/2023 0:00;2;618;Persona;119;17300;20100;4;12
9313;19/05/2023 0:00;2;178;Persona;148;17000;21400;3;6
9314;19/05/2023 0:00;2;855;Persona;167;18200;19300;3;6
9315;19/05/2023 0:00;2;448;Persona;20;17600;21400;3;6
9316;19/05/2023 0:00;2;1104;Persona;168;17500;18400;3;6
9317;19/05/2023 0:00;2;462;Persona;165;16900;17700;4;7
9318;19/05/2023 0:00;2;62;Persona;27;17400;22300;4;7
9319;19/05/2023 0:00;2;233;Persona;81;17400;19700;4;7
9320;19/05/2023 0:00;1;368;Persona;146;17100;20300;4;3
9321;19/05/2023 0:00;1;263;Persona;130;17900;22600;4;3
9322;19/05/2023 0:00;1;161;Persona;136;17600;18800;4;3
9323;19/05/2023 0:00;1;666;Persona;93;16800;21700;4;3
9324;20/05/2023 0:00;4;1110;Persona;156;17200;18400;1;9
9325;20/05/2023 0:00;4;783;Persona;135;17800;22900;1;9
9326;20/05/2023 0:00;4;594;Persona;142;17200;18300;1;9
9327;20/05/2023 0:00;4;307;Persona;43;18400;21600;1;9
9328;20/05/2023 0:00;3;1113;Persona;76;17700;19000;4;10
9329;20/05/2023 0:00;3;344;Persona;108;18300;19400;4;10
9330;20/05/2023 0:00;3;917;Persona;103;18000;21600;4;10
9331;20/05/2023 0:00;3;342;Persona;134;18000;22000;4;10
9332;20/05/2023 0:00;2;630;Persona;3;17000;17900;3;6
9333;20/05/2023 0:00;2;685;Persona;72;17800;21500;3;6
9334;20/05/2023 0:00;2;492;Persona;80;17400;21200;3;6
9335;20/05/2023 0:00;2;163;Persona;141;18800;22800;3;6
9336;20/05/2023 0:00;1;12;Persona;175;17800;19400;4;1
9337;20/05/2023 0:00;1;567;Persona;67;17700;21400;4;1
9338;20/05/2023 0:00;1;783;Persona;53;16800;21700;4;1
9339;20/05/2023 0:00;1;163;Persona;73;17100;21800;4;1
9340;20/05/2023 0:00;1;823;Persona;164;16800;18500;3;6
9341;20/05/2023 0:00;1;864;Persona;94;17500;19900;3;6
9342;20/05/2023 0:00;1;189;Persona;23;17100;20200;3;6
9343;20/05/2023 0:00;2;679;Persona;29;17700;22400;4;3
9344;20/05/2023 0:00;2;1114;Persona;134;18000;20200;4;3
9345;20/05/2023 0:00;2;1098;Persona;67;17700;19800;4;3
9346;20/05/2023 0:00;2;456;Persona;86;17000;21400;4;3
9347;20/05/2023 0:00;1;136;Persona;53;16800;20300;4;12
9348;20/05/2023 0:00;1;1068;Persona;155;18000;19800;4;12
9349;20/05/2023 0:00;1;617;Persona;36;17600;19800;4;12
9350;20/05/2023 0:00;1;270;Persona;81;17400;18600;4;12
9351;20/05/2023 0:00;1;86;Persona;102;17800;20700;4;3
9352;20/05/2023 0:00;1;579;Persona;2;16800;18900;4;3
9353;20/05/2023 0:00;1;629;Persona;97;17500;21600;4;3
9354;20/05/2023 0:00;1;372;Persona;110;17200;19300;4;3
9355;20/05/2023 0:00;4;785;Persona;106;17600;19200;3;6
9356;20/05/2023 0:00;4;248;Persona;51;17500;18900;3;6
9357;20/05/2023 0:00;4;858;Persona;156;17200;19100;3;6
9358;20/05/2023 0:00;4;352;Persona;133;17500;19000;3;6
9359;20/05/2023 0:00;3;778;Persona;116;17700;22600;4;5
9360;21/05/2023 0:00;3;574;Persona;14;16800;19400;4;5
9361;21/05/2023 0:00;3;934;Persona;12;17400;20600;4;5
9362;21/05/2023 0:00;3;197;Persona;107;17300;20700;4;5
9363;21/05/2023 0:00;3;821;Persona;137;17800;18700;1;9
9364;21/05/2023 0:00;3;153;Persona;23;17100;19100;1;9
9365;21/05/2023 0:00;3;1073;Persona;148;17000;21600;1;9
9366;21/05/2023 0:00;3;18;Persona;130;17900;22600;1;9
9367;21/05/2023 0:00;3;886;Empresa;124;17500;19200;4;1
9368;21/05/2023 0:00;3;713;Empresa;101;17500;20600;4;1
9369;21/05/2023 0:00;3;319;Empresa;172;17700;20100;4;1
9370;21/05/2023 0:00;3;768;Empresa;2;16800;21100;4;1
9371;22/05/2023 0:00;3;563;Persona;147;17300;18400;3;6
9372;22/05/2023 0:00;3;162;Persona;80;17400;22200;3;6
9373;22/05/2023 0:00;3;905;Persona;82;17700;19300;3;6
9374;22/05/2023 0:00;3;76;Persona;23;17100;18400;3;6
9375;22/05/2023 0:00;2;249;Persona;88;17000;17900;1;9
9376;22/05/2023 0:00;2;1173;Persona;120;17600;22000;1;9
9377;22/05/2023 0:00;2;199;Persona;29;17700;21800;1;9
9378;22/05/2023 0:00;2;757;Persona;60;17300;21200;1;9
9379;22/05/2023 0:00;2;882;Persona;98;18000;20400;2;8
9380;22/05/2023 0:00;2;315;Persona;135;17800;19800;2;8
9381;22/05/2023 0:00;2;151;Persona;64;17200;18900;2;8
9382;23/05/2023 0:00;2;254;Persona;177;16600;21500;2;8
9383;23/05/2023 0:00;4;216;Empresa;166;18200;19100;2;8
9384;23/05/2023 0:00;4;656;Empresa;72;17800;21700;2;8
9385;23/05/2023 0:00;4;235;Empresa;40;17000;21400;2;8
9386;24/05/2023 0:00;4;471;Empresa;124;17500;19500;2;8
9387;24/05/2023 0:00;1;1126;Persona;145;17400;20000;4;5
9388;24/05/2023 0:00;1;492;Persona;99;17500;21100;4;5
9389;24/05/2023 0:00;1;204;Persona;15;17200;18400;4;5
9390;24/05/2023 0:00;1;183;Persona;111;17500;21000;4;5
9391;24/05/2023 0:00;4;1001;Empresa;168;17500;22400;4;7
9392;24/05/2023 0:00;4;725;Empresa;68;17300;19600;4;7
9393;24/05/2023 0:00;4;618;Empresa;171;16800;21500;4;7
9394;24/05/2023 0:00;4;1051;Empresa;87;18000;19600;4;7
9395;24/05/2023 0:00;3;879;Empresa;4;17700;21000;3;6
9396;24/05/2023 0:00;3;528;Empresa;106;17600;18900;3;6
9397;25/05/2023 0:00;3;340;Empresa;129;17800;19900;3;6
9398;25/05/2023 0:00;3;847;Empresa;162;18500;22600;3;6
9399;25/05/2023 0:00;3;1097;Empresa;73;17100;18500;4;1
9400;25/05/2023 0:00;3;411;Empresa;53;16800;18800;4;1
9401;25/05/2023 0:00;3;661;Empresa;36;17600;20800;4;1
9402;25/05/2023 0:00;4;149;Persona;107;17300;19300;1;4
9403;25/05/2023 0:00;4;580;Persona;150;17600;22000;1;4
9404;25/05/2023 0:00;4;894;Persona;42;17600;18700;1;4
9405;25/05/2023 0:00;4;567;Persona;99;17500;19200;1;4
9406;25/05/2023 0:00;3;173;Persona;116;17700;22100;4;3
9407;25/05/2023 0:00;3;466;Persona;77;17300;20700;4;3
9408;26/05/2023 0:00;3;162;Persona;88;17000;20500;4;3
9409;26/05/2023 0:00;3;569;Persona;175;17800;19900;4;3
9410;26/05/2023 0:00;3;985;Persona;144;17200;20800;4;3
9411;26/05/2023 0:00;3;635;Persona;17;18100;21600;4;3
9412;26/05/2023 0:00;3;781;Persona;165;16900;17700;4;3
9413;26/05/2023 0:00;3;893;Persona;116;17700;20200;4;3
9414;26/05/2023 0:00;3;901;Persona;58;17600;22100;3;6
9415;26/05/2023 0:00;3;590;Persona;146;17100;19300;3;6
9416;26/05/2023 0:00;3;1041;Persona;10;16300;18400;3;6
9417;26/05/2023 0:00;3;409;Persona;79;17700;21700;3;6
9418;26/05/2023 0:00;2;553;Persona;11;17300;18600;1;4
9419;26/05/2023 0:00;2;150;Persona;64;17200;21600;1;4
9420;28/05/2023 0:00;2;610;Persona;17;18100;20400;1;4
9421;28/05/2023 0:00;2;616;Persona;109;17700;22200;1;4
9422;28/05/2023 0:00;1;1175;Persona;78;17200;21800;4;1
9423;28/05/2023 0:00;1;357;Persona;117;16800;18400;4;1
9424;28/05/2023 0:00;1;1084;Persona;167;18200;19100;4;1
9425;28/05/2023 0:00;1;1004;Persona;74;18100;22100;4;1
9426;28/05/2023 0:00;4;192;Persona;143;17700;18700;4;12
9427;28/05/2023 0:00;4;184;Persona;107;17300;18600;4;12
9428;28/05/2023 0:00;4;985;Persona;159;17400;21800;4;12
9429;28/05/2023 0:00;4;726;Persona;149;17600;22800;4;12
9430;28/05/2023 0:00;4;848;Persona;111;17500;19300;1;9
9431;28/05/2023 0:00;4;633;Persona;15;17200;19300;1;9
9432;29/05/2023 0:00;4;659;Persona;15;17200;20600;1;9
9433;29/05/2023 0:00;2;553;Persona;93;16800;20700;1;9
9434;29/05/2023 0:00;2;842;Persona;97;17500;18400;1;9
9435;29/05/2023 0:00;2;1161;Persona;143;17700;19700;1;9
9436;30/05/2023 0:00;2;1161;Persona;146;17100;20200;1;9
9437;30/05/2023 0:00;2;996;Persona;36;17600;19300;2;11
9438;30/05/2023 0:00;2;1092;Persona;26;17200;21100;2;11
9439;30/05/2023 0:00;2;251;Persona;149;17600;21200;2;11
9440;30/05/2023 0:00;2;1138;Persona;81;17400;20400;2;11
9441;30/05/2023 0:00;2;396;Persona;35;18000;23300;4;1
9442;30/05/2023 0:00;2;1023;Persona;86;17000;21600;4;1
9443;30/05/2023 0:00;2;359;Persona;55;17800;21000;4;1
9444;30/05/2023 0:00;2;1139;Persona;4;17700;21300;4;1
9445;30/05/2023 0:00;2;505;Persona;54;17800;20400;1;9
9446;30/05/2023 0:00;2;171;Persona;47;17300;21200;1;9
9447;30/05/2023 0:00;2;631;Persona;36;17600;19200;1;9
9448;30/05/2023 0:00;2;416;Persona;167;18200;22500;1;9
9449;30/05/2023 0:00;2;237;Empresa;71;17800;19900;1;4
9450;30/05/2023 0:00;2;102;Empresa;142;17200;22200;1;4
9451;30/05/2023 0:00;2;277;Empresa;150;17600;20400;1;4
9452;30/05/2023 0:00;2;857;Empresa;36;17600;20900;1;4
9453;30/05/2023 0:00;2;223;Empresa;97;17500;19300;1;4
9454;30/05/2023 0:00;2;897;Empresa;176;17600;20700;1;4
9455;30/05/2023 0:00;2;496;Empresa;92;17500;21600;1;4
9456;30/05/2023 0:00;2;1154;Empresa;59;18100;22500;1;4
9457;30/05/2023 0:00;2;80;Persona;112;17500;21700;1;4
9458;30/05/2023 0:00;2;354;Persona;91;18300;20600;1;4
9459;30/05/2023 0:00;2;465;Persona;161;16600;19300;1;4
9460;30/05/2023 0:00;2;308;Persona;92;17500;18500;1;4
9461;30/05/2023 0:00;1;89;Persona;20;17600;21600;4;2
9462;30/05/2023 0:00;1;364;Persona;109;17700;22600;4;2
9463;30/05/2023 0:00;1;677;Persona;99;17500;22100;4;2
9464;31/05/2023 0:00;1;648;Persona;136;17600;21000;4;2
9465;31/05/2023 0:00;1;818;Persona;170;17400;22500;2;11
9466;31/05/2023 0:00;1;886;Persona;138;17400;19400;2;11
9467;31/05/2023 0:00;1;918;Persona;176;17600;20300;2;11
9468;31/05/2023 0:00;1;899;Persona;126;18100;19700;2;11
9469;31/05/2023 0:00;3;621;Persona;146;17100;21700;2;11
9470;31/05/2023 0:00;3;877;Persona;26;17200;18200;2;11
9471;31/05/2023 0:00;3;83;Persona;144;17200;19900;2;11
9472;31/05/2023 0:00;3;53;Persona;64;17200;20800;2;11
9473;31/05/2023 0:00;1;243;Persona;170;17400;19700;1;4
9474;31/05/2023 0:00;1;205;Persona;111;17500;19800;1;4
9475;31/05/2023 0:00;1;588;Persona;102;17800;18800;1;4
9476;31/05/2023 0:00;1;207;Persona;11;17300;22000;1;4
9477;31/05/2023 0:00;1;78;Persona;126;18100;20700;4;10
9478;31/05/2023 0:00;1;1114;Persona;169;18000;21800;4;10
9479;31/05/2023 0:00;1;126;Persona;95;17700;18900;4;10
9480;01/06/2023 0:00;1;221;Persona;111;17500;22600;4;10
9481;01/06/2023 0:00;3;721;Empresa;159;17400;20600;4;12
9482;01/06/2023 0:00;3;613;Empresa;158;17400;22300;4;12
9483;01/06/2023 0:00;3;731;Empresa;102;17800;20900;4;12
9484;01/06/2023 0:00;3;119;Empresa;71;17800;22200;4;12
9485;01/06/2023 0:00;4;585;Persona;80;17400;20000;2;11
9486;01/06/2023 0:00;4;414;Persona;141;18800;21600;2;11
9487;01/06/2023 0:00;4;842;Persona;86;17000;19700;2;11
9488;01/06/2023 0:00;4;612;Persona;114;17800;21300;2;11
9489;01/06/2023 0:00;2;443;Persona;86;17000;18100;4;10
9490;01/06/2023 0:00;2;70;Persona;137;17800;20500;4;10
9491;01/06/2023 0:00;2;406;Persona;144;17200;19700;4;10
9492;01/06/2023 0:00;2;98;Persona;151;17200;19700;4;10
9493;01/06/2023 0:00;1;1139;Persona;165;16900;21400;2;8
9494;01/06/2023 0:00;1;1076;Persona;31;16500;21000;2;8
9495;01/06/2023 0:00;1;1150;Persona;95;17700;20200;2;8
9496;01/06/2023 0:00;1;232;Persona;104;17400;21900;2;8
9497;01/06/2023 0:00;4;54;Persona;31;16500;20700;2;11
9498;01/06/2023 0:00;4;492;Persona;88;17000;19200;2;11
9499;01/06/2023 0:00;4;284;Persona;3;17000;20100;2;11
9500;01/06/2023 0:00;4;272;Persona;28;17800;20100;2;11
9501;01/06/2023 0:00;4;828;Persona;27;17400;21300;4;10
9502;01/06/2023 0:00;4;39;Persona;96;17200;21300;4;10
9503;02/06/2023 0:00;4;851;Persona;72;17800;18700;4;10
9504;02/06/2023 0:00;4;744;Persona;175;17800;23000;4;10
9505;02/06/2023 0:00;3;293;Persona;64;17200;19000;4;3
9506;02/06/2023 0:00;3;103;Persona;76;17700;21700;4;3
9507;02/06/2023 0:00;3;1051;Persona;152;16600;20100;4;3
9508;02/06/2023 0:00;3;1137;Persona;45;17500;19700;4;3
9509;02/06/2023 0:00;3;1074;Empresa;105;18200;21400;1;4
9510;02/06/2023 0:00;3;540;Empresa;45;17500;22200;1;4
9511;02/06/2023 0:00;3;652;Empresa;116;17700;20300;1;4
9512;02/06/2023 0:00;3;1110;Empresa;2;16800;18800;1;4
9513;02/06/2023 0:00;3;73;Persona;99;17500;21500;4;3
9514;02/06/2023 0:00;3;126;Persona;150;17600;19000;4;3
9515;02/06/2023 0:00;3;415;Persona;66;18400;21000;4;3
9516;02/06/2023 0:00;3;788;Persona;77;17300;20500;4;3
9517;02/06/2023 0:00;2;365;Persona;80;17400;19500;1;9
9518;03/06/2023 0:00;2;101;Persona;11;17300;20200;1;9
9519;03/06/2023 0:00;2;1066;Persona;110;17200;19000;1;9
9520;03/06/2023 0:00;2;586;Persona;178;17400;19200;1;9
9521;03/06/2023 0:00;2;63;Persona;159;17400;21600;3;6
9522;03/06/2023 0:00;2;51;Persona;59;18100;22500;3;6
9523;03/06/2023 0:00;2;865;Persona;146;17100;18000;3;6
9524;03/06/2023 0:00;4;719;Persona;42;17600;21900;4;5
9525;03/06/2023 0:00;4;829;Persona;78;17200;18400;4;5
9526;03/06/2023 0:00;4;698;Persona;30;17400;22400;4;5
9527;03/06/2023 0:00;4;226;Persona;158;17400;21200;4;5
9528;03/06/2023 0:00;4;663;Persona;178;17400;22500;4;3
9529;03/06/2023 0:00;4;282;Persona;165;16900;21200;4;3
9530;04/06/2023 0:00;4;1007;Persona;36;17600;21800;4;3
9531;04/06/2023 0:00;2;426;Persona;35;18000;21500;4;1
9532;04/06/2023 0:00;2;905;Persona;19;17000;20000;4;1
9533;04/06/2023 0:00;2;640;Persona;158;17400;21500;4;1
9534;04/06/2023 0:00;2;285;Persona;125;17300;21500;4;1
9535;04/06/2023 0:00;1;741;Empresa;160;16800;17900;2;11
9536;04/06/2023 0:00;1;328;Empresa;149;17600;22400;2;11
9537;04/06/2023 0:00;1;460;Empresa;143;17700;22400;2;11
9538;04/06/2023 0:00;1;227;Empresa;122;17000;19600;2;11
9539;04/06/2023 0:00;1;879;Persona;174;17400;20900;1;4
9540;04/06/2023 0:00;1;525;Persona;11;17300;19500;1;4
9541;04/06/2023 0:00;1;803;Persona;171;16800;19600;1;4
9542;04/06/2023 0:00;1;131;Persona;121;17100;18900;1;4
9543;04/06/2023 0:00;3;11;Persona;28;17800;21700;1;9
9544;04/06/2023 0:00;3;1056;Persona;59;18100;19300;1;9
9545;04/06/2023 0:00;3;779;Persona;130;17900;22800;1;9
9546;04/06/2023 0:00;3;28;Persona;10;16300;20300;1;9
9547;04/06/2023 0:00;2;348;Persona;22;18000;22400;1;9
9548;04/06/2023 0:00;2;925;Persona;157;18100;21600;1;9
9549;04/06/2023 0:00;2;558;Persona;149;17600;18800;1;9
9550;04/06/2023 0:00;2;727;Persona;6;17100;20700;1;9
9551;04/06/2023 0:00;1;249;Persona;34;17500;21000;4;12
9552;04/06/2023 0:00;1;665;Persona;112;17500;21800;4;12
9553;04/06/2023 0:00;1;261;Persona;142;17200;20300;4;12
9554;05/06/2023 0:00;1;197;Persona;113;18000;22900;4;12
9555;05/06/2023 0:00;2;735;Empresa;128;17500;18500;4;12
9556;05/06/2023 0:00;2;510;Empresa;19;17000;19700;4;12
9557;05/06/2023 0:00;2;749;Empresa;41;17600;21100;4;12
9558;05/06/2023 0:00;2;1071;Empresa;54;17800;21300;4;12
9559;05/06/2023 0:00;1;1062;Persona;168;17500;20600;4;10
9560;05/06/2023 0:00;1;906;Persona;11;17300;19600;4;10
9561;05/06/2023 0:00;1;593;Persona;11;17300;20000;4;10
9562;05/06/2023 0:00;1;546;Persona;15;17200;18700;4;10
9563;05/06/2023 0:00;3;558;Empresa;96;17200;20000;2;11
9564;05/06/2023 0:00;3;781;Empresa;108;18300;21700;2;11
9565;05/06/2023 0:00;3;678;Empresa;107;17300;20200;2;11
9566;06/06/2023 0:00;3;312;Empresa;91;18300;19900;2;11
9567;06/06/2023 0:00;4;1014;Persona;83;17300;22200;3;6
9568;06/06/2023 0:00;4;205;Persona;47;17300;20500;3;6
9569;06/06/2023 0:00;4;1054;Persona;144;17200;20100;3;6
9570;06/06/2023 0:00;4;860;Persona;148;17000;19500;3;6
9571;06/06/2023 0:00;1;38;Persona;64;17200;18700;4;10
9572;06/06/2023 0:00;1;780;Persona;103;18000;22200;4;10
9573;06/06/2023 0:00;1;99;Persona;20;17600;21500;4;10
9574;06/06/2023 0:00;1;749;Persona;41;17600;20800;4;7
9575;06/06/2023 0:00;1;1093;Persona;39;17200;18700;4;7
9576;06/06/2023 0:00;1;76;Persona;80;17400;20300;4;7
9577;07/06/2023 0:00;1;955;Persona;90;17400;21700;4;7
9578;07/06/2023 0:00;2;459;Persona;49;17300;18400;2;11
9579;07/06/2023 0:00;2;621;Persona;18;17500;21100;2;11
9580;07/06/2023 0:00;2;990;Persona;9;17100;21100;2;11
9581;07/06/2023 0:00;2;813;Persona;92;17500;18400;2;11
9582;07/06/2023 0:00;2;406;Empresa;122;17000;19300;2;11
9583;07/06/2023 0:00;2;778;Empresa;62;17100;20200;2;11
9584;07/06/2023 0:00;2;1171;Empresa;113;18000;19300;2;11
9585;07/06/2023 0:00;2;381;Empresa;60;17300;20600;2;11
9586;07/06/2023 0:00;2;802;Persona;15;17200;19100;4;2
9587;07/06/2023 0:00;2;940;Persona;18;17500;20500;4;2
9588;07/06/2023 0:00;2;610;Persona;160;16800;21800;4;2
9589;07/06/2023 0:00;2;349;Persona;143;17700;20400;4;2
9590;07/06/2023 0:00;1;784;Persona;133;17500;21000;4;5
9591;07/06/2023 0:00;1;737;Persona;144;17200;20700;4;5
9592;07/06/2023 0:00;1;42;Persona;129;17800;21000;4;5
9593;07/06/2023 0:00;1;24;Persona;16;17800;18900;4;5
9594;07/06/2023 0:00;2;510;Persona;18;17500;20300;4;2
9595;07/06/2023 0:00;2;567;Persona;3;17000;18500;4;2
9596;07/06/2023 0:00;2;857;Persona;4;17700;22800;4;2
9597;07/06/2023 0:00;2;769;Persona;58;17600;22800;4;2
9598;07/06/2023 0:00;2;574;Persona;119;17300;19200;4;12
9599;07/06/2023 0:00;2;155;Persona;112;17500;19400;4;12
9600;07/06/2023 0:00;2;107;Persona;98;18000;19500;4;12
9601;07/06/2023 0:00;4;520;Persona;58;17600;22400;4;2
9602;07/06/2023 0:00;4;1100;Persona;139;17100;18800;4;2
9603;07/06/2023 0:00;4;1088;Persona;147;17300;20200;4;2
9604;07/06/2023 0:00;3;118;Persona;118;18000;22500;4;3
9605;07/06/2023 0:00;3;390;Persona;93;16800;19200;4;3
9606;07/06/2023 0:00;3;969;Persona;103;18000;22400;4;3
9607;07/06/2023 0:00;3;274;Persona;19;17000;19800;4;3
9608;08/06/2023 0:00;2;820;Persona;87;18000;22500;3;6
9609;08/06/2023 0:00;2;975;Persona;72;17800;20400;3;6
9610;08/06/2023 0:00;2;71;Persona;29;17700;20800;3;6
9611;08/06/2023 0:00;2;834;Persona;167;18200;23100;3;6
9612;08/06/2023 0:00;1;215;Empresa;149;17600;19300;4;1
9613;08/06/2023 0:00;1;498;Empresa;64;17200;18000;4;1
9614;08/06/2023 0:00;1;287;Empresa;68;17300;19700;4;1
9615;08/06/2023 0:00;1;265;Empresa;24;17200;19200;4;1
9616;08/06/2023 0:00;1;776;Empresa;13;17300;18100;4;1
9617;08/06/2023 0:00;1;953;Empresa;89;17200;19600;4;1
9618;08/06/2023 0:00;1;329;Empresa;135;17800;21400;4;1
9619;08/06/2023 0:00;1;350;Empresa;146;17100;21000;4;1
9620;08/06/2023 0:00;3;888;Persona;172;17700;22000;2;11
9621;08/06/2023 0:00;3;1111;Persona;39;17200;19300;2;11
9622;08/06/2023 0:00;3;63;Persona;150;17600;18600;2;11
9623;09/06/2023 0:00;3;417;Persona;147;17300;22000;2;11
9624;09/06/2023 0:00;2;1164;Empresa;38;18100;22200;4;12
9625;09/06/2023 0:00;2;315;Empresa;43;18400;19700;4;12
9626;09/06/2023 0:00;2;535;Empresa;103;18000;20500;4;12
9627;09/06/2023 0:00;2;900;Empresa;161;16600;20400;4;12
9628;09/06/2023 0:00;2;1167;Empresa;162;18500;22900;2;11
9629;09/06/2023 0:00;2;450;Empresa;114;17800;22500;2;11
9630;09/06/2023 0:00;2;292;Empresa;24;17200;19400;2;11
9631;09/06/2023 0:00;2;804;Empresa;167;18200;21100;2;11
9632;09/06/2023 0:00;2;572;Persona;96;17200;20200;4;10
9633;09/06/2023 0:00;2;215;Persona;12;17400;18800;4;10
9634;09/06/2023 0:00;2;382;Persona;36;17600;20000;4;10
9635;09/06/2023 0:00;1;395;Persona;127;17900;22700;1;4
9636;09/06/2023 0:00;1;426;Persona;25;17500;18500;1;4
9637;09/06/2023 0:00;1;55;Persona;155;18000;20600;1;4
9638;09/06/2023 0:00;1;329;Persona;41;17600;19100;1;4
9639;09/06/2023 0:00;3;8;Persona;157;18100;23500;4;5
9640;09/06/2023 0:00;3;137;Persona;78;17200;20300;4;5
9641;09/06/2023 0:00;3;113;Persona;45;17500;22000;4;5
9642;09/06/2023 0:00;3;704;Persona;28;17800;19500;4;5
9643;09/06/2023 0:00;3;413;Persona;100;18100;19000;2;11
9644;09/06/2023 0:00;3;806;Persona;69;17800;19700;2;11
9645;09/06/2023 0:00;3;89;Persona;79;17700;21500;2;11
9646;09/06/2023 0:00;3;1041;Persona;152;16600;20000;2;11
9647;10/06/2023 0:00;2;455;Empresa;22;18000;23200;4;7
9648;10/06/2023 0:00;2;952;Empresa;161;16600;18500;4;7
9649;10/06/2023 0:00;2;655;Empresa;62;17100;18800;4;7
9650;10/06/2023 0:00;2;963;Empresa;29;17700;22900;4;7
9651;10/06/2023 0:00;3;759;Persona;86;17000;19100;1;4
9652;10/06/2023 0:00;3;443;Persona;77;17300;20900;1;4
9653;10/06/2023 0:00;3;1060;Persona;69;17800;21100;1;4
9654;10/06/2023 0:00;2;546;Persona;12;17400;19200;4;12
9655;10/06/2023 0:00;2;725;Persona;173;17500;22100;4;12
9656;10/06/2023 0:00;2;282;Persona;4;17700;22500;4;12
9657;10/06/2023 0:00;2;236;Persona;151;17200;20400;4;12
9658;10/06/2023 0:00;2;494;Persona;39;17200;21100;1;9
9659;10/06/2023 0:00;2;767;Persona;78;17200;18700;1;9
9660;10/06/2023 0:00;2;983;Persona;118;18000;23200;1;9
9661;10/06/2023 0:00;2;1178;Persona;35;18000;22800;1;9
9662;10/06/2023 0:00;1;122;Empresa;50;16300;17500;2;8
9663;10/06/2023 0:00;1;911;Empresa;73;17100;21800;2;8
9664;10/06/2023 0:00;1;593;Empresa;69;17800;21000;2;8
9665;10/06/2023 0:00;1;827;Persona;170;17400;19800;4;1
9666;10/06/2023 0:00;1;773;Persona;91;18300;21200;4;1
9667;10/06/2023 0:00;1;691;Persona;64;17200;21700;4;1
9668;10/06/2023 0:00;1;948;Persona;92;17500;21400;4;1
9669;10/06/2023 0:00;1;41;Persona;120;17600;21100;4;12
9670;10/06/2023 0:00;1;1133;Persona;96;17200;18500;4;12
9671;10/06/2023 0:00;1;76;Persona;31;16500;18600;4;12
9672;10/06/2023 0:00;1;459;Persona;64;17200;18100;4;12
9673;10/06/2023 0:00;2;9;Empresa;61;17600;21000;4;3
9674;10/06/2023 0:00;2;643;Empresa;103;18000;21700;4;3
9675;10/06/2023 0:00;2;746;Empresa;13;17300;19000;4;3
9676;10/06/2023 0:00;2;916;Empresa;118;18000;20000;4;3
9677;11/06/2023 0:00;2;149;Persona;145;17400;20000;2;8
9678;11/06/2023 0:00;2;1083;Persona;137;17800;19500;2;8
9679;11/06/2023 0:00;2;740;Persona;17;18100;23500;2;8
9680;11/06/2023 0:00;2;788;Persona;119;17300;21100;2;8
9681;11/06/2023 0:00;2;390;Persona;81;17400;21800;1;4
9682;11/06/2023 0:00;2;1059;Persona;174;17400;18800;1;4
9683;11/06/2023 0:00;2;1023;Persona;83;17300;18600;1;4
9684;11/06/2023 0:00;2;1013;Persona;121;17100;20500;1;4
9685;11/06/2023 0:00;2;293;Persona;68;17300;22000;4;5
9686;11/06/2023 0:00;2;58;Persona;94;17500;21200;4;5
9687;11/06/2023 0:00;2;290;Persona;47;17300;20900;4;5
9688;11/06/2023 0:00;1;34;Persona;163;17800;22500;1;9
9689;11/06/2023 0:00;1;282;Persona;28;17800;19500;1;9
9690;11/06/2023 0:00;1;55;Persona;24;17200;21300;1;9
9691;11/06/2023 0:00;1;711;Persona;93;16800;20700;1;9
9692;12/06/2023 0:00;2;696;Persona;90;17400;22000;4;2
9693;12/06/2023 0:00;2;103;Persona;27;17400;19000;4;2
9694;12/06/2023 0:00;2;391;Persona;140;17300;21700;4;2
9695;12/06/2023 0:00;2;699;Persona;10;16300;21000;4;2
9696;12/06/2023 0:00;2;95;Persona;30;17400;19500;2;8
9697;12/06/2023 0:00;2;1143;Persona;147;17300;20200;2;8
9698;12/06/2023 0:00;2;636;Persona;140;17300;20600;2;8
9699;12/06/2023 0:00;2;197;Persona;98;18000;20400;2;8
9700;12/06/2023 0:00;3;389;Persona;162;18500;19900;3;6
9701;12/06/2023 0:00;3;938;Persona;79;17700;20000;3;6
9702;12/06/2023 0:00;3;666;Persona;50;16300;17200;3;6
9703;12/06/2023 0:00;4;1132;Persona;53;16800;18900;4;7
9704;12/06/2023 0:00;4;154;Persona;111;17500;20200;4;7
9705;12/06/2023 0:00;4;414;Persona;24;17200;19300;4;7
9706;12/06/2023 0:00;4;340;Persona;109;17700;19100;4;7
9707;12/06/2023 0:00;2;401;Persona;23;17100;18200;1;9
9708;12/06/2023 0:00;2;190;Persona;170;17400;21900;1;9
9709;12/06/2023 0:00;2;529;Persona;12;17400;18600;1;9
9710;12/06/2023 0:00;2;306;Persona;71;17800;19600;1;9
9711;12/06/2023 0:00;1;293;Persona;65;17100;20700;2;8
9712;13/06/2023 0:00;1;764;Persona;17;18100;23200;2;8
9713;13/06/2023 0:00;1;458;Persona;130;17900;21600;2;8
9714;13/06/2023 0:00;1;1058;Persona;137;17800;19700;2;8
9715;13/06/2023 0:00;4;18;Persona;43;18400;22900;4;10
9716;13/06/2023 0:00;4;581;Persona;58;17600;20600;4;10
9717;13/06/2023 0:00;4;811;Persona;86;17000;20000;4;10
9718;13/06/2023 0:00;4;405;Persona;2;16800;18900;4;10
9719;13/06/2023 0:00;4;930;Persona;8;18300;20100;1;4
9720;13/06/2023 0:00;4;797;Persona;76;17700;19300;1;4
9721;13/06/2023 0:00;4;878;Persona;15;17200;18200;1;4
9722;13/06/2023 0:00;4;703;Persona;166;18200;21500;1;4
9723;13/06/2023 0:00;3;254;Empresa;4;17700;22900;4;7
9724;13/06/2023 0:00;3;468;Empresa;136;17600;21000;4;7
9725;13/06/2023 0:00;3;863;Empresa;137;17800;21400;4;7
9726;13/06/2023 0:00;2;723;Persona;162;18500;20900;4;10
9727;13/06/2023 0:00;2;213;Persona;175;17800;20600;4;10
9728;13/06/2023 0:00;2;132;Persona;143;17700;20100;4;10
9729;13/06/2023 0:00;2;948;Persona;127;17900;20700;4;10
9730;14/06/2023 0:00;2;747;Persona;50;16300;19500;1;9
9731;14/06/2023 0:00;2;1030;Persona;153;17200;20500;1;9
9732;14/06/2023 0:00;2;604;Persona;106;17600;19400;1;9
9733;14/06/2023 0:00;2;601;Persona;85;17600;18500;1;9
9734;14/06/2023 0:00;4;963;Persona;114;17800;19600;4;12
9735;14/06/2023 0:00;4;255;Persona;44;17900;20000;4;12
9736;14/06/2023 0:00;4;237;Persona;146;17100;20800;4;12
9737;14/06/2023 0:00;4;62;Persona;5;17200;20400;4;12
9738;14/06/2023 0:00;3;204;Persona;151;17200;18100;4;1
9739;14/06/2023 0:00;3;758;Persona;120;17600;21600;4;1
9740;14/06/2023 0:00;3;953;Persona;72;17800;19500;4;1
9741;14/06/2023 0:00;3;393;Persona;134;18000;22700;4;1
9742;14/06/2023 0:00;2;622;Persona;132;17200;19100;4;12
9743;14/06/2023 0:00;2;1106;Persona;81;17400;22000;4;12
9744;14/06/2023 0:00;2;879;Persona;114;17800;20500;4;12
9745;14/06/2023 0:00;2;782;Persona;70;17300;19000;4;12
9746;14/06/2023 0:00;1;534;Persona;40;17000;18800;2;8
9747;14/06/2023 0:00;1;1107;Persona;83;17300;21600;2;8
9748;14/06/2023 0:00;1;849;Persona;136;17600;19600;2;8
9749;14/06/2023 0:00;1;832;Persona;130;17900;21400;2;8
9750;14/06/2023 0:00;1;1015;Persona;45;17500;20300;4;7
9751;14/06/2023 0:00;1;1125;Persona;95;17700;22000;4;7
9752;14/06/2023 0:00;1;360;Persona;147;17300;18200;4;7
9753;14/06/2023 0:00;1;507;Persona;5;17200;20300;4;7
9754;15/06/2023 0:00;1;136;Persona;54;17800;19300;4;12
9755;15/06/2023 0:00;1;406;Persona;10;16300;17100;4;12
9756;15/06/2023 0:00;1;790;Persona;49;17300;20200;4;12
9757;15/06/2023 0:00;1;420;Persona;69;17800;22200;4;12
9758;15/06/2023 0:00;3;339;Persona;137;17800;20100;2;8
9759;15/06/2023 0:00;3;190;Persona;51;17500;20000;2;8
9760;15/06/2023 0:00;3;675;Persona;47;17300;19100;2;8
9761;15/06/2023 0:00;3;569;Persona;105;18200;23400;2;8
9762;15/06/2023 0:00;2;592;Persona;62;17100;21100;2;8
9763;15/06/2023 0:00;2;1072;Persona;4;17700;18800;2;8
9764;15/06/2023 0:00;2;637;Persona;118;18000;20300;2;8
9765;15/06/2023 0:00;2;852;Persona;116;17700;20600;2;8
9766;15/06/2023 0:00;4;231;Persona;100;18100;19800;2;11
9767;15/06/2023 0:00;4;776;Persona;46;16700;19400;2;11
9768;15/06/2023 0:00;4;1136;Persona;54;17800;19900;2;11
9769;15/06/2023 0:00;4;349;Persona;18;17500;19600;2;11
9770;15/06/2023 0:00;2;952;Persona;117;16800;18600;3;6
9771;15/06/2023 0:00;2;43;Persona;64;17200;21600;3;6
9772;15/06/2023 0:00;2;448;Persona;45;17500;20100;3;6
9773;16/06/2023 0:00;2;101;Persona;172;17700;22000;3;6
9774;16/06/2023 0:00;1;1072;Persona;110;17200;21900;4;3
9775;16/06/2023 0:00;1;167;Persona;41;17600;22000;4;3
9776;16/06/2023 0:00;1;636;Persona;72;17800;19900;4;3
9777;16/06/2023 0:00;1;876;Persona;41;17600;20500;4;3
9778;16/06/2023 0:00;2;1143;Persona;46;16700;19700;4;10
9779;16/06/2023 0:00;2;329;Persona;70;17300;19700;4;10
9780;16/06/2023 0:00;2;812;Persona;133;17500;19900;4;10
9781;17/06/2023 0:00;2;446;Persona;176;17600;21000;4;10
9782;17/06/2023 0:00;2;661;Persona;85;17600;19600;2;8
9783;17/06/2023 0:00;2;700;Persona;103;18000;22600;2;8
9784;17/06/2023 0:00;2;644;Persona;158;17400;20700;2;8
9785;17/06/2023 0:00;2;188;Persona;13;17300;20900;2;8
9786;17/06/2023 0:00;2;775;Persona;68;17300;19900;4;10
9787;17/06/2023 0:00;2;1007;Persona;6;17100;18600;4;10
9788;17/06/2023 0:00;2;444;Persona;109;17700;20600;4;10
9789;17/06/2023 0:00;2;772;Persona;122;17000;19200;4;10
9790;17/06/2023 0:00;1;593;Empresa;71;17800;19000;2;8
9791;17/06/2023 0:00;1;654;Empresa;100;18100;22500;2;8
9792;17/06/2023 0:00;1;783;Empresa;11;17300;20100;2;8
9793;17/06/2023 0:00;1;961;Empresa;161;16600;21400;2;8
9794;17/06/2023 0:00;4;283;Persona;174;17400;20600;4;7
9795;17/06/2023 0:00;4;631;Persona;167;18200;20500;4;7
9796;17/06/2023 0:00;4;36;Persona;127;17900;22000;4;7
9797;18/06/2023 0:00;4;740;Persona;138;17400;18600;4;7
9798;18/06/2023 0:00;4;984;Persona;67;17700;18800;4;5
9799;18/06/2023 0:00;4;1040;Persona;76;17700;21900;4;5
9800;18/06/2023 0:00;4;954;Persona;51;17500;19700;4;5
9801;18/06/2023 0:00;4;287;Persona;95;17700;18900;4;5
9802;18/06/2023 0:00;3;575;Empresa;72;17800;19000;4;2
9803;18/06/2023 0:00;3;138;Empresa;122;17000;20600;4;2
9804;18/06/2023 0:00;3;250;Empresa;144;17200;19400;4;2
9805;18/06/2023 0:00;3;617;Empresa;73;17100;19100;4;2
9806;18/06/2023 0:00;2;612;Persona;19;17000;22000;2;8
9807;18/06/2023 0:00;2;476;Persona;160;16800;18700;2;8
9808;18/06/2023 0:00;2;516;Persona;179;17500;18400;2;8
9809;18/06/2023 0:00;1;684;Persona;79;17700;18600;4;2
9810;18/06/2023 0:00;1;963;Persona;2;16800;17600;4;2
9811;18/06/2023 0:00;1;1147;Persona;53;16800;18600;4;2
9812;18/06/2023 0:00;1;725;Persona;31;16500;19900;4;2
9813;19/06/2023 0:00;1;767;Empresa;176;17600;19500;4;2
9814;19/06/2023 0:00;1;131;Empresa;120;17600;19000;4;2
9815;19/06/2023 0:00;1;559;Empresa;141;18800;21500;4;2
9816;19/06/2023 0:00;1;998;Empresa;102;17800;19000;4;2
9817;19/06/2023 0:00;4;956;Persona;92;17500;22600;4;12
9818;19/06/2023 0:00;4;1151;Persona;161;16600;21400;4;12
9819;19/06/2023 0:00;4;452;Persona;177;16600;17400;4;12
9820;19/06/2023 0:00;4;835;Persona;77;17300;20300;4;12
9821;19/06/2023 0:00;1;627;Persona;47;17300;19900;4;12
9822;19/06/2023 0:00;1;47;Persona;51;17500;19900;4;12
9823;19/06/2023 0:00;1;587;Persona;20;17600;18700;4;12
9824;19/06/2023 0:00;1;481;Persona;177;16600;18400;4;12
9825;19/06/2023 0:00;3;309;Persona;96;17200;19500;4;2
9826;19/06/2023 0:00;3;319;Persona;54;17800;21900;4;2
9827;19/06/2023 0:00;3;942;Persona;61;17600;22300;4;2
9828;19/06/2023 0:00;3;1002;Persona;7;17800;20400;4;2
9829;19/06/2023 0:00;3;698;Persona;142;17200;18800;4;12
9830;19/06/2023 0:00;3;253;Persona;78;17200;19700;4;12
9831;19/06/2023 0:00;3;394;Persona;108;18300;23000;4;12
9832;19/06/2023 0:00;3;154;Persona;37;17600;20400;4;12
9833;20/06/2023 0:00;1;920;Persona;148;17000;20900;4;1
9834;20/06/2023 0:00;1;622;Persona;120;17600;19800;4;1
9835;20/06/2023 0:00;1;9;Persona;111;17500;18600;4;1
9836;20/06/2023 0:00;1;39;Persona;65;17100;19900;4;1
9837;20/06/2023 0:00;3;493;Persona;5;17200;19800;4;5
9838;20/06/2023 0:00;3;478;Persona;14;16800;19900;4;5
9839;20/06/2023 0:00;3;634;Persona;105;18200;23500;4;5
9840;20/06/2023 0:00;3;120;Persona;26;17200;20500;4;5
9841;20/06/2023 0:00;3;541;Persona;175;17800;21800;4;3
9842;20/06/2023 0:00;3;515;Persona;169;18000;20600;4;3
9843;20/06/2023 0:00;3;760;Persona;162;18500;23800;4;3
9844;20/06/2023 0:00;3;209;Persona;170;17400;20400;4;3
9845;20/06/2023 0:00;2;838;Persona;4;17700;19300;4;2
9846;20/06/2023 0:00;2;1028;Persona;170;17400;19300;4;2
9847;20/06/2023 0:00;2;20;Persona;41;17600;20300;4;2
9848;20/06/2023 0:00;2;772;Persona;36;17600;18500;4;2
9849;20/06/2023 0:00;2;833;Persona;43;18400;21300;4;5
9850;20/06/2023 0:00;2;453;Persona;149;17600;22800;4;5
9851;20/06/2023 0:00;2;812;Persona;33;17100;18000;4;5
9852;20/06/2023 0:00;2;252;Persona;122;17000;21700;4;5
9853;20/06/2023 0:00;2;21;Persona;94;17500;18300;4;2
9854;20/06/2023 0:00;2;411;Persona;175;17800;19000;4;2
9855;20/06/2023 0:00;2;876;Persona;161;16600;19300;4;2
9856;21/06/2023 0:00;2;550;Persona;177;16600;19300;4;2
9857;21/06/2023 0:00;4;182;Persona;7;17800;22000;4;5
9858;21/06/2023 0:00;4;189;Persona;26;17200;21500;4;5
9859;21/06/2023 0:00;4;862;Persona;100;18100;22600;4;5
9860;21/06/2023 0:00;4;792;Persona;72;17800;20300;4;1
9861;21/06/2023 0:00;4;198;Persona;1;16800;18300;4;1
9862;21/06/2023 0:00;4;240;Persona;176;17600;19800;4;1
9863;21/06/2023 0:00;4;1052;Persona;19;17000;22100;4;1
9864;21/06/2023 0:00;4;670;Persona;115;18400;20000;3;6
9865;21/06/2023 0:00;4;294;Persona;160;16800;20800;3;6
9866;21/06/2023 0:00;4;709;Persona;41;17600;19200;3;6
9867;21/06/2023 0:00;4;511;Persona;151;17200;19700;3;6
9868;21/06/2023 0:00;3;253;Persona;134;18000;19400;4;5
9869;21/06/2023 0:00;3;1009;Persona;84;18500;21500;4;5
9870;21/06/2023 0:00;3;63;Persona;179;17500;20700;4;5
9871;21/06/2023 0:00;3;884;Persona;70;17300;18300;4;5
9872;22/06/2023 0:00;4;818;Persona;44;17900;21700;2;11
9873;22/06/2023 0:00;4;128;Persona;64;17200;19000;2;11
9874;22/06/2023 0:00;4;617;Persona;152;16600;17800;2;11
9875;22/06/2023 0:00;4;341;Persona;155;18000;20200;2;11
9876;22/06/2023 0:00;1;297;Persona;71;17800;21300;2;8
9877;22/06/2023 0:00;1;508;Persona;153;17200;19300;2;8
9878;22/06/2023 0:00;1;585;Persona;76;17700;20500;2;8
9879;23/06/2023 0:00;1;961;Persona;41;17600;22700;2;8
9880;23/06/2023 0:00;1;576;Persona;162;18500;22000;4;12
9881;23/06/2023 0:00;1;537;Persona;105;18200;22800;4;12
9882;23/06/2023 0:00;1;650;Persona;71;17800;18900;4;12
9883;23/06/2023 0:00;1;77;Persona;82;17700;22800;4;12
9884;23/06/2023 0:00;4;913;Persona;44;17900;20000;4;2
9885;23/06/2023 0:00;4;465;Persona;65;17100;18300;4;2
9886;24/06/2023 0:00;4;54;Persona;156;17200;22100;4;2
9887;24/06/2023 0:00;4;1086;Persona;64;17200;18800;4;2
9888;24/06/2023 0:00;2;1035;Persona;99;17500;22500;2;8
9889;24/06/2023 0:00;2;1162;Persona;71;17800;21800;2;8
9890;24/06/2023 0:00;2;1068;Persona;138;17400;21500;2;8
9891;24/06/2023 0:00;2;877;Persona;41;17600;20200;2;8
9892;24/06/2023 0:00;1;367;Persona;67;17700;21800;4;3
9893;24/06/2023 0:00;1;244;Persona;17;18100;22900;4;3
9894;24/06/2023 0:00;1;32;Persona;120;17600;19800;4;3
9895;24/06/2023 0:00;1;768;Persona;158;17400;18900;4;3
9896;24/06/2023 0:00;4;956;Persona;58;17600;21000;4;3
9897;24/06/2023 0:00;4;519;Persona;95;17700;21600;4;3
9898;24/06/2023 0:00;4;777;Persona;79;17700;21600;4;3
9899;24/06/2023 0:00;4;451;Persona;8;18300;23600;4;3
9900;24/06/2023 0:00;3;795;Persona;20;17600;18800;4;2
9901;24/06/2023 0:00;3;336;Persona;65;17100;18900;4;2
9902;24/06/2023 0:00;3;333;Persona;20;17600;22300;4;2
9903;24/06/2023 0:00;3;769;Persona;104;17400;19300;4;2
9904;24/06/2023 0:00;2;652;Persona;153;17200;19300;4;12
9905;24/06/2023 0:00;2;381;Persona;24;17200;22300;4;12
9906;24/06/2023 0:00;2;804;Persona;74;18100;22200;4;12
9907;24/06/2023 0:00;2;372;Persona;107;17300;18900;4;12
9908;24/06/2023 0:00;3;790;Persona;97;17500;19900;2;8
9909;24/06/2023 0:00;3;198;Persona;173;17500;19400;2;8
9910;25/06/2023 0:00;3;681;Persona;102;17800;19700;2;8
9911;25/06/2023 0:00;3;128;Persona;75;17000;19200;2;8
9912;25/06/2023 0:00;3;393;Persona;114;17800;19300;3;6
9913;25/06/2023 0:00;3;749;Persona;66;18400;23500;3;6
9914;25/06/2023 0:00;3;82;Persona;16;17800;21600;3;6
9915;25/06/2023 0:00;3;275;Persona;120;17600;21300;3;6
9916;25/06/2023 0:00;4;381;Persona;115;18400;20400;1;9
9917;25/06/2023 0:00;4;26;Persona;23;17100;20800;1;9
9918;25/06/2023 0:00;4;73;Persona;60;17300;19900;1;9
9919;25/06/2023 0:00;4;806;Persona;81;17400;22200;1;9
9920;25/06/2023 0:00;4;1021;Persona;104;17400;19300;1;4
9921;25/06/2023 0:00;4;865;Persona;179;17500;19300;1;4
9922;25/06/2023 0:00;4;514;Persona;158;17400;19200;1;4
9923;25/06/2023 0:00;4;480;Persona;102;17800;20000;1;4
9924;25/06/2023 0:00;4;286;Persona;6;17100;18000;1;9
9925;25/06/2023 0:00;4;192;Persona;27;17400;19700;1;9
9926;25/06/2023 0:00;4;221;Persona;130;17900;18800;1;9
9927;25/06/2023 0:00;4;330;Persona;78;17200;20800;1;9
9928;25/06/2023 0:00;3;954;Persona;97;17500;22400;4;3
9929;25/06/2023 0:00;3;854;Persona;3;17000;18700;4;3
9930;25/06/2023 0:00;3;913;Persona;117;16800;19900;4;3
9931;25/06/2023 0:00;3;1070;Persona;114;17800;22400;4;3
9932;25/06/2023 0:00;4;549;Persona;122;17000;20500;1;9
9933;25/06/2023 0:00;4;450;Persona;127;17900;22100;1;9
9934;26/06/2023 0:00;4;591;Persona;132;17200;22100;1;9
9935;26/06/2023 0:00;4;422;Persona;142;17200;18000;1;9
9936;26/06/2023 0:00;2;71;Persona;117;16800;19000;4;12
9937;26/06/2023 0:00;2;888;Persona;175;17800;22600;4;12
9938;26/06/2023 0:00;2;225;Persona;151;17200;20700;4;12
9939;26/06/2023 0:00;2;732;Persona;147;17300;20600;4;12
9940;26/06/2023 0:00;1;41;Empresa;20;17600;19800;4;7
9941;26/06/2023 0:00;1;875;Empresa;155;18000;22700;4;7
9942;26/06/2023 0:00;1;599;Empresa;135;17800;22800;4;7
9943;26/06/2023 0:00;1;685;Empresa;157;18100;22500;4;7
9944;26/06/2023 0:00;1;760;Persona;85;17600;21600;4;3
9945;26/06/2023 0:00;1;726;Persona;15;17200;22300;4;3
9946;26/06/2023 0:00;1;660;Persona;3;17000;21800;4;3
9947;26/06/2023 0:00;1;444;Persona;49;17300;20200;4;3
9948;26/06/2023 0:00;4;961;Persona;126;18100;20200;4;12
9949;26/06/2023 0:00;4;400;Persona;24;17200;22100;4;12
9950;27/06/2023 0:00;4;1059;Persona;113;18000;18900;4;12
9951;27/06/2023 0:00;4;78;Persona;111;17500;20700;4;12
9952;27/06/2023 0:00;4;688;Persona;59;18100;21100;4;10
9953;27/06/2023 0:00;4;262;Persona;164;16800;18600;4;10
9954;27/06/2023 0:00;4;150;Persona;56;17400;19900;4;10
9955;27/06/2023 0:00;4;631;Persona;103;18000;19800;4;10
9956;27/06/2023 0:00;3;498;Persona;8;18300;23200;4;12
9957;27/06/2023 0:00;3;551;Persona;17;18100;21300;4;12
9958;28/06/2023 0:00;3;203;Persona;105;18200;20700;4;12
9959;28/06/2023 0:00;3;270;Persona;80;17400;21500;4;12
9960;28/06/2023 0:00;3;346;Persona;140;17300;20300;4;3
9961;28/06/2023 0:00;3;250;Persona;56;17400;21400;4;3
9962;28/06/2023 0:00;3;1061;Persona;53;16800;20200;4;3
9963;28/06/2023 0:00;3;898;Persona;81;17400;19300;4;3
9964;28/06/2023 0:00;3;1093;Persona;12;17400;22300;4;10
9965;28/06/2023 0:00;3;963;Persona;102;17800;21300;4;10
9966;28/06/2023 0:00;3;855;Persona;15;17200;22200;4;10
9967;28/06/2023 0:00;3;890;Persona;101;17500;19700;4;10
9968;28/06/2023 0:00;4;576;Persona;54;17800;20700;4;2
9969;28/06/2023 0:00;4;141;Persona;139;17100;21900;4;10
9970;29/06/2023 0:00;4;751;Persona;100;18100;22900;4;2
9971;29/06/2023 0:00;4;298;Persona;3;17000;20900;4;10
9972;29/06/2023 0:00;4;897;Persona;129;17800;20700;4;2
9973;29/06/2023 0:00;4;845;Persona;139;17100;18400;4;10
9974;29/06/2023 0:00;4;583;Persona;134;18000;22500;4;2
9975;29/06/2023 0:00;4;441;Persona;146;17100;20600;4;10
9976;29/06/2023 0:00;4;666;Persona;163;17800;19000;3;6
9977;29/06/2023 0:00;4;209;Persona;61;17600;21100;3;6
9978;29/06/2023 0:00;4;167;Persona;137;17800;20200;3;6
9979;29/06/2023 0:00;4;739;Persona;135;17800;21900;3;6
9980;29/06/2023 0:00;1;125;Persona;135;17800;19900;4;1
9981;29/06/2023 0:00;1;959;Persona;91;18300;19700;4;1
9982;29/06/2023 0:00;1;1083;Persona;88;17000;21100;4;1
9983;29/06/2023 0:00;1;558;Persona;11;17300;21200;4;1
9984;29/06/2023 0:00;1;333;Empresa;82;17700;22900;3;6
9985;29/06/2023 0:00;1;1039;Empresa;27;17400;22100;3;6
9986;29/06/2023 0:00;1;200;Empresa;150;17600;20600;3;6
9987;29/06/2023 0:00;1;434;Empresa;67;17700;18700;3;6
9988;29/06/2023 0:00;4;1015;Persona;149;17600;20900;4;1
9989;29/06/2023 0:00;4;996;Persona;107;17300;18900;4;1
9990;29/06/2023 0:00;4;174;Persona;110;17200;19400;4;1
9991;29/06/2023 0:00;4;165;Persona;148;17000;20000;4;1
9992;29/06/2023 0:00;3;830;Persona;171;16800;19700;4;2
9993;29/06/2023 0:00;3;274;Persona;104;17400;20600;4;2
9994;30/06/2023 0:00;3;725;Persona;83;17300;18600;4;2
9995;30/06/2023 0:00;3;911;Persona;70;17300;19700;1;9
9996;30/06/2023 0:00;3;398;Persona;49;17300;20100;1;9
9997;30/06/2023 0:00;3;488;Persona;129;17800;18900;1;9
9998;30/06/2023 0:00;3;557;Persona;6;17100;19200;1;9
9999;30/06/2023 0:00;4;321;Persona;94;17500;22400;2;8
10000;30/06/2023 0:00;4;211;Persona;163;17800;20600;2;8
10001;30/06/2023 0:00;4;595;Persona;107;17300;21000;2;8
10002;30/06/2023 0:00;4;874;Persona;100;18100;21900;4;2
10003;30/06/2023 0:00;4;990;Persona;20;17600;21600;4;2
10004;30/06/2023 0:00;4;380;Persona;128;17500;19000;4;2
10005;30/06/2023 0:00;2;96;Persona;162;18500;21500;4;3
10006;30/06/2023 0:00;2;472;Persona;165;16900;19400;4;3
10007;30/06/2023 0:00;2;361;Persona;62;17100;19100;4;3
10008;30/06/2023 0:00;2;307;Persona;145;17400;19500;4;3
10009;30/06/2023 0:00;1;198;Persona;119;17300;21900;4;5
10010;01/07/2023 0:00;1;557;Persona;8;18300;23200;4;5
10011;01/07/2023 0:00;1;867;Persona;69;17800;20600;4;5
10012;01/07/2023 0:00;1;422;Persona;125;17300;18700;4;5
10013;01/07/2023 0:00;4;794;Empresa;48;17100;21300;4;12
10014;01/07/2023 0:00;4;762;Empresa;162;18500;22900;4;12
10015;01/07/2023 0:00;4;1170;Empresa;43;18400;22800;4;12
10016;01/07/2023 0:00;2;835;Persona;171;16800;18500;4;10
10017;01/07/2023 0:00;2;878;Persona;16;17800;21900;4;10
10018;01/07/2023 0:00;2;229;Persona;122;17000;19100;4;10
10019;01/07/2023 0:00;2;500;Persona;116;17700;20900;4;10
10020;01/07/2023 0:00;2;185;Persona;82;17700;21500;2;8
10021;01/07/2023 0:00;2;780;Persona;96;17200;21700;2;8
10022;01/07/2023 0:00;2;626;Persona;137;17800;22300;2;8
10023;01/07/2023 0:00;2;588;Persona;159;17400;21500;2;8
10024;01/07/2023 0:00;1;366;Persona;42;17600;22500;2;11
10025;01/07/2023 0:00;1;813;Persona;22;18000;23300;2;11
10026;01/07/2023 0:00;1;1177;Persona;159;17400;20000;2;11
10027;01/07/2023 0:00;3;840;Persona;179;17500;19600;3;6
10028;01/07/2023 0:00;3;921;Persona;171;16800;19900;3;6
10029;01/07/2023 0:00;3;867;Persona;83;17300;18900;3;6
10030;01/07/2023 0:00;3;568;Persona;121;17100;20400;3;6
10031;01/07/2023 0:00;3;1105;Persona;77;17300;20500;1;9
10032;01/07/2023 0:00;3;589;Persona;30;17400;20100;1;9
10033;01/07/2023 0:00;3;538;Persona;145;17400;20400;1;9
10034;01/07/2023 0:00;3;825;Persona;173;17500;21800;1;9
10035;01/07/2023 0:00;2;1012;Persona;104;17400;18800;4;7
10036;01/07/2023 0:00;2;385;Persona;6;17100;21600;4;7
10037;01/07/2023 0:00;2;165;Persona;73;17100;21500;4;7
10038;02/07/2023 0:00;2;273;Persona;43;18400;23300;4;7
10039;02/07/2023 0:00;4;778;Empresa;12;17400;22100;4;5
10040;02/07/2023 0:00;4;1134;Empresa;131;17000;19900;4;5
10041;02/07/2023 0:00;4;445;Empresa;82;17700;18700;4;5
10042;02/07/2023 0:00;2;974;Persona;19;17000;21900;4;12
10043;02/07/2023 0:00;2;63;Persona;22;18000;21300;4;12
10044;02/07/2023 0:00;2;897;Persona;12;17400;21400;4;12
10045;02/07/2023 0:00;2;743;Persona;86;17000;21100;4;12
10046;02/07/2023 0:00;2;901;Persona;131;17000;18600;3;6
10047;02/07/2023 0:00;2;96;Persona;27;17400;19700;3;6
10048;02/07/2023 0:00;2;602;Persona;126;18100;19100;3;6
10049;02/07/2023 0:00;2;790;Empresa;136;17600;18800;4;2
10050;02/07/2023 0:00;2;1070;Empresa;115;18400;22900;4;2
10051;02/07/2023 0:00;2;486;Empresa;12;17400;19200;4;2
10052;02/07/2023 0:00;2;435;Empresa;101;17500;20700;4;2
10053;03/07/2023 0:00;1;654;Persona;31;16500;18600;4;1
10054;03/07/2023 0:00;1;288;Persona;40;17000;19100;4;1
10055;03/07/2023 0:00;1;1166;Persona;129;17800;20300;4;1
10056;03/07/2023 0:00;1;873;Persona;69;17800;20100;4;1
10057;04/07/2023 0:00;1;667;Persona;6;17100;22000;4;2
10058;04/07/2023 0:00;1;1128;Persona;38;18100;19800;4;2
10059;04/07/2023 0:00;1;1083;Persona;111;17500;18600;4;2
10060;04/07/2023 0:00;1;145;Persona;45;17500;20600;4;2
10061;04/07/2023 0:00;1;836;Persona;7;17800;18800;4;12
10062;04/07/2023 0:00;1;386;Persona;125;17300;18600;4;12
10063;04/07/2023 0:00;1;689;Persona;66;18400;21600;4;12
10064;04/07/2023 0:00;1;171;Persona;139;17100;19500;4;12
10065;04/07/2023 0:00;4;738;Persona;87;18000;22800;4;1
10066;04/07/2023 0:00;4;371;Persona;113;18000;21000;4;1
10067;04/07/2023 0:00;4;622;Persona;152;16600;19000;4;1
10068;04/07/2023 0:00;4;97;Persona;82;17700;22600;4;1
10069;04/07/2023 0:00;4;925;Persona;75;17000;20000;2;11
10070;04/07/2023 0:00;4;560;Persona;164;16800;19300;2;11
10071;04/07/2023 0:00;4;46;Persona;108;18300;22500;2;11
10072;04/07/2023 0:00;4;437;Persona;126;18100;21300;2;11
10073;04/07/2023 0:00;3;1088;Persona;111;17500;18500;4;5
10074;04/07/2023 0:00;3;542;Persona;90;17400;19700;4;5
10075;04/07/2023 0:00;3;119;Persona;139;17100;19900;4;5
10076;04/07/2023 0:00;3;1140;Persona;18;17500;22500;4;5
10077;05/07/2023 0:00;2;275;Persona;93;16800;21200;3;6
10078;05/07/2023 0:00;2;583;Persona;15;17200;19000;3;6
10079;05/07/2023 0:00;2;816;Persona;169;18000;19100;3;6
10080;05/07/2023 0:00;2;935;Persona;95;17700;22100;3;6
10081;05/07/2023 0:00;2;135;Persona;148;17000;21000;4;10
10082;05/07/2023 0:00;2;968;Persona;144;17200;18700;4;10
10083;05/07/2023 0:00;2;1059;Persona;169;18000;19700;4;10
10084;05/07/2023 0:00;2;435;Persona;100;18100;21000;4;10
10085;05/07/2023 0:00;2;629;Persona;148;17000;21200;4;2
10086;05/07/2023 0:00;2;16;Persona;73;17100;20600;4;2
10087;05/07/2023 0:00;2;44;Persona;79;17700;21500;4;2
10088;05/07/2023 0:00;2;89;Persona;90;17400;19500;4;2
10089;05/07/2023 0:00;2;777;Persona;13;17300;19900;4;2
10090;05/07/2023 0:00;2;119;Persona;25;17500;22000;4;2
10091;05/07/2023 0:00;2;1019;Persona;48;17100;18300;4;2
10092;05/07/2023 0:00;2;313;Persona;54;17800;20700;4;2
10093;06/07/2023 0:00;1;291;Persona;161;16600;21200;4;12
10094;06/07/2023 0:00;1;18;Persona;15;17200;22300;4;12
10095;06/07/2023 0:00;1;543;Persona;69;17800;19700;4;12
10096;06/07/2023 0:00;1;1070;Persona;48;17100;21600;4;12
10097;06/07/2023 0:00;3;1032;Persona;47;17300;19900;1;4
10098;06/07/2023 0:00;3;931;Persona;151;17200;20500;1;4
10099;06/07/2023 0:00;3;869;Persona;8;18300;19500;1;4
10100;06/07/2023 0:00;3;761;Persona;88;17000;18700;1;4
10101;06/07/2023 0:00;4;982;Persona;178;17400;20600;4;5
10102;06/07/2023 0:00;4;1055;Persona;20;17600;19100;4;5
10103;06/07/2023 0:00;4;733;Persona;122;17000;21000;4;5
10104;06/07/2023 0:00;4;483;Persona;78;17200;20000;4;5
10105;07/07/2023 0:00;2;88;Empresa;144;17200;18200;4;12
10106;07/07/2023 0:00;2;908;Empresa;35;18000;21600;4;12
10107;07/07/2023 0:00;2;669;Empresa;18;17500;18900;4;12
10108;07/07/2023 0:00;2;778;Empresa;150;17600;19400;4;12
10109;07/07/2023 0:00;2;506;Empresa;121;17100;20200;2;11
10110;07/07/2023 0:00;2;696;Empresa;83;17300;21400;2;11
10111;07/07/2023 0:00;2;952;Empresa;147;17300;20600;2;11
10112;07/07/2023 0:00;2;892;Empresa;58;17600;19400;2;11
10113;07/07/2023 0:00;1;394;Persona;152;16600;21200;1;4
10114;07/07/2023 0:00;1;361;Persona;20;17600;21200;1;4
10115;07/07/2023 0:00;1;1095;Persona;30;17400;20700;1;4
10116;07/07/2023 0:00;1;906;Persona;119;17300;20100;1;4
10117;07/07/2023 0:00;3;665;Persona;6;17100;21500;1;9
10118;07/07/2023 0:00;3;56;Persona;79;17700;21900;1;9
10119;07/07/2023 0:00;3;995;Persona;129;17800;21200;1;9
10120;07/07/2023 0:00;3;1115;Persona;78;17200;22300;1;9
10121;07/07/2023 0:00;3;571;Persona;111;17500;19800;3;6
10122;07/07/2023 0:00;3;32;Persona;51;17500;22600;3;6
10123;07/07/2023 0:00;3;169;Persona;2;16800;20300;3;6
10124;07/07/2023 0:00;3;733;Persona;173;17500;21500;3;6
10125;07/07/2023 0:00;2;774;Persona;178;17400;19700;1;9
10126;07/07/2023 0:00;2;530;Persona;71;17800;20800;1;9
10127;07/07/2023 0:00;2;1020;Persona;4;17700;21400;1;9
10128;07/07/2023 0:00;2;1045;Persona;106;17600;22200;1;9
10129;07/07/2023 0:00;4;72;Persona;70;17300;19800;4;7
10130;07/07/2023 0:00;4;1058;Persona;115;18400;23500;4;7
10131;07/07/2023 0:00;4;558;Persona;8;18300;21100;4;7
10132;08/07/2023 0:00;3;246;Empresa;87;18000;20100;2;11
10133;08/07/2023 0:00;3;1087;Empresa;150;17600;18900;2;11
10134;08/07/2023 0:00;3;53;Empresa;116;17700;22600;2;11
10135;08/07/2023 0:00;3;1162;Empresa;5;17200;21400;2;11
10136;08/07/2023 0:00;3;211;Persona;136;17600;18900;4;1
10137;08/07/2023 0:00;3;363;Persona;132;17200;22200;4;1
10138;08/07/2023 0:00;3;604;Persona;28;17800;21600;4;1
10139;08/07/2023 0:00;3;551;Persona;50;16300;19800;4;1
10140;08/07/2023 0:00;3;891;Persona;48;17100;19000;4;3
10141;08/07/2023 0:00;3;700;Persona;142;17200;21200;4;3
10142;08/07/2023 0:00;3;1069;Persona;158;17400;21200;4;3
10143;08/07/2023 0:00;3;790;Persona;129;17800;21500;4;3
10144;08/07/2023 0:00;4;553;Persona;48;17100;18500;4;1
10145;08/07/2023 0:00;4;986;Persona;143;17700;22900;4;1
10146;08/07/2023 0:00;4;78;Persona;43;18400;23300;4;1
10147;08/07/2023 0:00;4;269;Persona;176;17600;21200;4;1
10148;08/07/2023 0:00;4;930;Persona;74;18100;22100;2;8
10149;08/07/2023 0:00;4;75;Persona;81;17400;20900;2;8
10150;08/07/2023 0:00;4;1008;Persona;166;18200;22500;2;8
10151;08/07/2023 0:00;4;1079;Persona;69;17800;22300;2;8
10152;08/07/2023 0:00;3;200;Persona;71;17800;19200;4;10
10153;08/07/2023 0:00;3;1161;Persona;172;17700;21100;4;10
10154;08/07/2023 0:00;3;329;Persona;16;17800;22900;4;10
10155;08/07/2023 0:00;3;812;Persona;41;17600;19700;4;10
10156;08/07/2023 0:00;1;1061;Persona;100;18100;20000;4;12
10157;08/07/2023 0:00;1;602;Persona;117;16800;21200;4;12
10158;08/07/2023 0:00;1;187;Persona;122;17000;22100;4;12
10159;09/07/2023 0:00;1;803;Persona;29;17700;19500;4;12
10160;09/07/2023 0:00;1;788;Empresa;66;18400;20300;3;6
10161;09/07/2023 0:00;1;99;Empresa;58;17600;19100;3;6
10162;09/07/2023 0:00;1;235;Empresa;105;18200;22900;3;6
10163;09/07/2023 0:00;1;443;Empresa;157;18100;23400;3;6
10164;09/07/2023 0:00;1;184;Persona;10;16300;19200;4;1
10165;09/07/2023 0:00;1;1067;Persona;14;16800;19000;4;1
10166;09/07/2023 0:00;1;377;Persona;108;18300;23300;4;1
10167;09/07/2023 0:00;1;814;Persona;109;17700;21100;4;1
10168;09/07/2023 0:00;4;1127;Persona;1;16800;18300;4;2
10169;09/07/2023 0:00;4;775;Persona;111;17500;22400;4;2
10170;09/07/2023 0:00;4;1044;Persona;57;17700;18600;4;2
10171;09/07/2023 0:00;4;435;Persona;55;17800;18700;4;2
10172;09/07/2023 0:00;4;177;Persona;15;17200;20000;4;2
10173;09/07/2023 0:00;4;1063;Persona;135;17800;21900;4;2
10174;09/07/2023 0:00;4;796;Persona;159;17400;19800;4;2
10175;09/07/2023 0:00;4;166;Persona;7;17800;19100;4;2
10176;09/07/2023 0:00;3;276;Persona;21;18000;20200;1;4
10177;09/07/2023 0:00;3;987;Persona;1;16800;21000;1;4
10178;09/07/2023 0:00;3;414;Persona;177;16600;21200;1;4
10179;09/07/2023 0:00;3;800;Persona;144;17200;19800;1;4
10180;09/07/2023 0:00;2;117;Persona;176;17600;19900;2;8
10181;10/07/2023 0:00;2;767;Persona;93;16800;20900;2;8
10182;10/07/2023 0:00;2;1102;Persona;152;16600;20000;2;8
10183;10/07/2023 0:00;2;1161;Persona;100;18100;21700;2;8
10184;10/07/2023 0:00;2;957;Persona;129;17800;20800;4;12
10185;10/07/2023 0:00;2;1022;Persona;133;17500;21400;4;12
10186;10/07/2023 0:00;2;321;Persona;132;17200;20500;4;12
10187;10/07/2023 0:00;1;802;Persona;122;17000;19200;4;3
10188;10/07/2023 0:00;1;95;Persona;85;17600;20700;4;3
10189;10/07/2023 0:00;1;226;Persona;62;17100;19300;4;3
10190;10/07/2023 0:00;1;431;Persona;1;16800;21200;4;3
10191;10/07/2023 0:00;1;705;Persona;160;16800;20800;4;10
10192;10/07/2023 0:00;1;164;Persona;170;17400;19100;4;10
10193;10/07/2023 0:00;1;606;Persona;130;17900;19600;4;10
10194;10/07/2023 0:00;1;949;Persona;58;17600;21500;4;10
10195;10/07/2023 0:00;3;926;Persona;52;17800;21700;4;12
10196;10/07/2023 0:00;3;348;Persona;94;17500;22500;4;12
10197;10/07/2023 0:00;3;984;Persona;160;16800;21700;4;12
10198;10/07/2023 0:00;3;219;Persona;178;17400;19400;4;12
10199;10/07/2023 0:00;4;384;Persona;34;17500;21900;3;6
10200;10/07/2023 0:00;4;959;Persona;113;18000;23300;3;6
10201;10/07/2023 0:00;4;220;Persona;129;17800;19700;3;6
10202;10/07/2023 0:00;2;535;Persona;166;18200;20100;4;5
10203;10/07/2023 0:00;2;1054;Persona;145;17400;22300;4;5
10204;10/07/2023 0:00;2;291;Persona;30;17400;22200;4;5
10205;10/07/2023 0:00;2;1040;Persona;35;18000;20000;4;5
10206;10/07/2023 0:00;2;134;Persona;33;17100;19000;2;8
10207;10/07/2023 0:00;2;694;Persona;92;17500;21800;2;8
10208;10/07/2023 0:00;2;589;Persona;65;17100;20600;2;8
10209;10/07/2023 0:00;2;386;Persona;169;18000;18900;2;8
10210;10/07/2023 0:00;2;895;Empresa;112;17500;19100;1;4
10211;10/07/2023 0:00;2;258;Empresa;12;17400;20400;1;4
10212;10/07/2023 0:00;2;98;Empresa;170;17400;20300;1;4
10213;11/07/2023 0:00;2;191;Empresa;105;18200;21300;1;4
10214;11/07/2023 0:00;3;240;Persona;103;18000;22500;3;6
10215;11/07/2023 0:00;3;94;Persona;25;17500;20100;3;6
10216;11/07/2023 0:00;3;779;Persona;86;17000;18600;3;6
10217;11/07/2023 0:00;2;436;Persona;117;16800;19300;1;4
10218;11/07/2023 0:00;2;884;Persona;66;18400;23500;1;4
10219;11/07/2023 0:00;2;560;Persona;131;17000;20100;1;4
10220;11/07/2023 0:00;2;597;Persona;119;17300;22000;1;4
10221;11/07/2023 0:00;4;1034;Persona;10;16300;17600;1;9
10222;11/07/2023 0:00;4;240;Persona;145;17400;20900;1;9
10223;11/07/2023 0:00;4;542;Persona;44;17900;21100;1;9
10224;11/07/2023 0:00;4;875;Persona;133;17500;20300;1;9
10225;12/07/2023 0:00;4;98;Persona;52;17800;19700;4;12
10226;12/07/2023 0:00;4;1158;Persona;54;17800;21900;4;12
10227;12/07/2023 0:00;4;152;Persona;74;18100;19100;4;12
10228;12/07/2023 0:00;4;433;Persona;56;17400;21600;4;12
10229;12/07/2023 0:00;2;355;Persona;40;17000;20600;4;10
10230;12/07/2023 0:00;2;862;Persona;98;18000;21800;4;10
10231;12/07/2023 0:00;2;19;Persona;76;17700;20800;4;10
10232;12/07/2023 0:00;1;45;Persona;53;16800;18500;4;1
10233;12/07/2023 0:00;1;265;Persona;67;17700;22100;4;1
10234;12/07/2023 0:00;1;274;Persona;168;17500;18400;4;1
10235;12/07/2023 0:00;1;353;Persona;10;16300;20700;4;1
10236;12/07/2023 0:00;1;253;Empresa;103;18000;20400;4;7
10237;12/07/2023 0:00;1;1151;Empresa;167;18200;22400;4;7
10238;12/07/2023 0:00;1;845;Empresa;162;18500;19900;4;7
10239;12/07/2023 0:00;1;373;Empresa;106;17600;22300;4;7
10240;12/07/2023 0:00;4;52;Empresa;34;17500;19100;4;3
10241;13/07/2023 0:00;4;845;Empresa;153;17200;19800;4;3
10242;13/07/2023 0:00;4;863;Empresa;98;18000;20600;4;3
10243;13/07/2023 0:00;4;828;Empresa;12;17400;21900;4;3
10244;13/07/2023 0:00;3;1170;Empresa;88;17000;18500;4;7
10245;13/07/2023 0:00;3;929;Empresa;68;17300;21400;4;7
10246;13/07/2023 0:00;3;998;Empresa;134;18000;20300;4;7
10247;13/07/2023 0:00;3;668;Empresa;117;16800;20000;4;7
10248;13/07/2023 0:00;3;1036;Persona;122;17000;21500;4;3
10249;13/07/2023 0:00;3;180;Persona;61;17600;21300;4;3
10250;13/07/2023 0:00;3;1143;Persona;152;16600;18600;4;3
10251;13/07/2023 0:00;3;353;Persona;77;17300;21600;4;3
10252;13/07/2023 0:00;3;70;Persona;34;17500;19600;1;9
10253;13/07/2023 0:00;3;351;Persona;126;18100;21600;1;9
10254;13/07/2023 0:00;3;885;Persona;68;17300;20900;1;9
10255;13/07/2023 0:00;3;7;Persona;4;17700;19600;1;9
10256;14/07/2023 0:00;3;73;Persona;107;17300;22000;4;3
10257;14/07/2023 0:00;3;543;Persona;138;17400;18900;4;3
10258;14/07/2023 0:00;3;631;Persona;160;16800;21400;4;3
10259;14/07/2023 0:00;3;612;Persona;159;17400;21600;4;3
10260;14/07/2023 0:00;2;624;Empresa;175;17800;22700;4;2
10261;14/07/2023 0:00;2;882;Empresa;114;17800;21500;4;2
10262;14/07/2023 0:00;2;572;Empresa;152;16600;18600;4;2
10263;14/07/2023 0:00;2;1101;Persona;3;17000;19300;1;9
10264;14/07/2023 0:00;2;1153;Persona;156;17200;18200;1;9
10265;14/07/2023 0:00;2;191;Persona;73;17100;18600;1;9
10266;14/07/2023 0:00;2;169;Persona;1;16800;21200;1;9
10267;14/07/2023 0:00;2;235;Persona;77;17300;21200;3;6
10268;14/07/2023 0:00;2;567;Persona;128;17500;20200;3;6
10269;14/07/2023 0:00;2;713;Persona;108;18300;21500;3;6
10270;14/07/2023 0:00;2;1133;Persona;154;17300;20000;3;6
10271;14/07/2023 0:00;4;469;Persona;144;17200;19100;4;7
10272;14/07/2023 0:00;4;1062;Persona;168;17500;19300;4;7
10273;14/07/2023 0:00;4;102;Persona;86;17000;22000;4;7
10274;14/07/2023 0:00;4;252;Persona;11;17300;18800;4;7
10275;15/07/2023 0:00;3;1032;Persona;7;17800;19800;2;8
10276;15/07/2023 0:00;3;492;Persona;23;17100;20700;2;8
10277;15/07/2023 0:00;3;933;Persona;166;18200;19300;2;8
10278;15/07/2023 0:00;3;527;Persona;111;17500;20200;2;8
10279;15/07/2023 0:00;3;786;Persona;109;17700;21900;4;3
10280;15/07/2023 0:00;3;475;Persona;133;17500;21200;4;3
10281;15/07/2023 0:00;3;1121;Persona;11;17300;18500;4;3
10282;15/07/2023 0:00;3;897;Persona;111;17500;19000;4;3
10283;15/07/2023 0:00;3;696;Persona;13;17300;19800;4;3
10284;15/07/2023 0:00;3;10;Persona;93;16800;19400;4;3
10285;15/07/2023 0:00;3;536;Persona;74;18100;19800;4;3
10286;15/07/2023 0:00;3;286;Persona;169;18000;19000;4;3
10287;16/07/2023 0:00;2;133;Persona;130;17900;21100;4;5
10288;16/07/2023 0:00;2;482;Persona;125;17300;20100;4;5
10289;16/07/2023 0:00;2;711;Persona;168;17500;19900;4;5
10290;16/07/2023 0:00;2;323;Persona;90;17400;21100;4;5
10291;16/07/2023 0:00;2;1034;Persona;55;17800;19500;2;8
10292;16/07/2023 0:00;2;702;Persona;35;18000;20400;2;8
10293;16/07/2023 0:00;2;639;Persona;120;17600;22300;2;8
10294;16/07/2023 0:00;2;1024;Persona;145;17400;19500;2;8
10295;16/07/2023 0:00;1;789;Persona;98;18000;19500;4;10
10296;16/07/2023 0:00;1;231;Persona;24;17200;19600;4;10
10297;16/07/2023 0:00;1;6;Persona;48;17100;19100;4;10
10298;16/07/2023 0:00;1;998;Persona;5;17200;19100;4;10
10299;16/07/2023 0:00;3;657;Persona;122;17000;20400;4;2
10300;16/07/2023 0:00;3;91;Persona;143;17700;22700;4;2
10301;16/07/2023 0:00;3;371;Persona;70;17300;21900;4;2
10302;16/07/2023 0:00;3;1161;Persona;140;17300;22000;4;2
10303;16/07/2023 0:00;2;1059;Persona;78;17200;22100;4;5
10304;16/07/2023 0:00;2;1144;Persona;142;17200;19700;4;5
10305;16/07/2023 0:00;2;738;Persona;62;17100;19400;4;5
10306;16/07/2023 0:00;2;263;Persona;164;16800;20300;4;5
10307;16/07/2023 0:00;4;1055;Persona;121;17100;22100;1;4
10308;16/07/2023 0:00;4;846;Persona;14;16800;19000;1;4
10309;16/07/2023 0:00;4;742;Persona;17;18100;19800;1;4
10310;16/07/2023 0:00;4;61;Persona;167;18200;20900;1;4
10311;16/07/2023 0:00;3;939;Persona;6;17100;21400;4;12
10312;16/07/2023 0:00;3;1014;Persona;99;17500;21300;4;12
10313;16/07/2023 0:00;3;910;Persona;58;17600;18700;4;12
10314;16/07/2023 0:00;3;541;Persona;30;17400;19300;4;12
10315;16/07/2023 0:00;3;948;Persona;66;18400;21700;4;3
10316;16/07/2023 0:00;3;227;Persona;118;18000;20100;4;3
10317;16/07/2023 0:00;3;1029;Persona;71;17800;22800;4;3
10318;16/07/2023 0:00;3;305;Persona;26;17200;22300;4;3
10319;16/07/2023 0:00;2;852;Persona;163;17800;20000;4;5
10320;16/07/2023 0:00;2;182;Persona;121;17100;21000;4;5
10321;16/07/2023 0:00;2;618;Persona;16;17800;20000;4;5
10322;17/07/2023 0:00;2;779;Persona;77;17300;21000;4;5
10323;17/07/2023 0:00;2;789;Persona;101;17500;20000;3;6
10324;17/07/2023 0:00;2;806;Persona;176;17600;21100;3;6
10325;17/07/2023 0:00;2;1007;Persona;130;17900;19200;3;6
10326;17/07/2023 0:00;2;285;Persona;90;17400;22300;3;6
10327;17/07/2023 0:00;2;528;Persona;117;16800;19900;4;10
10328;17/07/2023 0:00;2;768;Persona;97;17500;20800;4;10
10329;17/07/2023 0:00;2;1143;Persona;148;17000;18300;4;10
10330;17/07/2023 0:00;2;467;Persona;51;17500;18400;4;10
10331;17/07/2023 0:00;2;683;Persona;73;17100;19500;1;9
10332;17/07/2023 0:00;2;835;Persona;39;17200;19100;1;9
10333;17/07/2023 0:00;2;744;Persona;41;17600;22800;1;9
10334;17/07/2023 0:00;2;532;Persona;73;17100;19100;1;9
10335;17/07/2023 0:00;4;1019;Persona;36;17600;21100;4;12
10336;17/07/2023 0:00;4;594;Persona;69;17800;18800;4;12
10337;17/07/2023 0:00;4;434;Persona;59;18100;19800;4;12
10338;17/07/2023 0:00;3;549;Persona;83;17300;18600;1;4
10339;17/07/2023 0:00;3;536;Persona;11;17300;21300;1;4
10340;17/07/2023 0:00;3;11;Persona;173;17500;20900;1;4
10341;17/07/2023 0:00;3;668;Persona;67;17700;21500;1;4
10342;17/07/2023 0:00;3;400;Persona;62;17100;18900;4;1
10343;17/07/2023 0:00;3;424;Persona;40;17000;18600;4;1
10344;17/07/2023 0:00;3;777;Persona;50;16300;18300;4;1
10345;17/07/2023 0:00;3;6;Persona;53;16800;18000;3;6
10346;18/07/2023 0:00;3;248;Persona;161;16600;18200;3;6
10347;18/07/2023 0:00;3;495;Persona;69;17800;22000;3;6
10348;18/07/2023 0:00;3;222;Persona;56;17400;22300;3;6
10349;18/07/2023 0:00;2;529;Persona;137;17800;21200;4;3
10350;18/07/2023 0:00;2;785;Persona;38;18100;22200;4;3
10351;18/07/2023 0:00;2;99;Persona;53;16800;18500;4;3
10352;18/07/2023 0:00;2;637;Persona;16;17800;20000;4;3
10353;18/07/2023 0:00;4;1162;Persona;93;16800;20900;4;3
10354;18/07/2023 0:00;4;191;Persona;149;17600;19000;4;3
10355;18/07/2023 0:00;4;885;Persona;90;17400;19000;4;3
10356;18/07/2023 0:00;4;4;Persona;76;17700;20100;4;3
10357;19/07/2023 0:00;2;946;Persona;46;16700;18400;4;3
10358;19/07/2023 0:00;2;1061;Persona;141;18800;21800;4;3
10359;19/07/2023 0:00;2;390;Persona;105;18200;22400;4;3
10360;19/07/2023 0:00;2;333;Persona;153;17200;21500;4;3
10361;19/07/2023 0:00;1;322;Persona;3;17000;21900;4;7
10362;19/07/2023 0:00;1;890;Persona;150;17600;22100;4;7
10363;19/07/2023 0:00;1;607;Persona;34;17500;18900;4;7
10364;19/07/2023 0:00;1;948;Persona;29;17700;20800;4;7
10365;19/07/2023 0:00;1;245;Persona;22;18000;20600;4;1
10366;19/07/2023 0:00;1;289;Persona;110;17200;21100;4;1
10367;19/07/2023 0:00;1;770;Persona;74;18100;22700;4;1
10368;19/07/2023 0:00;1;907;Persona;32;17800;20400;4;1
10369;19/07/2023 0:00;4;6;Persona;24;17200;19100;4;7
10370;19/07/2023 0:00;4;113;Persona;85;17600;18600;4;7
10371;19/07/2023 0:00;4;385;Persona;38;18100;20000;4;7
10372;19/07/2023 0:00;1;1050;Persona;178;17400;19800;4;2
10373;19/07/2023 0:00;1;416;Persona;59;18100;19000;4;2
10374;19/07/2023 0:00;1;1073;Persona;84;18500;20200;4;2
10375;19/07/2023 0:00;1;642;Persona;9;17100;20400;4;2
10376;19/07/2023 0:00;4;950;Persona;86;17000;20400;1;4
10377;19/07/2023 0:00;4;711;Persona;125;17300;19900;1;4
10378;19/07/2023 0:00;4;371;Persona;170;17400;22600;1;4
10379;20/07/2023 0:00;4;779;Persona;138;17400;19800;1;4
10380;20/07/2023 0:00;4;699;Persona;50;16300;18300;2;8
10381;20/07/2023 0:00;4;416;Persona;93;16800;18600;2;8
10382;20/07/2023 0:00;4;1035;Persona;115;18400;19300;2;8
10383;20/07/2023 0:00;4;1084;Persona;89;17200;21400;2;8
10384;20/07/2023 0:00;2;1176;Persona;138;17400;19200;4;1
10385;20/07/2023 0:00;2;983;Persona;101;17500;20700;4;1
10386;20/07/2023 0:00;2;112;Persona;142;17200;19600;4;1
10387;21/07/2023 0:00;2;217;Persona;6;17100;21900;4;1
10388;21/07/2023 0:00;2;578;Persona;121;17100;18000;2;11
10389;21/07/2023 0:00;2;565;Persona;23;17100;21300;2;11
10390;21/07/2023 0:00;2;166;Persona;87;18000;22200;2;11
10391;21/07/2023 0:00;1;686;Persona;39;17200;20000;4;12
10392;21/07/2023 0:00;1;306;Persona;141;18800;21100;4;12
10393;21/07/2023 0:00;1;622;Persona;79;17700;19300;4;12
10394;21/07/2023 0:00;1;789;Persona;173;17500;20100;4;12
10395;21/07/2023 0:00;1;292;Persona;139;17100;18500;1;9
10396;21/07/2023 0:00;1;25;Persona;134;18000;21000;1;9
10397;21/07/2023 0:00;1;451;Persona;163;17800;21900;1;9
10398;21/07/2023 0:00;1;38;Persona;57;17700;22600;1;9
10399;21/07/2023 0:00;4;241;Persona;71;17800;19700;4;7
10400;21/07/2023 0:00;4;880;Persona;41;17600;19900;4;7
10401;21/07/2023 0:00;4;386;Persona;84;18500;19400;4;7
10402;21/07/2023 0:00;4;891;Persona;148;17000;21600;4;7
10403;21/07/2023 0:00;4;840;Persona;16;17800;21800;4;1
10404;21/07/2023 0:00;4;329;Persona;2;16800;20200;4;1
10405;21/07/2023 0:00;4;87;Persona;100;18100;20300;4;1
10406;22/07/2023 0:00;4;1099;Persona;175;17800;18700;4;1
10407;22/07/2023 0:00;2;608;Persona;100;18100;22100;2;11
10408;22/07/2023 0:00;2;331;Persona;110;17200;21800;2;11
10409;22/07/2023 0:00;2;514;Persona;87;18000;23100;2;11
10410;22/07/2023 0:00;2;840;Persona;31;16500;20300;2;11
10411;22/07/2023 0:00;1;659;Persona;9;17100;19200;4;2
10412;22/07/2023 0:00;1;947;Persona;30;17400;22200;4;2
10413;22/07/2023 0:00;1;504;Persona;147;17300;19800;4;2
10414;22/07/2023 0:00;1;471;Persona;169;18000;19500;4;2
10415;22/07/2023 0:00;1;799;Persona;48;17100;19500;4;2
10416;22/07/2023 0:00;1;455;Persona;64;17200;19300;4;2
10417;22/07/2023 0:00;1;539;Persona;174;17400;21000;4;2
10418;22/07/2023 0:00;1;40;Persona;140;17300;22000;4;2
10419;22/07/2023 0:00;4;68;Persona;73;17100;20900;1;4
10420;22/07/2023 0:00;4;1043;Persona;92;17500;19300;1;4
10421;22/07/2023 0:00;4;13;Persona;10;16300;19100;1;4
10422;22/07/2023 0:00;4;87;Persona;145;17400;20400;1;4
10423;22/07/2023 0:00;4;442;Persona;171;16800;19400;1;4
10424;22/07/2023 0:00;4;992;Persona;66;18400;20900;1;4
10425;22/07/2023 0:00;4;765;Persona;146;17100;18700;1;4
10426;22/07/2023 0:00;4;693;Persona;122;17000;20800;1;4
10427;22/07/2023 0:00;3;1061;Persona;85;17600;18800;3;6
10428;22/07/2023 0:00;3;852;Persona;120;17600;19200;3;6
10429;23/07/2023 0:00;3;450;Persona;120;17600;21700;3;6
10430;23/07/2023 0:00;3;819;Persona;73;17100;18800;3;6
10431;23/07/2023 0:00;3;264;Persona;100;18100;20900;4;10
10432;23/07/2023 0:00;3;667;Persona;166;18200;19500;4;10
10433;23/07/2023 0:00;3;17;Persona;115;18400;20700;4;10
10434;23/07/2023 0:00;3;495;Persona;144;17200;21300;4;10
10435;23/07/2023 0:00;3;794;Persona;74;18100;19800;1;9
10436;23/07/2023 0:00;3;473;Persona;63;17400;19100;1;9
10437;23/07/2023 0:00;3;918;Persona;101;17500;22200;1;9
10438;23/07/2023 0:00;3;158;Persona;64;17200;19200;1;9
10439;23/07/2023 0:00;2;501;Persona;154;17300;20000;4;2
10440;23/07/2023 0:00;2;202;Persona;64;17200;20200;4;2
10441;23/07/2023 0:00;2;159;Persona;152;16600;18200;4;2
10442;23/07/2023 0:00;2;721;Persona;140;17300;21300;4;2
10443;23/07/2023 0:00;2;820;Empresa;103;18000;22000;4;12
10444;23/07/2023 0:00;2;97;Empresa;135;17800;20800;4;12
10445;23/07/2023 0:00;2;378;Empresa;174;17400;18500;4;12
10446;23/07/2023 0:00;2;932;Empresa;15;17200;18900;4;12
10447;23/07/2023 0:00;1;250;Empresa;15;17200;18400;4;3
10448;23/07/2023 0:00;1;695;Empresa;162;18500;20500;4;3
10449;23/07/2023 0:00;1;66;Empresa;68;17300;20200;4;3
10450;23/07/2023 0:00;1;227;Empresa;88;17000;19500;4;3
10451;23/07/2023 0:00;3;337;Empresa;147;17300;20500;1;4
10452;24/07/2023 0:00;3;415;Empresa;83;17300;18400;1;4
10453;24/07/2023 0:00;3;156;Empresa;164;16800;20700;1;4
10454;24/07/2023 0:00;3;719;Empresa;163;17800;19200;1;4
10455;24/07/2023 0:00;3;701;Persona;46;16700;17700;4;10
10456;24/07/2023 0:00;3;24;Persona;48;17100;19500;4;10
10457;24/07/2023 0:00;3;617;Persona;7;17800;22000;4;10
10458;24/07/2023 0:00;3;561;Persona;166;18200;22100;4;10
10459;24/07/2023 0:00;4;430;Persona;48;17100;19600;2;11
10460;24/07/2023 0:00;4;893;Persona;112;17500;19400;2;11
10461;24/07/2023 0:00;4;594;Persona;53;16800;21600;2;11
10462;24/07/2023 0:00;4;182;Persona;86;17000;19700;2;11
10463;24/07/2023 0:00;4;289;Persona;115;18400;23200;4;10
10464;24/07/2023 0:00;4;823;Persona;173;17500;20000;4;10
10465;24/07/2023 0:00;4;993;Persona;80;17400;21700;4;10
10466;24/07/2023 0:00;4;647;Persona;76;17700;22400;4;10
10467;24/07/2023 0:00;2;298;Persona;12;17400;20800;4;3
10468;24/07/2023 0:00;2;452;Persona;52;17800;22800;4;3
10469;24/07/2023 0:00;2;411;Persona;174;17400;20300;4;3
10470;24/07/2023 0:00;2;729;Persona;136;17600;19700;4;3
10471;24/07/2023 0:00;1;193;Persona;1;16800;20000;4;10
10472;24/07/2023 0:00;1;459;Persona;105;18200;23000;4;10
10473;24/07/2023 0:00;1;419;Persona;20;17600;18900;4;10
10474;24/07/2023 0:00;1;15;Persona;49;17300;21500;4;10
10475;24/07/2023 0:00;1;1077;Persona;2;16800;18200;4;12
10476;24/07/2023 0:00;1;558;Persona;42;17600;22300;4;12
10477;24/07/2023 0:00;1;115;Persona;53;16800;19100;4;12
10478;24/07/2023 0:00;1;402;Persona;132;17200;19700;4;12
10479;24/07/2023 0:00;4;784;Persona;164;16800;19400;3;6
10480;25/07/2023 0:00;4;14;Persona;61;17600;20200;3;6
10481;25/07/2023 0:00;4;89;Persona;10;16300;17400;3;6
10482;25/07/2023 0:00;4;801;Persona;34;17500;21100;3;6
10483;25/07/2023 0:00;3;945;Empresa;26;17200;18400;4;10
10484;25/07/2023 0:00;3;1114;Empresa;117;16800;21600;4;10
10485;25/07/2023 0:00;3;481;Empresa;174;17400;22000;4;10
10486;25/07/2023 0:00;3;846;Empresa;76;17700;21700;4;10
10487;25/07/2023 0:00;2;1151;Persona;91;18300;23200;2;11
10488;25/07/2023 0:00;2;386;Persona;23;17100;21700;2;11
10489;25/07/2023 0:00;2;12;Persona;56;17400;19100;2;11
10490;25/07/2023 0:00;2;447;Persona;82;17700;21900;2;11
10491;25/07/2023 0:00;4;893;Persona;91;18300;22100;4;1
10492;25/07/2023 0:00;4;945;Persona;151;17200;19900;4;1
10493;25/07/2023 0:00;4;682;Persona;102;17800;19400;4;1
10494;25/07/2023 0:00;4;66;Persona;154;17300;20200;4;1
10495;25/07/2023 0:00;4;400;Persona;68;17300;18900;4;12
10496;25/07/2023 0:00;4;82;Persona;21;18000;20400;4;12
10497;25/07/2023 0:00;4;632;Persona;16;17800;20100;4;12
10498;25/07/2023 0:00;4;928;Persona;154;17300;21700;4;12
10499;25/07/2023 0:00;4;475;Empresa;84;18500;21200;4;7
10500;25/07/2023 0:00;4;275;Empresa;32;17800;20400;4;7
10501;25/07/2023 0:00;4;1066;Empresa;78;17200;18700;4;7
10502;25/07/2023 0:00;4;1111;Empresa;130;17900;19200;4;7
10503;25/07/2023 0:00;3;354;Persona;79;17700;22800;4;3
10504;25/07/2023 0:00;3;865;Persona;35;18000;19100;4;3
10505;25/07/2023 0:00;3;779;Persona;162;18500;22700;4;3
10506;25/07/2023 0:00;3;916;Persona;49;17300;20100;4;3
10507;25/07/2023 0:00;2;810;Persona;109;17700;18700;4;1
10508;25/07/2023 0:00;2;705;Persona;111;17500;22500;4;1
10509;25/07/2023 0:00;2;540;Persona;45;17500;21100;4;1
10510;25/07/2023 0:00;2;108;Persona;72;17800;22900;4;1
10511;25/07/2023 0:00;2;175;Persona;114;17800;21200;4;2
10512;25/07/2023 0:00;2;760;Persona;144;17200;19700;4;2
10513;25/07/2023 0:00;2;723;Persona;86;17000;19100;4;2
10514;25/07/2023 0:00;2;1121;Persona;68;17300;19400;4;2
10515;25/07/2023 0:00;1;877;Persona;92;17500;21900;4;2
10516;25/07/2023 0:00;1;169;Persona;114;17800;19400;4;2
10517;25/07/2023 0:00;1;259;Persona;67;17700;22600;4;2
10518;26/07/2023 0:00;1;205;Persona;19;17000;20800;4;2
10519;26/07/2023 0:00;4;1051;Persona;94;17500;21400;4;2
10520;26/07/2023 0:00;4;342;Persona;40;17000;20800;4;2
10521;26/07/2023 0:00;4;7;Persona;47;17300;21900;4;2
10522;26/07/2023 0:00;4;946;Persona;117;16800;17900;4;2
10523;26/07/2023 0:00;4;431;Persona;113;18000;18900;4;2
10524;26/07/2023 0:00;4;784;Persona;128;17500;21800;4;2
10525;26/07/2023 0:00;4;450;Persona;86;17000;18200;4;2
10526;26/07/2023 0:00;4;504;Persona;8;18300;19300;4;2
10527;26/07/2023 0:00;3;1089;Persona;66;18400;21300;4;10
10528;26/07/2023 0:00;3;134;Persona;120;17600;20900;4;10
10529;26/07/2023 0:00;3;1072;Persona;1;16800;20300;4;10
10530;26/07/2023 0:00;3;291;Persona;29;17700;22200;4;10
10531;26/07/2023 0:00;2;347;Empresa;132;17200;22200;2;11
10532;26/07/2023 0:00;2;458;Empresa;41;17600;20600;2;11
10533;26/07/2023 0:00;2;260;Empresa;82;17700;22000;2;11
10534;26/07/2023 0:00;2;1006;Empresa;150;17600;21700;2;11
10535;26/07/2023 0:00;1;425;Persona;122;17000;19800;3;6
10536;26/07/2023 0:00;1;687;Persona;110;17200;19900;3;6
10537;27/07/2023 0:00;1;475;Persona;50;16300;19100;3;6
10538;27/07/2023 0:00;1;938;Persona;28;17800;19700;3;6
10539;27/07/2023 0:00;1;820;Persona;81;17400;19000;4;5
10540;27/07/2023 0:00;1;531;Persona;45;17500;21800;4;5
10541;27/07/2023 0:00;1;939;Persona;97;17500;18500;4;5
10542;27/07/2023 0:00;1;490;Persona;23;17100;21100;4;5
10543;27/07/2023 0:00;4;958;Persona;40;17000;18500;4;7
10544;27/07/2023 0:00;4;1041;Persona;111;17500;19900;4;7
10545;27/07/2023 0:00;4;340;Persona;175;17800;20700;4;7
10546;27/07/2023 0:00;2;809;Persona;138;17400;18400;2;11
10547;27/07/2023 0:00;2;297;Persona;47;17300;20900;2;11
10548;27/07/2023 0:00;2;1018;Persona;73;17100;18900;2;11
10549;27/07/2023 0:00;2;448;Persona;28;17800;21300;2;11
10550;27/07/2023 0:00;4;412;Empresa;36;17600;18800;2;8
10551;27/07/2023 0:00;4;1094;Empresa;179;17500;21000;2;8
10552;27/07/2023 0:00;4;627;Empresa;11;17300;21400;2;8
10553;27/07/2023 0:00;4;680;Empresa;82;17700;21800;2;8
10554;27/07/2023 0:00;2;574;Persona;128;17500;20600;4;3
10555;27/07/2023 0:00;2;1069;Persona;27;17400;20000;4;3
10556;28/07/2023 0:00;2;921;Persona;71;17800;22500;4;3
10557;28/07/2023 0:00;2;82;Persona;56;17400;21800;4;3
10558;28/07/2023 0:00;2;520;Persona;34;17500;18900;4;1
10559;28/07/2023 0:00;2;911;Persona;84;18500;19600;4;1
10560;28/07/2023 0:00;2;190;Persona;150;17600;18400;4;1
10561;28/07/2023 0:00;2;1018;Persona;144;17200;21900;4;1
10562;28/07/2023 0:00;2;528;Persona;119;17300;21400;1;4
10563;28/07/2023 0:00;2;1030;Persona;41;17600;22500;1;4
10564;28/07/2023 0:00;2;1022;Persona;82;17700;21800;1;4
10565;28/07/2023 0:00;2;778;Persona;143;17700;18700;1;4
10566;28/07/2023 0:00;1;185;Persona;102;17800;22700;4;7
10567;28/07/2023 0:00;1;327;Persona;130;17900;21100;4;7
10568;28/07/2023 0:00;1;1057;Persona;51;17500;19600;4;7
10569;28/07/2023 0:00;1;751;Persona;127;17900;19500;4;7
10570;28/07/2023 0:00;4;979;Persona;74;18100;19900;4;5
10571;28/07/2023 0:00;4;791;Persona;129;17800;23000;4;5
10572;28/07/2023 0:00;4;606;Persona;173;17500;19300;4;5
10573;28/07/2023 0:00;4;556;Persona;62;17100;19600;4;5
10574;28/07/2023 0:00;3;537;Persona;87;18000;22900;4;5
10575;28/07/2023 0:00;3;732;Persona;105;18200;19300;4;5
10576;28/07/2023 0:00;3;1150;Persona;65;17100;20100;4;5
10577;28/07/2023 0:00;3;379;Persona;36;17600;20600;4;5
10578;28/07/2023 0:00;2;718;Persona;1;16800;21600;2;11
10579;28/07/2023 0:00;2;139;Persona;29;17700;20100;2;11
10580;28/07/2023 0:00;2;598;Persona;39;17200;21200;2;11
10581;28/07/2023 0:00;2;990;Persona;73;17100;21300;2;11
10582;29/07/2023 0:00;2;304;Persona;106;17600;21200;2;11
10583;29/07/2023 0:00;2;1168;Persona;81;17400;20500;2;11
10584;29/07/2023 0:00;2;368;Persona;100;18100;21900;2;11
10585;29/07/2023 0:00;2;1053;Persona;136;17600;22500;2;11
10586;29/07/2023 0:00;4;140;Persona;44;17900;22500;4;2
10587;29/07/2023 0:00;4;278;Persona;59;18100;20000;4;2
10588;29/07/2023 0:00;4;1103;Persona;30;17400;18200;4;2
10589;29/07/2023 0:00;4;772;Persona;142;17200;21600;4;10
10590;29/07/2023 0:00;4;64;Persona;171;16800;20300;4;10
10591;29/07/2023 0:00;4;540;Persona;17;18100;19900;4;10
10592;29/07/2023 0:00;4;194;Persona;152;16600;20100;4;10
10593;29/07/2023 0:00;4;959;Persona;77;17300;20600;1;4
10594;30/07/2023 0:00;4;963;Persona;43;18400;22600;1;4
10595;30/07/2023 0:00;4;228;Persona;166;18200;21700;1;4
10596;30/07/2023 0:00;4;144;Persona;167;18200;20600;1;4
10597;30/07/2023 0:00;2;266;Persona;13;17300;21100;4;3
10598;30/07/2023 0:00;2;832;Persona;155;18000;20700;4;3
10599;30/07/2023 0:00;2;1088;Persona;25;17500;19800;4;3
10600;30/07/2023 0:00;2;410;Persona;175;17800;20300;4;3
10601;30/07/2023 0:00;4;673;Persona;72;17800;20300;3;6
10602;30/07/2023 0:00;4;19;Persona;130;17900;20100;3;6
10603;30/07/2023 0:00;4;276;Persona;37;17600;21100;3;6
10604;30/07/2023 0:00;4;885;Persona;19;17000;19600;3;6
10605;30/07/2023 0:00;3;618;Persona;2;16800;21600;4;2
10606;30/07/2023 0:00;3;252;Persona;153;17200;20600;4;2
10607;30/07/2023 0:00;3;2;Persona;164;16800;19700;4;2
10608;30/07/2023 0:00;3;872;Persona;151;17200;20900;4;10
10609;30/07/2023 0:00;3;715;Persona;107;17300;18300;4;10
10610;30/07/2023 0:00;3;4;Persona;99;17500;22400;4;10
10611;30/07/2023 0:00;3;385;Persona;93;16800;20700;4;10
10612;30/07/2023 0:00;2;1144;Empresa;27;17400;18300;1;4
10613;30/07/2023 0:00;2;426;Empresa;82;17700;22000;1;4
10614;30/07/2023 0:00;2;933;Empresa;60;17300;22000;1;4
10615;30/07/2023 0:00;2;959;Empresa;9;17100;19400;1;4
10616;31/07/2023 0:00;2;950;Persona;166;18200;19400;2;8
10617;31/07/2023 0:00;2;760;Persona;6;17100;21000;2;8
10618;31/07/2023 0:00;2;206;Persona;43;18400;23100;2;8
10619;31/07/2023 0:00;2;934;Persona;113;18000;19100;2;8
10620;31/07/2023 0:00;1;117;Persona;150;17600;21300;4;1
10621;31/07/2023 0:00;1;867;Persona;8;18300;22000;4;1
10622;31/07/2023 0:00;1;663;Persona;127;17900;18800;4;1
10623;31/07/2023 0:00;1;329;Persona;138;17400;19400;4;1
10624;31/07/2023 0:00;4;1102;Persona;119;17300;18300;4;2
10625;31/07/2023 0:00;4;257;Persona;74;18100;19900;4;2
10626;31/07/2023 0:00;4;599;Persona;115;18400;21000;4;2
10627;31/07/2023 0:00;4;327;Persona;75;17000;21100;4;2
10628;31/07/2023 0:00;3;780;Persona;42;17600;21400;4;5
10629;31/07/2023 0:00;3;622;Persona;69;17800;20800;4;5
10630;31/07/2023 0:00;3;800;Persona;87;18000;19600;4;5
10631;31/07/2023 0:00;3;753;Persona;128;17500;18700;4;5
10632;31/07/2023 0:00;3;124;Persona;53;16800;20800;2;8
10633;31/07/2023 0:00;3;831;Persona;122;17000;19300;2;8
10634;31/07/2023 0:00;3;1152;Persona;17;18100;23400;2;8
10635;31/07/2023 0:00;3;415;Persona;155;18000;23300;2;8
10636;31/07/2023 0:00;4;197;Persona;85;17600;20500;4;10
10637;31/07/2023 0:00;4;823;Persona;91;18300;22500;4;10
10638;31/07/2023 0:00;4;843;Persona;102;17800;21300;4;10
10639;31/07/2023 0:00;4;1096;Persona;54;17800;21500;4;10
10640;01/08/2023 0:00;4;794;Persona;18;17500;21900;4;10
10641;01/08/2023 0:00;4;1054;Persona;129;17800;19100;4;10
10642;01/08/2023 0:00;4;211;Persona;5;17200;21800;4;10
10643;01/08/2023 0:00;2;239;Persona;128;17500;20300;4;2
10644;01/08/2023 0:00;2;369;Persona;152;16600;17800;4;2
10645;01/08/2023 0:00;2;665;Persona;174;17400;19300;4;2
10646;01/08/2023 0:00;2;911;Persona;109;17700;22400;4;2
10647;01/08/2023 0:00;2;584;Persona;138;17400;21200;1;9
10648;02/08/2023 0:00;2;1127;Persona;81;17400;19300;1;9
10649;02/08/2023 0:00;2;124;Persona;41;17600;22000;1;9
10650;02/08/2023 0:00;2;598;Persona;87;18000;20400;1;9
10651;02/08/2023 0:00;2;244;Persona;178;17400;20100;4;10
10652;02/08/2023 0:00;2;510;Persona;51;17500;20300;4;10
10653;02/08/2023 0:00;2;924;Persona;165;16900;18300;4;10
10654;02/08/2023 0:00;2;914;Persona;167;18200;21800;4;10
10655;02/08/2023 0:00;1;237;Persona;33;17100;22100;4;7
10656;02/08/2023 0:00;1;705;Persona;91;18300;20600;4;7
10657;02/08/2023 0:00;1;792;Persona;139;17100;19200;4;7
10658;02/08/2023 0:00;1;308;Persona;81;17400;19300;4;7
10659;02/08/2023 0:00;3;755;Empresa;177;16600;19600;1;9
10660;02/08/2023 0:00;3;538;Empresa;60;17300;20700;1;9
10661;02/08/2023 0:00;3;358;Empresa;152;16600;17700;1;9
10662;02/08/2023 0:00;3;614;Empresa;65;17100;18700;1;9
10663;02/08/2023 0:00;4;343;Persona;153;17200;22000;1;4
10664;02/08/2023 0:00;4;1124;Persona;67;17700;20600;1;4
10665;02/08/2023 0:00;4;290;Persona;30;17400;22600;1;4
10666;02/08/2023 0:00;4;618;Persona;1;16800;19500;1;4
10667;02/08/2023 0:00;2;1105;Persona;172;17700;22400;4;1
10668;02/08/2023 0:00;2;86;Persona;96;17200;21700;4;1
10669;02/08/2023 0:00;2;1044;Persona;164;16800;21500;4;1
10670;02/08/2023 0:00;2;1092;Persona;100;18100;19000;4;1
10671;02/08/2023 0:00;3;24;Persona;153;17200;20300;4;7
10672;02/08/2023 0:00;3;586;Persona;156;17200;20600;4;7
10673;02/08/2023 0:00;3;677;Persona;140;17300;21000;4;7
10674;02/08/2023 0:00;3;53;Persona;147;17300;22100;1;4
10675;03/08/2023 0:00;3;412;Persona;84;18500;21600;1;4
10676;03/08/2023 0:00;3;581;Persona;98;18000;22600;1;4
10677;03/08/2023 0:00;3;577;Persona;32;17800;19000;1;4
10678;03/08/2023 0:00;2;155;Persona;162;18500;20200;4;12
10679;03/08/2023 0:00;2;619;Persona;75;17000;18100;4;12
10680;03/08/2023 0:00;2;667;Persona;146;17100;20300;4;12
10681;03/08/2023 0:00;2;642;Persona;171;16800;20400;4;12
10682;03/08/2023 0:00;2;748;Persona;119;17300;22300;4;10
10683;04/08/2023 0:00;2;51;Persona;88;17000;19400;4;10
10684;04/08/2023 0:00;2;387;Persona;161;16600;18600;4;10
10685;04/08/2023 0:00;2;512;Persona;7;17800;19300;4;10
10686;04/08/2023 0:00;2;853;Persona;143;17700;21100;4;12
10687;04/08/2023 0:00;2;799;Persona;30;17400;21500;4;12
10688;04/08/2023 0:00;2;778;Persona;163;17800;22200;4;12
10689;04/08/2023 0:00;2;593;Persona;90;17400;21500;4;12
10690;04/08/2023 0:00;4;336;Persona;114;17800;19900;4;10
10691;04/08/2023 0:00;4;750;Persona;91;18300;22600;4;10
10692;04/08/2023 0:00;4;853;Persona;132;17200;20100;4;10
10693;04/08/2023 0:00;4;7;Persona;9;17100;18000;4;10
10694;04/08/2023 0:00;4;891;Persona;132;17200;20300;4;3
10695;04/08/2023 0:00;4;378;Persona;105;18200;19700;4;3
10696;04/08/2023 0:00;4;791;Persona;57;17700;18600;4;3
10697;04/08/2023 0:00;4;937;Persona;129;17800;20500;4;3
10698;04/08/2023 0:00;1;229;Empresa;179;17500;21000;2;11
10699;05/08/2023 0:00;1;249;Empresa;168;17500;21500;2;11
10700;05/08/2023 0:00;1;710;Empresa;99;17500;20500;2;11
10701;05/08/2023 0:00;1;745;Empresa;96;17200;20700;2;11
10702;05/08/2023 0:00;1;885;Persona;74;18100;22100;2;11
10703;05/08/2023 0:00;1;622;Persona;135;17800;20100;2;11
10704;05/08/2023 0:00;1;820;Persona;152;16600;18700;2;11
10705;05/08/2023 0:00;1;948;Persona;162;18500;23400;2;11
10706;05/08/2023 0:00;1;74;Persona;1;16800;19100;4;12
10707;06/08/2023 0:00;1;594;Persona;35;18000;19800;4;12
10708;06/08/2023 0:00;1;901;Persona;143;17700;20800;4;12
10709;06/08/2023 0:00;1;1120;Persona;35;18000;18900;4;12
10710;06/08/2023 0:00;3;587;Persona;65;17100;20000;4;2
10711;06/08/2023 0:00;3;697;Persona;159;17400;22600;4;2
10712;06/08/2023 0:00;3;542;Persona;47;17300;22400;4;2
10713;06/08/2023 0:00;3;789;Persona;102;17800;22000;4;2
10714;06/08/2023 0:00;2;87;Persona;54;17800;23000;4;2
10715;06/08/2023 0:00;2;212;Persona;62;17100;19900;4;2
10716;06/08/2023 0:00;2;591;Persona;25;17500;22100;4;2
10717;06/08/2023 0:00;4;884;Persona;147;17300;22000;2;11
10718;06/08/2023 0:00;4;219;Persona;162;18500;22300;2;11
10719;06/08/2023 0:00;4;1029;Persona;89;17200;20700;2;11
10720;06/08/2023 0:00;1;292;Persona;106;17600;21200;3;6
10721;06/08/2023 0:00;1;637;Persona;88;17000;19000;3;6
10722;06/08/2023 0:00;1;310;Persona;134;18000;20900;3;6
10723;06/08/2023 0:00;1;971;Persona;73;17100;18200;3;6
10724;06/08/2023 0:00;4;554;Persona;41;17600;22300;4;10
10725;06/08/2023 0:00;4;841;Persona;72;17800;20300;4;10
10726;06/08/2023 0:00;4;126;Persona;121;17100;18400;4;10
10727;06/08/2023 0:00;4;1040;Persona;40;17000;18600;4;10
10728;06/08/2023 0:00;2;11;Persona;117;16800;21500;2;11
10729;06/08/2023 0:00;2;565;Persona;63;17400;20400;2;11
10730;07/08/2023 0:00;2;291;Persona;148;17000;21600;2;11
10731;07/08/2023 0:00;2;41;Persona;146;17100;19400;2;11
10732;07/08/2023 0:00;2;901;Persona;137;17800;21400;4;7
10733;07/08/2023 0:00;2;290;Persona;113;18000;19700;4;7
10734;07/08/2023 0:00;2;943;Persona;106;17600;20500;4;7
10735;07/08/2023 0:00;2;226;Persona;134;18000;21000;4;7
10736;07/08/2023 0:00;2;305;Persona;165;16900;18900;1;9
10737;07/08/2023 0:00;2;271;Persona;142;17200;20000;1;9
10738;07/08/2023 0:00;2;997;Persona;168;17500;20000;1;9
10739;07/08/2023 0:00;2;171;Persona;142;17200;21900;1;9
10740;07/08/2023 0:00;1;940;Persona;133;17500;21200;4;10
10741;07/08/2023 0:00;1;500;Persona;77;17300;22300;4;10
10742;07/08/2023 0:00;1;198;Persona;171;16800;21200;4;10
10743;07/08/2023 0:00;1;612;Persona;8;18300;20400;4;10
10744;07/08/2023 0:00;1;330;Persona;173;17500;19200;2;8
10745;07/08/2023 0:00;1;27;Persona;174;17400;18300;2;8
10746;08/08/2023 0:00;1;892;Persona;166;18200;21000;2;8
10747;08/08/2023 0:00;1;511;Persona;23;17100;19600;2;8
10748;08/08/2023 0:00;1;407;Empresa;68;17300;18500;4;12
10749;09/08/2023 0:00;1;428;Empresa;87;18000;19700;4;12
10750;09/08/2023 0:00;1;366;Empresa;161;16600;21300;4;12
10751;09/08/2023 0:00;1;828;Empresa;66;18400;20900;4;12
10752;09/08/2023 0:00;4;742;Persona;98;18000;20300;4;1
10753;09/08/2023 0:00;4;551;Persona;129;17800;19400;4;1
10754;09/08/2023 0:00;4;985;Persona;25;17500;19600;4;1
10755;09/08/2023 0:00;4;20;Persona;30;17400;21200;4;1
10756;09/08/2023 0:00;3;329;Persona;168;17500;20300;1;4
10757;09/08/2023 0:00;3;923;Persona;160;16800;21600;1;4
10758;09/08/2023 0:00;3;229;Persona;76;17700;20900;1;4
10759;09/08/2023 0:00;3;3;Persona;68;17300;22100;1;4
10760;09/08/2023 0:00;1;499;Persona;156;17200;21100;4;7
10761;09/08/2023 0:00;1;114;Persona;76;17700;22700;4;7
10762;09/08/2023 0:00;1;1146;Persona;145;17400;20700;4;7
10763;09/08/2023 0:00;1;1004;Persona;143;17700;19800;4;7
10764;09/08/2023 0:00;2;395;Persona;73;17100;20900;1;9
10765;09/08/2023 0:00;2;587;Persona;122;17000;21800;1;9
10766;09/08/2023 0:00;2;102;Persona;139;17100;19600;1;9
10767;09/08/2023 0:00;2;705;Persona;148;17000;19100;1;9
10768;09/08/2023 0:00;2;381;Persona;132;17200;20200;4;5
10769;09/08/2023 0:00;2;144;Persona;82;17700;22900;4;5
10770;09/08/2023 0:00;2;931;Persona;123;18200;19400;4;5
10771;09/08/2023 0:00;2;949;Persona;122;17000;21000;4;5
10772;09/08/2023 0:00;2;271;Persona;176;17600;18700;1;4
10773;09/08/2023 0:00;2;664;Persona;115;18400;21700;1;4
10774;09/08/2023 0:00;2;715;Persona;172;17700;20500;1;4
10775;09/08/2023 0:00;2;296;Persona;179;17500;19000;1;4
10776;09/08/2023 0:00;1;539;Persona;75;17000;19100;4;1
10777;10/08/2023 0:00;1;927;Persona;133;17500;18800;4;1
10778;10/08/2023 0:00;1;1044;Persona;18;17500;20900;4;1
10779;10/08/2023 0:00;1;1112;Empresa;81;17400;21100;2;11
10780;10/08/2023 0:00;1;651;Empresa;83;17300;19400;2;11
10781;10/08/2023 0:00;1;359;Empresa;150;17600;20900;2;11
10782;10/08/2023 0:00;1;591;Empresa;45;17500;21100;2;11
10783;10/08/2023 0:00;3;941;Persona;113;18000;20200;4;7
10784;10/08/2023 0:00;3;173;Persona;10;16300;19100;4;7
10785;10/08/2023 0:00;3;962;Persona;120;17600;20000;4;7
10786;10/08/2023 0:00;3;945;Persona;62;17100;22100;4;7
10787;10/08/2023 0:00;4;874;Persona;23;17100;20000;4;10
10788;10/08/2023 0:00;4;625;Persona;44;17900;23200;4;10
10789;10/08/2023 0:00;4;431;Persona;1;16800;20300;4;10
10790;10/08/2023 0:00;4;73;Persona;17;18100;22200;4;10
10791;10/08/2023 0:00;1;37;Persona;96;17200;19300;3;6
10792;11/08/2023 0:00;1;18;Persona;56;17400;20600;3;6
10793;11/08/2023 0:00;1;339;Persona;111;17500;18800;3;6
10794;11/08/2023 0:00;1;83;Persona;117;16800;20200;3;6
10795;11/08/2023 0:00;1;656;Persona;104;17400;19200;2;11
10796;11/08/2023 0:00;1;996;Persona;88;17000;21700;2;11
10797;11/08/2023 0:00;1;1060;Persona;64;17200;18400;2;11
10798;11/08/2023 0:00;1;915;Persona;41;17600;19000;2;11
10799;11/08/2023 0:00;4;1022;Persona;178;17400;19300;4;2
10800;11/08/2023 0:00;4;149;Persona;4;17700;21600;4;2
10801;11/08/2023 0:00;4;676;Persona;67;17700;19700;4;2
10802;11/08/2023 0:00;4;188;Persona;177;16600;21200;4;2
10803;11/08/2023 0:00;3;1069;Persona;161;16600;21000;4;12
10804;11/08/2023 0:00;3;279;Persona;80;17400;21500;4;12
10805;11/08/2023 0:00;3;494;Persona;112;17500;19500;4;12
10806;11/08/2023 0:00;3;13;Persona;106;17600;19500;4;12
10807;11/08/2023 0:00;3;1030;Persona;84;18500;22800;4;1
10808;11/08/2023 0:00;3;634;Persona;145;17400;18200;4;1
10809;11/08/2023 0:00;3;258;Persona;69;17800;22100;4;1
10810;11/08/2023 0:00;3;93;Persona;114;17800;20500;4;1
10811;11/08/2023 0:00;2;667;Persona;45;17500;20900;1;9
10812;11/08/2023 0:00;2;659;Persona;55;17800;21800;1;9
10813;11/08/2023 0:00;2;827;Persona;119;17300;21400;1;9
10814;12/08/2023 0:00;2;865;Persona;158;17400;22300;1;9
10815;12/08/2023 0:00;1;425;Persona;64;17200;18200;4;1
10816;12/08/2023 0:00;1;584;Persona;162;18500;20300;4;1
10817;12/08/2023 0:00;1;1006;Persona;127;17900;23200;4;1
10818;12/08/2023 0:00;1;743;Persona;142;17200;19900;4;1
10819;12/08/2023 0:00;3;1062;Persona;171;16800;18200;2;8
10820;12/08/2023 0:00;3;1167;Persona;174;17400;19500;2;8
10821;12/08/2023 0:00;3;993;Persona;94;17500;20200;2;8
10822;12/08/2023 0:00;3;553;Persona;111;17500;18700;2;8
10823;12/08/2023 0:00;2;80;Persona;149;17600;22500;4;12
10824;12/08/2023 0:00;2;768;Persona;148;17000;21900;4;12
10825;12/08/2023 0:00;2;29;Persona;125;17300;21200;4;12
10826;12/08/2023 0:00;2;792;Persona;115;18400;21600;4;12
10827;12/08/2023 0:00;3;582;Persona;108;18300;22100;4;1
10828;12/08/2023 0:00;3;736;Persona;40;17000;18300;4;1
10829;12/08/2023 0:00;3;130;Persona;61;17600;18900;4;1
10830;12/08/2023 0:00;3;715;Persona;97;17500;22500;4;1
10831;12/08/2023 0:00;2;589;Persona;148;17000;19500;4;1
10832;12/08/2023 0:00;2;532;Persona;55;17800;19300;4;1
10833;13/08/2023 0:00;2;1041;Persona;130;17900;22100;4;1
10834;13/08/2023 0:00;2;367;Persona;129;17800;21500;4;12
10835;13/08/2023 0:00;2;586;Persona;78;17200;20000;4;12
10836;13/08/2023 0:00;2;767;Persona;58;17600;22600;4;12
10837;13/08/2023 0:00;2;916;Persona;160;16800;20800;4;12
10838;13/08/2023 0:00;1;451;Persona;142;17200;18200;4;10
10839;13/08/2023 0:00;1;1079;Persona;148;17000;21600;4;10
10840;13/08/2023 0:00;1;265;Persona;64;17200;21900;4;10
10841;13/08/2023 0:00;1;748;Persona;146;17100;18700;4;10
10842;13/08/2023 0:00;4;589;Persona;63;17400;19300;4;3
10843;13/08/2023 0:00;4;120;Persona;171;16800;19300;4;3
10844;13/08/2023 0:00;4;1006;Persona;28;17800;20200;4;3
10845;14/08/2023 0:00;4;423;Persona;68;17300;18100;4;3
10846;14/08/2023 0:00;3;480;Persona;65;17100;21600;4;10
10847;14/08/2023 0:00;3;9;Persona;122;17000;19600;4;10
10848;14/08/2023 0:00;3;1096;Persona;148;17000;20900;4;10
10849;14/08/2023 0:00;3;874;Persona;66;18400;22000;4;10
10850;14/08/2023 0:00;2;255;Persona;49;17300;19500;4;1
10851;14/08/2023 0:00;2;813;Persona;121;17100;21400;4;1
10852;15/08/2023 0:00;2;425;Persona;165;16900;18700;4;1
10853;15/08/2023 0:00;2;728;Persona;114;17800;19900;4;1
10854;15/08/2023 0:00;2;457;Persona;42;17600;19300;4;1
10855;16/08/2023 0:00;2;922;Persona;12;17400;20000;4;1
10856;16/08/2023 0:00;2;882;Persona;105;18200;19200;4;1
10857;16/08/2023 0:00;2;510;Persona;76;17700;21400;4;1
10858;16/08/2023 0:00;1;227;Persona;31;16500;17400;4;5
10859;16/08/2023 0:00;1;56;Persona;85;17600;21100;4;5
10860;16/08/2023 0:00;1;832;Persona;68;17300;19800;4;5
10861;16/08/2023 0:00;1;732;Persona;125;17300;21100;4;5
10862;16/08/2023 0:00;3;770;Persona;17;18100;21400;3;6
10863;16/08/2023 0:00;3;636;Persona;42;17600;18800;3;6
10864;16/08/2023 0:00;3;882;Persona;7;17800;21300;3;6
10865;16/08/2023 0:00;3;1114;Persona;103;18000;21000;3;6
10866;16/08/2023 0:00;3;107;Persona;18;17500;20500;4;10
10867;16/08/2023 0:00;3;1054;Persona;167;18200;20300;4;10
10868;16/08/2023 0:00;3;103;Persona;178;17400;20000;4;10
10869;16/08/2023 0:00;3;741;Persona;58;17600;19900;4;10
10870;16/08/2023 0:00;3;196;Persona;58;17600;19800;3;6
10871;17/08/2023 0:00;3;952;Persona;20;17600;22200;3;6
10872;17/08/2023 0:00;3;368;Persona;93;16800;19800;3;6
10873;17/08/2023 0:00;3;487;Persona;171;16800;20800;3;6
10874;17/08/2023 0:00;2;23;Persona;94;17500;22600;4;12
10875;17/08/2023 0:00;2;1052;Persona;120;17600;21600;4;12
10876;17/08/2023 0:00;2;454;Persona;34;17500;19100;4;12
10877;17/08/2023 0:00;2;194;Persona;38;18100;23500;4;12
10878;17/08/2023 0:00;2;884;Persona;30;17400;22300;4;10
10879;17/08/2023 0:00;2;798;Persona;11;17300;21700;4;10
10880;17/08/2023 0:00;2;116;Persona;65;17100;19800;4;10
10881;17/08/2023 0:00;2;603;Persona;130;17900;20900;4;10
10882;17/08/2023 0:00;2;678;Persona;167;18200;21800;2;8
10883;17/08/2023 0:00;2;16;Persona;27;17400;21000;2;8
10884;17/08/2023 0:00;2;690;Persona;27;17400;21600;2;8
10885;17/08/2023 0:00;2;171;Persona;43;18400;19700;2;8
10886;17/08/2023 0:00;4;887;Persona;154;17300;20400;4;7
10887;17/08/2023 0:00;4;92;Persona;8;18300;21300;4;7
10888;17/08/2023 0:00;4;821;Persona;23;17100;21400;4;7
10889;17/08/2023 0:00;4;344;Persona;45;17500;19700;4;7
10890;17/08/2023 0:00;3;72;Persona;26;17200;20700;2;11
10891;18/08/2023 0:00;3;1084;Persona;92;17500;22200;2;11
10892;18/08/2023 0:00;3;257;Persona;133;17500;20900;2;11
10893;18/08/2023 0:00;3;504;Persona;3;17000;18300;2;11
10894;18/08/2023 0:00;3;526;Persona;43;18400;20800;4;2
10895;18/08/2023 0:00;3;277;Persona;109;17700;18800;4;2
10896;18/08/2023 0:00;3;1117;Persona;80;17400;18300;4;2
10897;18/08/2023 0:00;3;1117;Persona;114;17800;19100;4;2
10898;18/08/2023 0:00;1;650;Empresa;43;18400;23700;1;4
10899;18/08/2023 0:00;1;43;Empresa;24;17200;20700;1;4
10900;18/08/2023 0:00;1;437;Empresa;160;16800;18900;1;4
10901;18/08/2023 0:00;1;423;Empresa;76;17700;19200;1;4
10902;18/08/2023 0:00;1;27;Persona;78;17200;20200;4;3
10903;18/08/2023 0:00;1;518;Persona;176;17600;20000;4;3
10904;18/08/2023 0:00;1;206;Persona;108;18300;23000;4;3
10905;18/08/2023 0:00;1;706;Persona;72;17800;19000;4;3
10906;19/08/2023 0:00;2;422;Persona;145;17400;19500;2;11
10907;19/08/2023 0:00;2;31;Persona;78;17200;19500;2;11
10908;19/08/2023 0:00;2;670;Persona;40;17000;18300;2;11
10909;19/08/2023 0:00;2;643;Persona;86;17000;21400;2;11
10910;19/08/2023 0:00;4;168;Persona;47;17300;20000;4;5
10911;19/08/2023 0:00;4;766;Persona;163;17800;23000;4;5
10912;19/08/2023 0:00;4;302;Persona;51;17500;22300;4;5
10913;19/08/2023 0:00;3;1175;Empresa;168;17500;22200;2;11
10914;19/08/2023 0:00;3;11;Empresa;153;17200;19900;2;11
10915;19/08/2023 0:00;3;6;Empresa;15;17200;21000;2;11
10916;19/08/2023 0:00;3;99;Empresa;75;17000;21600;2;11
10917;19/08/2023 0:00;3;1171;Persona;25;17500;18800;3;6
10918;19/08/2023 0:00;3;1040;Persona;35;18000;19900;3;6
10919;19/08/2023 0:00;3;795;Persona;77;17300;19700;3;6
10920;19/08/2023 0:00;3;422;Persona;43;18400;23100;3;6
10921;19/08/2023 0:00;3;48;Persona;153;17200;21800;3;6
10922;20/08/2023 0:00;3;1096;Persona;86;17000;17900;3;6
10923;20/08/2023 0:00;3;832;Persona;125;17300;22200;3;6
10924;20/08/2023 0:00;2;416;Persona;65;17100;18100;4;3
10925;20/08/2023 0:00;2;537;Persona;1;16800;17800;4;3
10926;20/08/2023 0:00;2;46;Persona;37;17600;19200;4;3
10927;20/08/2023 0:00;2;1063;Persona;10;16300;20800;4;3
10928;20/08/2023 0:00;4;186;Persona;98;18000;20900;4;3
10929;20/08/2023 0:00;4;541;Persona;73;17100;20500;4;3
10930;21/08/2023 0:00;4;313;Persona;177;16600;17500;4;3
10931;21/08/2023 0:00;4;316;Persona;170;17400;19000;4;3
10932;21/08/2023 0:00;2;610;Persona;134;18000;23200;4;3
10933;21/08/2023 0:00;2;165;Persona;64;17200;18600;4;3
10934;21/08/2023 0:00;2;1018;Persona;9;17100;19700;4;3
10935;21/08/2023 0:00;2;1112;Persona;27;17400;20100;4;5
10936;21/08/2023 0:00;2;617;Persona;131;17000;20900;4;5
10937;21/08/2023 0:00;2;411;Persona;30;17400;20800;4;5
10938;21/08/2023 0:00;2;790;Persona;80;17400;20600;4;5
10939;21/08/2023 0:00;2;899;Empresa;164;16800;18600;4;7
10940;21/08/2023 0:00;2;828;Empresa;28;17800;20800;4;7
10941;21/08/2023 0:00;2;423;Empresa;101;17500;21800;4;7
10942;22/08/2023 0:00;2;912;Empresa;98;18000;22800;4;7
10943;22/08/2023 0:00;1;427;Persona;101;17500;21900;4;12
10944;22/08/2023 0:00;1;469;Persona;38;18100;21400;4;12
10945;22/08/2023 0:00;1;897;Persona;75;17000;20200;4;12
10946;22/08/2023 0:00;1;992;Persona;15;17200;20900;4;12
10947;22/08/2023 0:00;3;552;Persona;27;17400;21800;1;9
10948;22/08/2023 0:00;3;442;Persona;36;17600;19600;1;9
10949;22/08/2023 0:00;3;393;Persona;78;17200;18900;1;9
10950;22/08/2023 0:00;3;100;Persona;14;16800;21500;1;9
10951;22/08/2023 0:00;2;313;Persona;37;17600;22700;1;9
10952;22/08/2023 0:00;2;248;Persona;65;17100;20800;1;9
10953;22/08/2023 0:00;2;1094;Persona;175;17800;20000;1;9
10954;22/08/2023 0:00;2;328;Persona;21;18000;21100;1;9
10955;22/08/2023 0:00;4;85;Persona;24;17200;20600;4;2
10956;22/08/2023 0:00;4;307;Persona;97;17500;20200;4;2
10957;22/08/2023 0:00;4;735;Persona;128;17500;21200;4;2
10958;22/08/2023 0:00;4;884;Persona;16;17800;18800;4;2
10959;22/08/2023 0:00;2;425;Persona;71;17800;18800;3;6
10960;22/08/2023 0:00;2;146;Persona;152;16600;21500;3;6
10961;22/08/2023 0:00;2;673;Persona;154;17300;19900;3;6
10962;22/08/2023 0:00;2;611;Empresa;94;17500;19500;4;5
10963;22/08/2023 0:00;2;673;Empresa;151;17200;19100;4;5
10964;22/08/2023 0:00;2;505;Empresa;73;17100;20700;4;5
10965;22/08/2023 0:00;2;917;Empresa;174;17400;19000;4;5
10966;22/08/2023 0:00;1;656;Empresa;84;18500;21200;4;1
10967;22/08/2023 0:00;1;224;Empresa;85;17600;21300;4;1
10968;22/08/2023 0:00;1;105;Empresa;99;17500;19500;4;1
10969;23/08/2023 0:00;1;1032;Empresa;83;17300;19000;4;1
10970;23/08/2023 0:00;3;187;Persona;96;17200;20100;4;10
10971;23/08/2023 0:00;3;726;Persona;169;18000;22500;4;10
10972;23/08/2023 0:00;3;45;Persona;132;17200;21600;4;10
10973;23/08/2023 0:00;3;660;Persona;129;17800;21700;4;10
10974;23/08/2023 0:00;4;302;Persona;82;17700;20700;3;6
10975;23/08/2023 0:00;4;313;Persona;155;18000;20700;3;6
10976;23/08/2023 0:00;4;793;Persona;33;17100;21400;3;6
10977;23/08/2023 0:00;4;632;Persona;125;17300;20000;3;6
10978;23/08/2023 0:00;2;1122;Empresa;177;16600;19700;4;3
10979;23/08/2023 0:00;2;833;Empresa;35;18000;19900;4;3
10980;23/08/2023 0:00;2;841;Empresa;12;17400;20700;4;3
10981;23/08/2023 0:00;2;568;Empresa;81;17400;19700;4;3
10982;23/08/2023 0:00;1;884;Persona;35;18000;22100;2;8
10983;23/08/2023 0:00;1;778;Persona;64;17200;19600;2;8
10984;23/08/2023 0:00;1;959;Persona;74;18100;20700;2;8
10985;23/08/2023 0:00;1;835;Persona;103;18000;20000;2;8
10986;23/08/2023 0:00;1;943;Persona;81;17400;21800;4;12
10987;23/08/2023 0:00;1;1085;Persona;79;17700;21800;4;12
10988;23/08/2023 0:00;1;592;Persona;77;17300;19800;4;12
10989;23/08/2023 0:00;3;1130;Persona;178;17400;18200;3;6
10990;24/08/2023 0:00;3;210;Persona;80;17400;20400;3;6
10991;24/08/2023 0:00;3;249;Persona;99;17500;22500;3;6
10992;24/08/2023 0:00;3;831;Persona;38;18100;19700;4;2
10993;24/08/2023 0:00;3;335;Persona;128;17500;21000;4;2
10994;24/08/2023 0:00;3;957;Persona;117;16800;18100;4;2
10995;24/08/2023 0:00;3;672;Persona;6;17100;21400;4;2
10996;24/08/2023 0:00;2;1096;Persona;166;18200;22400;4;1
10997;24/08/2023 0:00;2;225;Persona;79;17700;18700;4;1
10998;24/08/2023 0:00;2;678;Persona;158;17400;19200;4;1
10999;24/08/2023 0:00;2;295;Persona;73;17100;19300;4;1
11000;24/08/2023 0:00;4;210;Persona;154;17300;19200;4;7
11001;24/08/2023 0:00;4;1127;Persona;79;17700;19200;4;7
11002;24/08/2023 0:00;4;734;Persona;170;17400;20300;4;7
11003;24/08/2023 0:00;3;568;Persona;52;17800;19000;4;1
11004;24/08/2023 0:00;3;915;Persona;24;17200;21900;4;1
11005;24/08/2023 0:00;3;533;Persona;46;16700;17700;4;1
11006;24/08/2023 0:00;3;1084;Persona;106;17600;22600;4;1
11007;24/08/2023 0:00;4;598;Persona;80;17400;21000;4;5
11008;24/08/2023 0:00;4;602;Persona;173;17500;20200;4;5
11009;24/08/2023 0:00;4;460;Persona;130;17900;20200;4;5
11010;24/08/2023 0:00;2;263;Persona;125;17300;21100;2;11
11011;24/08/2023 0:00;2;690;Persona;25;17500;21000;2;11
11012;24/08/2023 0:00;2;818;Persona;136;17600;20600;2;11
11013;24/08/2023 0:00;2;1142;Persona;59;18100;22200;2;11
11014;24/08/2023 0:00;2;923;Persona;4;17700;19900;4;12
11015;24/08/2023 0:00;2;1066;Persona;171;16800;17700;4;12
11016;24/08/2023 0:00;2;1104;Persona;29;17700;21100;4;12
11017;24/08/2023 0:00;2;929;Persona;114;17800;20300;4;12
11018;24/08/2023 0:00;1;59;Persona;131;17000;20400;4;2
11019;24/08/2023 0:00;1;928;Persona;145;17400;19100;4;2
11020;24/08/2023 0:00;1;43;Persona;69;17800;21600;4;2
11021;25/08/2023 0:00;1;697;Persona;11;17300;20100;4;2
11022;25/08/2023 0:00;4;318;Persona;134;18000;22200;3;6
11023;25/08/2023 0:00;4;482;Persona;95;17700;21600;3;6
11024;25/08/2023 0:00;4;431;Persona;34;17500;20900;3;6
11025;25/08/2023 0:00;4;631;Persona;47;17300;21800;3;6
11026;25/08/2023 0:00;2;386;Persona;179;17500;18500;4;5
11027;25/08/2023 0:00;2;833;Persona;95;17700;20100;4;5
11028;25/08/2023 0:00;2;652;Persona;35;18000;20400;4;5
11029;25/08/2023 0:00;2;64;Persona;62;17100;20000;4;5
11030;25/08/2023 0:00;4;811;Persona;168;17500;22700;4;12
11031;25/08/2023 0:00;4;991;Persona;90;17400;20600;4;12
11032;25/08/2023 0:00;4;1116;Persona;175;17800;19900;4;12
11033;25/08/2023 0:00;4;154;Persona;49;17300;19500;4;12
11034;25/08/2023 0:00;3;220;Persona;17;18100;20000;4;2
11035;25/08/2023 0:00;3;1161;Persona;127;17900;21300;4;2
11036;25/08/2023 0:00;3;909;Persona;162;18500;19700;4;2
11037;25/08/2023 0:00;3;362;Persona;43;18400;23400;4;2
11038;25/08/2023 0:00;2;851;Persona;12;17400;18400;4;1
11039;25/08/2023 0:00;2;225;Persona;21;18000;19600;4;1
11040;25/08/2023 0:00;2;589;Persona;178;17400;21700;4;1
11041;25/08/2023 0:00;2;641;Persona;139;17100;19200;4;1
11042;25/08/2023 0:00;4;893;Persona;18;17500;21000;2;11
11043;25/08/2023 0:00;4;248;Persona;150;17600;20900;2;11
11044;25/08/2023 0:00;4;647;Persona;99;17500;19600;2;11
11045;26/08/2023 0:00;4;1123;Persona;30;17400;21500;2;11
11046;26/08/2023 0:00;2;341;Persona;42;17600;22400;4;2
11047;26/08/2023 0:00;2;165;Persona;132;17200;19000;4;2
11048;26/08/2023 0:00;2;1076;Persona;149;17600;19000;4;2
11049;26/08/2023 0:00;2;1051;Persona;175;17800;19000;4;2
11050;26/08/2023 0:00;2;423;Persona;90;17400;21700;1;4
11051;26/08/2023 0:00;2;567;Persona;127;17900;22500;1;4
11052;26/08/2023 0:00;2;816;Persona;140;17300;19500;1;4
11053;26/08/2023 0:00;4;730;Persona;132;17200;21200;4;2
11054;26/08/2023 0:00;4;738;Persona;22;18000;22200;4;2
11055;26/08/2023 0:00;4;1033;Persona;172;17700;19700;4;2
11056;26/08/2023 0:00;4;742;Persona;156;17200;21900;4;2
11057;26/08/2023 0:00;4;73;Persona;172;17700;18600;4;3
11058;26/08/2023 0:00;4;938;Persona;1;16800;18200;4;3
11059;26/08/2023 0:00;4;387;Persona;88;17000;18700;4;3
11060;26/08/2023 0:00;4;20;Persona;128;17500;18300;4;3
11061;27/08/2023 0:00;3;836;Persona;23;17100;20700;2;11
11062;27/08/2023 0:00;3;1045;Persona;149;17600;21500;2;11
11063;27/08/2023 0:00;3;329;Persona;46;16700;19700;2;11
11064;27/08/2023 0:00;3;368;Persona;125;17300;22200;2;11
11065;28/08/2023 0:00;3;923;Empresa;178;17400;21700;4;3
11066;28/08/2023 0:00;3;928;Empresa;23;17100;21100;4;3
11067;28/08/2023 0:00;3;968;Empresa;159;17400;19400;4;3
11068;28/08/2023 0:00;3;32;Empresa;12;17400;18700;4;3
11069;28/08/2023 0:00;4;224;Persona;81;17400;20600;4;2
11070;28/08/2023 0:00;4;455;Persona;178;17400;21000;4;2
11071;28/08/2023 0:00;4;544;Persona;97;17500;19700;4;2
11072;28/08/2023 0:00;4;1040;Persona;45;17500;20500;3;6
11073;29/08/2023 0:00;4;782;Persona;119;17300;18900;3;6
11074;29/08/2023 0:00;4;903;Persona;53;16800;20800;3;6
11075;29/08/2023 0:00;4;702;Persona;71;17800;21600;3;6
11076;29/08/2023 0:00;3;879;Persona;95;17700;20900;4;7
11077;29/08/2023 0:00;3;738;Persona;26;17200;19700;4;7
11078;29/08/2023 0:00;3;207;Persona;62;17100;22000;4;7
11079;29/08/2023 0:00;3;529;Persona;119;17300;21400;4;7
11080;29/08/2023 0:00;2;187;Persona;50;16300;18700;2;8
11081;29/08/2023 0:00;2;1154;Persona;18;17500;19300;2;8
11082;29/08/2023 0:00;2;160;Persona;103;18000;19200;2;8
11083;29/08/2023 0:00;2;942;Persona;38;18100;21000;2;8
11084;30/08/2023 0:00;2;30;Persona;118;18000;22400;4;2
11085;30/08/2023 0:00;2;189;Persona;100;18100;23000;4;2
11086;30/08/2023 0:00;2;687;Persona;139;17100;20200;4;2
11087;30/08/2023 0:00;2;54;Persona;10;16300;19400;4;2
11088;30/08/2023 0:00;1;1036;Persona;123;18200;22100;4;12
11089;30/08/2023 0:00;1;45;Persona;102;17800;19200;4;12
11090;30/08/2023 0:00;1;852;Persona;135;17800;22800;4;12
11091;30/08/2023 0:00;1;249;Persona;152;16600;20300;4;12
11092;30/08/2023 0:00;1;92;Persona;71;17800;19600;4;2
11093;30/08/2023 0:00;1;961;Persona;86;17000;19700;4;2
11094;30/08/2023 0:00;1;579;Persona;169;18000;23100;4;2
11095;30/08/2023 0:00;1;707;Persona;104;17400;21200;4;2
11096;30/08/2023 0:00;1;1175;Persona;5;17200;20000;2;11
11097;30/08/2023 0:00;1;333;Persona;7;17800;22900;2;11
11098;30/08/2023 0:00;1;344;Persona;57;17700;22600;2;11
11099;30/08/2023 0:00;1;522;Persona;62;17100;20900;2;11
11100;30/08/2023 0:00;3;1124;Persona;19;17000;21300;4;1
11101;30/08/2023 0:00;3;450;Persona;155;18000;20000;4;1
11102;30/08/2023 0:00;3;594;Persona;156;17200;19400;4;1
11103;30/08/2023 0:00;3;697;Persona;41;17600;20400;4;1
11104;30/08/2023 0:00;4;841;Persona;26;17200;20400;4;3
11105;30/08/2023 0:00;4;522;Persona;176;17600;22300;4;3
11106;30/08/2023 0:00;4;41;Persona;146;17100;18300;4;3
11107;30/08/2023 0:00;4;998;Persona;155;18000;19200;4;3
11108;30/08/2023 0:00;2;821;Persona;30;17400;22000;4;5
11109;30/08/2023 0:00;2;746;Persona;13;17300;19400;4;5
11110;30/08/2023 0:00;2;249;Persona;42;17600;22500;4;5
11111;30/08/2023 0:00;2;301;Persona;128;17500;22300;4;5
11112;30/08/2023 0:00;4;678;Empresa;149;17600;22800;4;5
11113;30/08/2023 0:00;4;205;Empresa;54;17800;22100;4;5
11114;30/08/2023 0:00;4;114;Empresa;57;17700;20900;4;5
11115;30/08/2023 0:00;4;1047;Empresa;18;17500;18600;4;5
11116;31/08/2023 0:00;3;826;Persona;58;17600;21500;4;10
11117;31/08/2023 0:00;3;442;Persona;1;16800;20700;4;10
11118;31/08/2023 0:00;3;812;Persona;110;17200;19300;4;10
11119;31/08/2023 0:00;4;612;Persona;44;17900;22900;1;4
11120;31/08/2023 0:00;4;725;Persona;65;17100;18200;1;4
11121;31/08/2023 0:00;4;82;Persona;14;16800;20900;1;4
11122;31/08/2023 0:00;4;986;Persona;44;17900;21100;1;4
11123;01/09/2023 0:00;1;149;Persona;116;17700;20000;2;11
11124;01/09/2023 0:00;1;1141;Persona;43;18400;21100;2;11
11125;01/09/2023 0:00;1;680;Persona;16;17800;19300;2;11
11126;01/09/2023 0:00;1;488;Persona;176;17600;19700;2;11
11127;01/09/2023 0:00;3;666;Persona;127;17900;21400;4;2
11128;01/09/2023 0:00;3;89;Persona;55;17800;19100;4;2
11129;01/09/2023 0:00;3;897;Persona;35;18000;21000;4;2
11130;01/09/2023 0:00;3;1100;Persona;169;18000;19300;4;2
11131;01/09/2023 0:00;3;121;Persona;176;17600;20000;4;3
11132;01/09/2023 0:00;3;449;Persona;128;17500;22500;4;3
11133;01/09/2023 0:00;3;163;Persona;8;18300;21900;4;3
11134;01/09/2023 0:00;3;19;Persona;16;17800;20600;4;3
11135;02/09/2023 0:00;2;183;Persona;43;18400;21800;1;9
11136;02/09/2023 0:00;2;764;Persona;123;18200;19600;1;9
11137;02/09/2023 0:00;2;611;Persona;108;18300;20700;1;9
11138;02/09/2023 0:00;2;391;Persona;15;17200;21000;1;9
11139;02/09/2023 0:00;1;1109;Persona;156;17200;22100;4;3
11140;02/09/2023 0:00;1;638;Persona;150;17600;20800;4;3
11141;02/09/2023 0:00;1;1092;Persona;136;17600;19200;4;3
11142;02/09/2023 0:00;1;62;Persona;170;17400;20900;4;3
11143;02/09/2023 0:00;4;746;Persona;118;18000;23300;2;8
11144;02/09/2023 0:00;4;899;Persona;82;17700;21800;2;8
11145;02/09/2023 0:00;4;142;Persona;50;16300;19400;2;8
11146;02/09/2023 0:00;4;112;Persona;78;17200;21300;2;8
11147;03/09/2023 0:00;3;213;Persona;132;17200;21200;4;12
11148;03/09/2023 0:00;3;440;Persona;37;17600;21200;4;12
11149;03/09/2023 0:00;3;203;Persona;32;17800;20900;4;12
11150;03/09/2023 0:00;3;1127;Persona;15;17200;19400;4;12
11151;03/09/2023 0:00;4;1081;Persona;101;17500;21100;2;8
11152;03/09/2023 0:00;4;66;Persona;36;17600;18600;2;8
11153;03/09/2023 0:00;4;8;Persona;99;17500;20500;2;8
11154;03/09/2023 0:00;4;141;Persona;158;17400;19700;2;8
11155;04/09/2023 0:00;2;533;Persona;92;17500;20400;1;9
11156;04/09/2023 0:00;2;99;Persona;9;17100;19800;1;9
11157;04/09/2023 0:00;2;248;Persona;159;17400;20200;1;9
11158;04/09/2023 0:00;2;1107;Persona;157;18100;19700;1;9
11159;04/09/2023 0:00;3;1085;Persona;131;17000;18700;2;8
11160;04/09/2023 0:00;3;1017;Persona;74;18100;22300;2;8
11161;04/09/2023 0:00;3;612;Persona;48;17100;18700;2;8
11162;04/09/2023 0:00;3;746;Persona;65;17100;20200;2;8
11163;04/09/2023 0:00;1;822;Persona;135;17800;22600;3;6
11164;04/09/2023 0:00;1;73;Persona;147;17300;18700;3;6
11165;04/09/2023 0:00;1;1129;Persona;116;17700;20800;3;6
11166;04/09/2023 0:00;1;557;Persona;104;17400;18300;3;6
11167;04/09/2023 0:00;3;948;Persona;106;17600;18400;4;1
11168;04/09/2023 0:00;3;598;Persona;138;17400;19000;4;1
11169;04/09/2023 0:00;3;6;Persona;73;17100;20800;4;1
11170;04/09/2023 0:00;3;391;Persona;138;17400;20300;4;1
11171;04/09/2023 0:00;2;973;Persona;3;17000;20400;4;3
11172;04/09/2023 0:00;2;827;Persona;47;17300;21800;4;3
11173;04/09/2023 0:00;2;773;Persona;102;17800;20500;4;3
11174;04/09/2023 0:00;2;980;Persona;19;17000;21600;4;3
11175;05/09/2023 0:00;2;76;Persona;30;17400;19400;4;2
11176;05/09/2023 0:00;2;610;Persona;126;18100;23400;4;2
11177;05/09/2023 0:00;2;812;Persona;146;17100;22200;4;2
11178;05/09/2023 0:00;2;213;Persona;151;17200;20100;4;2
11179;05/09/2023 0:00;1;83;Persona;1;16800;20100;4;12
11180;05/09/2023 0:00;1;526;Persona;174;17400;19300;4;12
11181;05/09/2023 0:00;1;292;Persona;148;17000;21200;4;12
11182;05/09/2023 0:00;4;1003;Persona;125;17300;21000;4;12
11183;05/09/2023 0:00;4;538;Persona;144;17200;22000;4;12
11184;05/09/2023 0:00;4;523;Persona;24;17200;21600;4;12
11185;05/09/2023 0:00;4;509;Persona;108;18300;22300;4;12
11186;05/09/2023 0:00;4;805;Persona;89;17200;20400;4;3
11187;06/09/2023 0:00;4;521;Persona;129;17800;22300;4;3
11188;06/09/2023 0:00;4;161;Persona;116;17700;21500;4;3
11189;06/09/2023 0:00;4;517;Persona;132;17200;21700;4;3
11190;06/09/2023 0:00;2;614;Persona;28;17800;21300;1;9
11191;06/09/2023 0:00;2;1127;Persona;61;17600;21000;1;9
11192;06/09/2023 0:00;2;1122;Persona;43;18400;21400;1;9
11193;06/09/2023 0:00;2;36;Persona;82;17700;19500;1;9
11194;06/09/2023 0:00;2;713;Persona;148;17000;20100;2;11
11195;07/09/2023 0:00;2;1030;Persona;163;17800;21900;2;11
11196;07/09/2023 0:00;2;792;Persona;88;17000;19000;2;11
11197;07/09/2023 0:00;2;830;Persona;26;17200;21100;2;11
11198;07/09/2023 0:00;2;804;Persona;179;17500;20300;2;8
11199;07/09/2023 0:00;2;542;Persona;35;18000;19300;2;8
11200;07/09/2023 0:00;2;679;Persona;46;16700;21400;2;8
11201;07/09/2023 0:00;2;485;Persona;103;18000;21100;2;8
11202;08/09/2023 0:00;1;919;Empresa;55;17800;22200;4;10
11203;08/09/2023 0:00;1;726;Empresa;139;17100;21600;4;10
11204;08/09/2023 0:00;1;290;Empresa;98;18000;22100;4;10
11205;08/09/2023 0:00;1;770;Empresa;72;17800;21800;4;10
11206;08/09/2023 0:00;4;193;Persona;59;18100;21000;1;4
11207;08/09/2023 0:00;4;408;Persona;54;17800;19400;1;4
11208;08/09/2023 0:00;4;337;Persona;91;18300;19600;1;4
11209;08/09/2023 0:00;4;231;Persona;160;16800;20300;1;4
11210;09/09/2023 0:00;3;652;Empresa;26;17200;21200;4;2
11211;09/09/2023 0:00;3;143;Empresa;170;17400;22600;4;2
11212;09/09/2023 0:00;3;522;Empresa;129;17800;22200;4;2
11213;09/09/2023 0:00;3;997;Empresa;81;17400;19900;4;2
11214;09/09/2023 0:00;4;219;Empresa;132;17200;18400;4;2
11215;09/09/2023 0:00;4;145;Empresa;80;17400;20500;4;2
11216;09/09/2023 0:00;4;533;Empresa;155;18000;22700;4;2
11217;09/09/2023 0:00;4;566;Empresa;153;17200;21500;4;2
11218;09/09/2023 0:00;4;475;Persona;162;18500;19500;1;4
11219;09/09/2023 0:00;4;35;Persona;125;17300;19400;1;4
11220;09/09/2023 0:00;4;929;Persona;109;17700;19600;1;4
11221;09/09/2023 0:00;2;849;Persona;3;17000;21900;4;12
11222;10/09/2023 0:00;2;571;Persona;137;17800;23000;4;12
11223;10/09/2023 0:00;2;369;Persona;6;17100;21800;4;12
11224;10/09/2023 0:00;2;233;Persona;101;17500;18300;4;12
11225;10/09/2023 0:00;2;813;Persona;69;17800;18800;4;10
11226;10/09/2023 0:00;2;1116;Persona;158;17400;22000;4;10
11227;10/09/2023 0:00;2;92;Persona;47;17300;20600;4;10
11228;10/09/2023 0:00;2;298;Persona;164;16800;20900;4;10
11229;10/09/2023 0:00;4;261;Persona;115;18400;21400;4;5
11230;10/09/2023 0:00;4;630;Persona;161;16600;21400;4;5
11231;10/09/2023 0:00;4;726;Persona;107;17300;19900;4;5
11232;10/09/2023 0:00;4;44;Persona;175;17800;19700;4;5
11233;10/09/2023 0:00;4;569;Persona;104;17400;19000;4;2
11234;10/09/2023 0:00;4;74;Persona;175;17800;21000;4;2
11235;10/09/2023 0:00;4;45;Persona;91;18300;19800;4;2
11236;10/09/2023 0:00;4;251;Persona;115;18400;22100;4;2
11237;11/09/2023 0:00;1;567;Persona;147;17300;20900;4;3
11238;11/09/2023 0:00;1;487;Persona;33;17100;18700;4;3
11239;11/09/2023 0:00;1;457;Persona;30;17400;19900;4;3
11240;11/09/2023 0:00;1;233;Persona;12;17400;18400;4;3
11241;11/09/2023 0:00;4;1146;Persona;27;17400;18300;4;3
11242;11/09/2023 0:00;4;150;Persona;10;16300;19500;4;3
11243;11/09/2023 0:00;4;40;Persona;89;17200;18300;4;3
11244;11/09/2023 0:00;4;579;Persona;95;17700;19700;4;3
11245;11/09/2023 0:00;4;159;Persona;91;18300;21700;4;2
11246;11/09/2023 0:00;4;220;Persona;125;17300;20700;4;2
11247;11/09/2023 0:00;4;678;Persona;91;18300;22600;4;2
11248;11/09/2023 0:00;4;402;Persona;39;17200;18000;4;2
11249;11/09/2023 0:00;3;774;Persona;157;18100;22600;1;9
11250;12/09/2023 0:00;3;606;Persona;94;17500;21400;1;9
11251;12/09/2023 0:00;3;808;Persona;67;17700;19300;1;9
11252;12/09/2023 0:00;3;836;Persona;36;17600;20600;1;9
11253;12/09/2023 0:00;4;220;Persona;177;16600;19700;4;1
11254;12/09/2023 0:00;4;1000;Persona;78;17200;21600;4;1
11255;12/09/2023 0:00;4;148;Persona;75;17000;19000;4;1
11256;12/09/2023 0:00;2;566;Persona;107;17300;20500;4;12
11257;12/09/2023 0:00;2;304;Persona;115;18400;23700;4;12
11258;12/09/2023 0:00;2;783;Persona;106;17600;21100;4;12
11259;12/09/2023 0:00;2;1179;Persona;139;17100;21300;4;12
11260;12/09/2023 0:00;3;514;Persona;95;17700;20900;4;1
11261;12/09/2023 0:00;3;202;Persona;63;17400;20500;4;1
11262;12/09/2023 0:00;3;725;Persona;90;17400;20900;4;1
11263;12/09/2023 0:00;3;897;Persona;18;17500;18400;4;1
11264;12/09/2023 0:00;2;30;Persona;88;17000;18700;3;6
11265;12/09/2023 0:00;2;764;Persona;46;16700;18800;3;6
11266;12/09/2023 0:00;2;919;Persona;174;17400;19600;3;6
11267;12/09/2023 0:00;2;329;Persona;101;17500;20300;3;6
11268;12/09/2023 0:00;2;956;Persona;151;17200;21200;4;7
11269;12/09/2023 0:00;2;294;Persona;26;17200;18700;4;7
11270;12/09/2023 0:00;2;55;Persona;109;17700;19000;4;7
11271;12/09/2023 0:00;2;385;Persona;31;16500;17600;3;6
11272;12/09/2023 0:00;2;350;Persona;171;16800;18000;3;6
11273;12/09/2023 0:00;2;1080;Persona;104;17400;19300;3;6
11274;13/09/2023 0:00;2;883;Persona;51;17500;21300;3;6
11275;13/09/2023 0:00;1;58;Persona;37;17600;19200;4;10
11276;13/09/2023 0:00;1;928;Persona;49;17300;20000;4;10
11277;13/09/2023 0:00;1;379;Persona;28;17800;22100;4;10
11278;13/09/2023 0:00;1;672;Persona;59;18100;20700;4;10
11279;13/09/2023 0:00;1;835;Persona;25;17500;21000;3;6
11280;13/09/2023 0:00;1;956;Persona;115;18400;20900;3;6
11281;13/09/2023 0:00;1;336;Persona;53;16800;21400;3;6
11282;13/09/2023 0:00;1;1015;Persona;136;17600;21800;3;6
11283;13/09/2023 0:00;1;103;Persona;85;17600;20500;1;4
11284;13/09/2023 0:00;1;44;Persona;1;16800;18100;1;4
11285;13/09/2023 0:00;1;441;Persona;73;17100;20800;1;4
11286;13/09/2023 0:00;3;523;Empresa;41;17600;21100;4;5
11287;13/09/2023 0:00;3;489;Empresa;77;17300;18100;4;5
11288;13/09/2023 0:00;3;309;Empresa;128;17500;21900;4;5
11289;13/09/2023 0:00;3;184;Empresa;45;17500;20500;4;5
11290;13/09/2023 0:00;2;421;Persona;175;17800;19300;3;6
11291;13/09/2023 0:00;2;668;Persona;161;16600;20000;3;6
11292;13/09/2023 0:00;2;284;Persona;157;18100;21100;3;6
11293;13/09/2023 0:00;2;1142;Persona;98;18000;21500;3;6
11294;13/09/2023 0:00;2;1058;Persona;14;16800;17700;2;11
11295;13/09/2023 0:00;2;30;Persona;96;17200;18600;2;11
11296;13/09/2023 0:00;2;186;Persona;71;17800;19200;2;11
11297;13/09/2023 0:00;1;560;Persona;86;17000;19200;4;3
11298;13/09/2023 0:00;1;485;Persona;28;17800;19300;4;3
11299;13/09/2023 0:00;1;1160;Persona;44;17900;20400;4;3
11300;13/09/2023 0:00;1;328;Persona;79;17700;20700;4;3
11301;13/09/2023 0:00;1;373;Persona;50;16300;19800;1;9
11302;13/09/2023 0:00;1;879;Persona;94;17500;19000;1;9
11303;13/09/2023 0:00;1;22;Persona;17;18100;19400;1;9
11304;13/09/2023 0:00;1;601;Persona;140;17300;21100;1;9
11305;13/09/2023 0:00;4;212;Persona;78;17200;21100;1;9
11306;13/09/2023 0:00;4;108;Persona;119;17300;20000;1;9
11307;13/09/2023 0:00;3;21;Empresa;55;17800;21500;2;8
11308;13/09/2023 0:00;3;454;Empresa;87;18000;20700;2;8
11309;14/09/2023 0:00;3;373;Empresa;136;17600;18600;2;8
11310;14/09/2023 0:00;3;128;Empresa;102;17800;22800;2;8
11311;14/09/2023 0:00;2;965;Persona;118;18000;20300;4;1
11312;14/09/2023 0:00;2;531;Persona;124;17500;19300;4;1
11313;14/09/2023 0:00;2;636;Persona;77;17300;20500;4;1
11314;14/09/2023 0:00;2;939;Persona;46;16700;18700;4;1
11315;14/09/2023 0:00;1;1116;Persona;160;16800;18100;3;6
11316;14/09/2023 0:00;1;255;Persona;65;17100;18500;3;6
11317;14/09/2023 0:00;1;652;Persona;21;18000;21200;3;6
11318;14/09/2023 0:00;1;1149;Persona;106;17600;19000;3;6
11319;14/09/2023 0:00;1;566;Persona;24;17200;21100;1;9
11320;14/09/2023 0:00;1;72;Persona;124;17500;20700;1;9
11321;14/09/2023 0:00;1;472;Persona;8;18300;20500;1;9
11322;14/09/2023 0:00;1;20;Persona;104;17400;21800;1;9
11323;14/09/2023 0:00;1;703;Persona;174;17400;21100;4;7
11324;14/09/2023 0:00;1;274;Persona;37;17600;18500;4;7
11325;14/09/2023 0:00;1;388;Persona;176;17600;19400;4;7
11326;14/09/2023 0:00;1;968;Persona;102;17800;22900;4;7
11327;14/09/2023 0:00;1;97;Persona;132;17200;18400;4;1
11328;14/09/2023 0:00;1;351;Persona;30;17400;20600;4;1
11329;15/09/2023 0:00;1;23;Persona;67;17700;21000;4;1
11330;15/09/2023 0:00;1;89;Persona;123;18200;19900;4;1
11331;15/09/2023 0:00;1;248;Persona;135;17800;22300;4;1
11332;15/09/2023 0:00;1;720;Persona;40;17000;20200;4;1
11333;15/09/2023 0:00;1;641;Persona;129;17800;21300;4;1
11334;15/09/2023 0:00;1;106;Persona;138;17400;20400;4;1
11335;15/09/2023 0:00;4;764;Persona;65;17100;19000;4;1
11336;15/09/2023 0:00;4;589;Persona;126;18100;21700;4;1
11337;16/09/2023 0:00;4;817;Persona;147;17300;20100;4;1
11338;16/09/2023 0:00;4;148;Persona;39;17200;19200;4;1
11339;16/09/2023 0:00;2;517;Persona;6;17100;20500;4;7
11340;16/09/2023 0:00;2;859;Persona;92;17500;18700;4;7
11341;16/09/2023 0:00;2;37;Persona;11;17300;22400;4;7
11342;16/09/2023 0:00;2;227;Persona;16;17800;19400;4;7
11343;16/09/2023 0:00;4;562;Persona;167;18200;23400;4;3
11344;16/09/2023 0:00;4;836;Persona;137;17800;22600;4;3
11345;16/09/2023 0:00;4;836;Persona;87;18000;20800;4;3
11346;16/09/2023 0:00;4;291;Persona;168;17500;21800;4;3
11347;16/09/2023 0:00;2;377;Persona;176;17600;20900;4;5
11348;16/09/2023 0:00;2;973;Persona;157;18100;21800;4;5
11349;17/09/2023 0:00;2;836;Persona;122;17000;18200;4;5
11350;17/09/2023 0:00;2;385;Persona;143;17700;21400;4;5
11351;17/09/2023 0:00;2;401;Empresa;149;17600;20200;1;9
11352;17/09/2023 0:00;2;476;Empresa;25;17500;19800;1;4
11353;17/09/2023 0:00;2;376;Empresa;119;17300;20800;1;9
11354;17/09/2023 0:00;2;92;Empresa;124;17500;21300;1;4
11355;17/09/2023 0:00;2;275;Empresa;19;17000;18900;1;9
11356;17/09/2023 0:00;2;977;Empresa;76;17700;19800;1;4
11357;17/09/2023 0:00;2;1013;Empresa;88;17000;19000;1;9
11358;17/09/2023 0:00;2;343;Empresa;130;17900;22600;1;4
11359;17/09/2023 0:00;2;663;Persona;107;17300;18200;4;7
11360;17/09/2023 0:00;2;740;Persona;105;18200;22000;4;7
11361;17/09/2023 0:00;2;784;Persona;173;17500;22200;4;7
11362;17/09/2023 0:00;1;862;Persona;69;17800;20200;1;4
11363;17/09/2023 0:00;1;722;Persona;98;18000;19100;1;4
11364;17/09/2023 0:00;1;1132;Persona;9;17100;22100;1;4
11365;17/09/2023 0:00;1;1026;Persona;87;18000;18900;1;4
11366;17/09/2023 0:00;1;522;Persona;85;17600;20900;4;1
11367;17/09/2023 0:00;1;216;Persona;118;18000;19800;4;1
11368;17/09/2023 0:00;1;259;Persona;56;17400;20900;4;1
11369;17/09/2023 0:00;4;1036;Persona;93;16800;17600;2;11
11370;17/09/2023 0:00;4;643;Persona;78;17200;18500;2;11
11371;17/09/2023 0:00;4;4;Persona;139;17100;21500;2;11
11372;17/09/2023 0:00;4;637;Persona;140;17300;19300;2;11
11373;17/09/2023 0:00;4;404;Persona;15;17200;21300;4;1
11374;17/09/2023 0:00;4;752;Persona;126;18100;22200;4;1
11375;17/09/2023 0:00;4;1170;Persona;147;17300;20300;4;1
11376;17/09/2023 0:00;4;605;Persona;23;17100;18900;4;1
11377;18/09/2023 0:00;4;414;Persona;113;18000;20900;4;3
11378;18/09/2023 0:00;4;182;Persona;158;17400;21000;4;3
11379;18/09/2023 0:00;4;880;Persona;178;17400;20500;4;3
11380;18/09/2023 0:00;4;391;Persona;172;17700;19900;4;3
11381;18/09/2023 0:00;2;461;Persona;33;17100;21300;4;2
11382;18/09/2023 0:00;2;259;Persona;125;17300;21100;4;2
11383;18/09/2023 0:00;2;1171;Persona;144;17200;19500;4;2
11384;18/09/2023 0:00;2;1094;Persona;80;17400;21400;4;2
11385;18/09/2023 0:00;3;695;Persona;159;17400;19000;4;10
11386;18/09/2023 0:00;3;517;Persona;157;18100;21700;4;10
11387;18/09/2023 0:00;3;686;Persona;70;17300;21100;4;10
11388;18/09/2023 0:00;3;635;Persona;177;16600;19100;4;10
11389;18/09/2023 0:00;1;196;Persona;12;17400;19900;4;12
11390;18/09/2023 0:00;1;759;Persona;39;17200;19100;4;12
11391;18/09/2023 0:00;1;589;Persona;57;17700;22300;4;12
11392;19/09/2023 0:00;1;333;Persona;95;17700;21500;4;12
11393;19/09/2023 0:00;1;64;Persona;11;17300;18900;1;9
11394;19/09/2023 0:00;1;545;Persona;37;17600;22700;1;9
11395;19/09/2023 0:00;1;1027;Persona;38;18100;19000;1;9
11396;19/09/2023 0:00;1;503;Persona;78;17200;18700;1;9
11397;19/09/2023 0:00;3;1011;Persona;168;17500;22500;1;4
11398;19/09/2023 0:00;3;901;Persona;101;17500;22400;1;4
11399;19/09/2023 0:00;3;14;Persona;175;17800;20900;1;4
11400;20/09/2023 0:00;3;184;Persona;33;17100;20100;1;4
11401;20/09/2023 0:00;3;297;Persona;116;17700;19600;2;8
11402;20/09/2023 0:00;3;708;Persona;155;18000;20700;2;8
11403;20/09/2023 0:00;3;108;Persona;35;18000;21900;2;8
11404;20/09/2023 0:00;3;1175;Persona;136;17600;21300;2;8
11405;20/09/2023 0:00;3;1152;Persona;142;17200;22100;4;3
11406;20/09/2023 0:00;3;418;Persona;33;17100;21000;4;3
11407;20/09/2023 0:00;3;54;Persona;62;17100;19500;4;3
11408;20/09/2023 0:00;3;66;Persona;23;17100;19200;4;3
11409;20/09/2023 0:00;3;807;Persona;104;17400;19400;4;7
11410;20/09/2023 0:00;3;751;Persona;97;17500;19900;4;7
11411;20/09/2023 0:00;3;1027;Persona;116;17700;21100;4;7
11412;20/09/2023 0:00;3;253;Persona;96;17200;19000;4;7
11413;20/09/2023 0:00;2;1031;Persona;95;17700;22100;4;1
11414;20/09/2023 0:00;2;964;Persona;159;17400;19000;4;1
11415;20/09/2023 0:00;2;177;Persona;122;17000;18200;4;1
11416;20/09/2023 0:00;2;62;Persona;5;17200;18600;4;1
11417;20/09/2023 0:00;2;1153;Persona;30;17400;22300;4;1
11418;20/09/2023 0:00;2;125;Persona;101;17500;22200;4;1
11419;20/09/2023 0:00;2;345;Persona;135;17800;20900;4;1
11420;20/09/2023 0:00;2;157;Persona;133;17500;20000;2;11
11421;20/09/2023 0:00;2;700;Persona;170;17400;18600;2;11
11422;20/09/2023 0:00;2;162;Persona;114;17800;22400;2;11
11423;20/09/2023 0:00;3;702;Persona;120;17600;19200;4;12
11424;20/09/2023 0:00;3;266;Persona;76;17700;19700;4;12
11425;20/09/2023 0:00;3;703;Persona;68;17300;19100;4;12
11426;20/09/2023 0:00;3;1001;Persona;5;17200;18400;4;12
11427;20/09/2023 0:00;3;609;Persona;148;17000;19300;4;5
11428;20/09/2023 0:00;3;1064;Persona;133;17500;20200;4;5
11429;20/09/2023 0:00;3;140;Persona;25;17500;22100;4;5
11430;20/09/2023 0:00;3;473;Persona;46;16700;19100;4;5
11431;20/09/2023 0:00;3;895;Persona;94;17500;21200;1;4
11432;20/09/2023 0:00;3;332;Persona;55;17800;22600;1;4
11433;20/09/2023 0:00;3;112;Persona;153;17200;20200;1;4
11434;20/09/2023 0:00;3;1086;Persona;124;17500;20900;1;4
11435;20/09/2023 0:00;2;524;Persona;3;17000;18400;2;11
11436;22/09/2023 0:00;2;51;Persona;23;17100;21100;2;11
11437;22/09/2023 0:00;2;836;Persona;17;18100;20000;2;11
11438;22/09/2023 0:00;2;159;Persona;163;17800;19500;2;11
11439;22/09/2023 0:00;1;375;Persona;155;18000;23100;4;3
11440;22/09/2023 0:00;1;28;Persona;145;17400;22100;4;3
11441;22/09/2023 0:00;1;967;Persona;86;17000;22000;4;3
11442;22/09/2023 0:00;1;1137;Persona;137;17800;19200;4;3
11443;22/09/2023 0:00;4;100;Persona;74;18100;22300;2;8
11444;22/09/2023 0:00;4;1051;Persona;84;18500;21200;2;8
11445;22/09/2023 0:00;4;480;Persona;105;18200;22400;2;8
11446;22/09/2023 0:00;4;237;Persona;164;16800;17800;2;8
11447;22/09/2023 0:00;3;174;Persona;123;18200;20600;1;9
11448;24/09/2023 0:00;3;133;Persona;140;17300;21600;1;9
11449;24/09/2023 0:00;3;556;Persona;118;18000;22000;1;9
11450;24/09/2023 0:00;2;121;Persona;55;17800;19800;2;11
11451;24/09/2023 0:00;2;838;Persona;134;18000;20500;2;11
11452;24/09/2023 0:00;2;437;Persona;67;17700;19500;2;11
11453;24/09/2023 0:00;2;791;Persona;82;17700;21200;4;5
11454;24/09/2023 0:00;2;29;Persona;145;17400;20500;4;5
11455;24/09/2023 0:00;2;91;Persona;149;17600;21500;4;5
11456;24/09/2023 0:00;2;587;Persona;123;18200;22100;4;5
11457;24/09/2023 0:00;2;701;Persona;18;17500;21800;4;2
11458;24/09/2023 0:00;2;356;Persona;28;17800;22000;4;2
11459;24/09/2023 0:00;2;543;Persona;14;16800;18600;4;2
11460;24/09/2023 0:00;2;1121;Persona;154;17300;21500;4;2
11461;24/09/2023 0:00;1;284;Persona;171;16800;19900;2;11
11462;24/09/2023 0:00;1;471;Persona;37;17600;22300;2;11
11463;24/09/2023 0:00;1;890;Persona;165;16900;21800;2;11
11464;24/09/2023 0:00;1;659;Persona;146;17100;21800;2;11
11465;24/09/2023 0:00;4;638;Empresa;52;17800;20700;3;6
11466;24/09/2023 0:00;4;361;Empresa;101;17500;19300;3;6
11467;24/09/2023 0:00;4;1101;Empresa;97;17500;20400;3;6
11468;24/09/2023 0:00;4;1172;Empresa;28;17800;22200;3;6
11469;24/09/2023 0:00;3;109;Persona;13;17300;20800;2;8
11470;24/09/2023 0:00;3;875;Persona;163;17800;22300;2;8
11471;24/09/2023 0:00;3;537;Persona;52;17800;19500;2;8
11472;24/09/2023 0:00;3;394;Persona;143;17700;20700;2;8
11473;24/09/2023 0:00;2;498;Persona;116;17700;21400;1;4
11474;24/09/2023 0:00;2;695;Persona;149;17600;21500;1;4
11475;24/09/2023 0:00;2;1012;Persona;167;18200;21000;1;4
11476;24/09/2023 0:00;2;577;Persona;54;17800;23000;1;4
11477;24/09/2023 0:00;4;192;Persona;4;17700;20700;4;10
11478;24/09/2023 0:00;4;522;Persona;110;17200;22300;4;10
11479;24/09/2023 0:00;4;422;Persona;54;17800;21400;4;10
11480;25/09/2023 0:00;4;196;Persona;116;17700;19200;4;10
11481;25/09/2023 0:00;3;840;Empresa;9;17100;20500;2;11
11482;25/09/2023 0:00;3;623;Empresa;174;17400;20000;2;11
11483;25/09/2023 0:00;3;51;Empresa;45;17500;19000;2;11
11484;25/09/2023 0:00;3;1093;Empresa;110;17200;19700;2;11
11485;25/09/2023 0:00;4;149;Empresa;12;17400;19300;1;9
11486;25/09/2023 0:00;4;797;Empresa;13;17300;18200;1;9
11487;25/09/2023 0:00;4;267;Empresa;20;17600;20700;1;9
11488;25/09/2023 0:00;4;78;Empresa;58;17600;18800;1;9
11489;25/09/2023 0:00;2;238;Persona;140;17300;18800;2;8
11490;25/09/2023 0:00;2;588;Persona;121;17100;20800;2;8
11491;25/09/2023 0:00;2;136;Persona;97;17500;21900;2;8
11492;25/09/2023 0:00;2;490;Persona;176;17600;21000;2;8
11493;25/09/2023 0:00;3;583;Persona;27;17400;21500;4;2
11494;25/09/2023 0:00;3;445;Persona;113;18000;19900;4;2
11495;25/09/2023 0:00;3;658;Persona;101;17500;20300;4;2
11496;25/09/2023 0:00;3;718;Persona;90;17400;19400;4;2
11497;25/09/2023 0:00;4;220;Persona;34;17500;21700;1;4
11498;25/09/2023 0:00;4;709;Persona;3;17000;19600;1;4
11499;25/09/2023 0:00;4;814;Persona;34;17500;21400;1;4
11500;25/09/2023 0:00;4;284;Persona;15;17200;19900;1;4
11501;25/09/2023 0:00;4;943;Persona;163;17800;22800;4;7
11502;25/09/2023 0:00;4;298;Persona;149;17600;20400;4;7
11503;26/09/2023 0:00;4;376;Persona;140;17300;19000;4;7
11504;26/09/2023 0:00;4;407;Persona;86;17000;18900;4;7
11505;26/09/2023 0:00;2;607;Persona;11;17300;18300;4;3
11506;26/09/2023 0:00;2;122;Persona;52;17800;22300;4;3
11507;27/09/2023 0:00;2;7;Persona;141;18800;22000;4;3
11508;27/09/2023 0:00;1;60;Persona;1;16800;18800;4;10
11509;27/09/2023 0:00;1;148;Persona;17;18100;19600;4;10
11510;27/09/2023 0:00;1;866;Persona;54;17800;20800;4;10
11511;27/09/2023 0:00;1;1158;Persona;11;17300;18100;4;10
11512;27/09/2023 0:00;2;1031;Persona;100;18100;19500;4;5
11513;27/09/2023 0:00;2;215;Persona;48;17100;19000;4;5
11514;27/09/2023 0:00;2;69;Persona;79;17700;19100;4;5
11515;27/09/2023 0:00;2;892;Persona;45;17500;18500;4;5
11516;27/09/2023 0:00;2;167;Persona;175;17800;22900;1;9
11517;27/09/2023 0:00;2;231;Persona;73;17100;18500;1;9
11518;27/09/2023 0:00;2;869;Persona;176;17600;21300;1;9
11519;27/09/2023 0:00;2;321;Persona;172;17700;19700;1;9
11520;27/09/2023 0:00;2;484;Persona;178;17400;19800;4;7
11521;27/09/2023 0:00;2;846;Persona;135;17800;22200;4;7
11522;27/09/2023 0:00;2;248;Persona;119;17300;20600;4;7
11523;27/09/2023 0:00;2;983;Persona;9;17100;21100;4;7
11524;27/09/2023 0:00;1;542;Persona;26;17200;21100;4;1
11525;27/09/2023 0:00;1;212;Persona;149;17600;21600;4;1
11526;27/09/2023 0:00;1;272;Persona;13;17300;18800;4;1
11527;27/09/2023 0:00;1;795;Persona;24;17200;22200;4;1
11528;27/09/2023 0:00;1;1011;Persona;4;17700;21000;1;9
11529;27/09/2023 0:00;1;929;Persona;174;17400;21200;1;9
11530;27/09/2023 0:00;1;1134;Persona;72;17800;22600;1;9
11531;27/09/2023 0:00;1;567;Persona;153;17200;20800;1;9
11532;27/09/2023 0:00;2;514;Persona;47;17300;21700;4;2
11533;27/09/2023 0:00;2;441;Persona;7;17800;22600;4;2
11534;27/09/2023 0:00;2;1173;Persona;93;16800;19400;4;2
11535;27/09/2023 0:00;2;169;Persona;51;17500;22700;4;2
11536;27/09/2023 0:00;4;525;Persona;54;17800;21200;4;12
11537;27/09/2023 0:00;4;833;Persona;122;17000;21700;4;12
11538;27/09/2023 0:00;4;721;Persona;174;17400;19800;4;12
11539;27/09/2023 0:00;4;813;Persona;87;18000;19200;4;12
11540;27/09/2023 0:00;2;588;Persona;26;17200;21900;1;9
11541;27/09/2023 0:00;2;523;Persona;120;17600;20300;1;9
11542;27/09/2023 0:00;2;839;Persona;85;17600;18600;1;9
11543;28/09/2023 0:00;2;981;Persona;127;17900;19800;1;9
11544;28/09/2023 0:00;1;1013;Persona;93;16800;21100;4;12
11545;28/09/2023 0:00;1;639;Persona;128;17500;20700;4;12
11546;28/09/2023 0:00;1;1008;Persona;72;17800;20700;4;12
11547;28/09/2023 0:00;1;640;Empresa;37;17600;22500;4;3
11548;28/09/2023 0:00;1;1072;Empresa;132;17200;18600;4;3
11549;28/09/2023 0:00;1;993;Empresa;81;17400;19200;4;3
11550;28/09/2023 0:00;1;987;Empresa;111;17500;21500;4;3
11551;28/09/2023 0:00;1;933;Persona;112;17500;22400;4;5
11552;28/09/2023 0:00;1;862;Persona;105;18200;19600;4;5
11553;28/09/2023 0:00;1;1038;Persona;35;18000;20600;4;5
11554;28/09/2023 0:00;1;157;Persona;36;17600;19900;4;10
11555;28/09/2023 0:00;1;222;Persona;62;17100;18300;4;10
11556;28/09/2023 0:00;1;348;Persona;86;17000;19800;4;10
11557;28/09/2023 0:00;1;557;Persona;132;17200;19200;4;10
11558;28/09/2023 0:00;3;259;Persona;53;16800;17900;3;6
11559;28/09/2023 0:00;3;921;Persona;42;17600;22400;3;6
11560;28/09/2023 0:00;3;501;Persona;24;17200;21700;3;6
11561;28/09/2023 0:00;3;630;Persona;77;17300;18400;3;6
11562;28/09/2023 0:00;3;490;Persona;158;17400;18800;4;12
11563;28/09/2023 0:00;3;563;Persona;58;17600;19200;4;12
11564;28/09/2023 0:00;3;546;Persona;126;18100;19900;4;12
11565;28/09/2023 0:00;3;348;Persona;1;16800;19400;4;12
11566;28/09/2023 0:00;3;1127;Persona;120;17600;20200;4;5
11567;28/09/2023 0:00;3;972;Persona;33;17100;19200;4;5
11568;28/09/2023 0:00;3;211;Persona;82;17700;21600;4;5
11569;28/09/2023 0:00;3;370;Persona;17;18100;21500;4;5
11570;28/09/2023 0:00;2;1039;Empresa;179;17500;18400;1;4
11571;28/09/2023 0:00;2;678;Empresa;170;17400;21800;1;4
11572;28/09/2023 0:00;2;747;Empresa;50;16300;20700;1;4
11573;28/09/2023 0:00;2;955;Empresa;47;17300;20600;1;4
11574;28/09/2023 0:00;4;1044;Persona;88;17000;20000;4;10
11575;29/09/2023 0:00;4;869;Persona;152;16600;18900;4;10
11576;29/09/2023 0:00;4;461;Persona;16;17800;20600;4;10
11577;29/09/2023 0:00;4;34;Persona;79;17700;20600;4;10
11578;29/09/2023 0:00;2;715;Persona;87;18000;21400;2;8
11579;29/09/2023 0:00;2;721;Persona;108;18300;22900;2;8
11580;29/09/2023 0:00;2;879;Persona;59;18100;22000;2;8
11581;29/09/2023 0:00;2;341;Persona;155;18000;21300;2;8
11582;29/09/2023 0:00;1;471;Persona;159;17400;22100;4;2
11583;30/09/2023 0:00;1;176;Persona;70;17300;21500;4;2
11584;30/09/2023 0:00;1;822;Persona;36;17600;20800;4;2
11585;30/09/2023 0:00;1;635;Persona;3;17000;21700;4;2
11586;30/09/2023 0:00;3;359;Persona;62;17100;21600;2;11
11587;30/09/2023 0:00;3;843;Persona;159;17400;20200;2;11
11588;30/09/2023 0:00;3;463;Persona;155;18000;21900;2;11
11589;30/09/2023 0:00;3;803;Persona;22;18000;20400;2;11
11590;30/09/2023 0:00;2;907;Persona;72;17800;19700;1;9
11591;30/09/2023 0:00;2;1162;Persona;163;17800;21800;1;9
11592;30/09/2023 0:00;2;206;Persona;10;16300;19200;1;9
11593;30/09/2023 0:00;2;1102;Empresa;157;18100;19000;1;9
11594;30/09/2023 0:00;2;41;Empresa;136;17600;22300;1;9
11595;30/09/2023 0:00;2;383;Empresa;178;17400;18600;1;9
11596;30/09/2023 0:00;2;394;Empresa;162;18500;19600;1;9
11597;30/09/2023 0:00;4;57;Persona;117;16800;19100;4;10
11598;01/10/2023 0:00;4;939;Persona;52;17800;21200;4;10
11599;01/10/2023 0:00;4;484;Persona;131;17000;19800;4;10
11600;01/10/2023 0:00;4;979;Persona;63;17400;21900;4;10
11601;01/10/2023 0:00;4;423;Persona;67;17700;18600;2;8
11602;01/10/2023 0:00;4;200;Persona;11;17300;18600;2;8
11603;01/10/2023 0:00;4;478;Persona;7;17800;20200;2;8
11604;01/10/2023 0:00;4;3;Persona;34;17500;19400;2;8
11605;01/10/2023 0:00;2;40;Persona;40;17000;21500;3;6
11606;01/10/2023 0:00;2;625;Persona;3;17000;22000;3;6
11607;01/10/2023 0:00;2;678;Persona;148;17000;22100;3;6
11608;01/10/2023 0:00;2;552;Persona;63;17400;22200;3;6
11609;01/10/2023 0:00;2;827;Empresa;77;17300;19000;4;2
11610;01/10/2023 0:00;2;1058;Empresa;38;18100;23300;4;2
11611;01/10/2023 0:00;2;584;Empresa;20;17600;21800;4;2
11612;01/10/2023 0:00;2;708;Empresa;65;17100;18100;4;2
11613;01/10/2023 0:00;3;287;Persona;156;17200;18900;4;2
11614;02/10/2023 0:00;3;358;Persona;5;17200;21600;4;2
11615;02/10/2023 0:00;3;763;Persona;71;17800;23000;4;2
11616;02/10/2023 0:00;3;340;Persona;148;17000;20400;4;2
11617;02/10/2023 0:00;3;1109;Persona;120;17600;20000;4;10
11618;02/10/2023 0:00;3;488;Persona;10;16300;17600;4;10
11619;02/10/2023 0:00;3;21;Persona;16;17800;19700;4;10
11620;02/10/2023 0:00;3;363;Persona;132;17200;21500;4;10
11621;02/10/2023 0:00;3;1156;Empresa;95;17700;18900;4;10
11622;03/10/2023 0:00;3;296;Empresa;93;16800;19400;4;10
11623;03/10/2023 0:00;3;654;Empresa;122;17000;20800;4;10
11624;03/10/2023 0:00;3;99;Empresa;145;17400;18500;4;10
11625;03/10/2023 0:00;3;78;Persona;38;18100;21700;4;12
11626;03/10/2023 0:00;3;1091;Persona;78;17200;18900;4;12
11627;03/10/2023 0:00;3;789;Persona;9;17100;18000;4;12
11628;03/10/2023 0:00;3;832;Persona;11;17300;19000;1;9
11629;03/10/2023 0:00;3;581;Persona;109;17700;21500;1;9
11630;03/10/2023 0:00;3;483;Persona;53;16800;19400;1;9
11631;03/10/2023 0:00;3;524;Persona;124;17500;18700;1;9
11632;03/10/2023 0:00;1;1105;Persona;41;17600;22600;1;9
11633;03/10/2023 0:00;1;675;Persona;75;17000;20800;1;9
11634;03/10/2023 0:00;1;941;Persona;18;17500;21100;1;9
11635;03/10/2023 0:00;1;410;Persona;50;16300;20000;1;9
11636;03/10/2023 0:00;1;296;Empresa;40;17000;20900;2;11
11637;03/10/2023 0:00;1;91;Empresa;103;18000;19800;2;11
11638;03/10/2023 0:00;1;93;Empresa;49;17300;21500;2;11
11639;03/10/2023 0:00;1;717;Empresa;1;16800;19200;2;11
11640;03/10/2023 0:00;4;115;Persona;38;18100;23000;3;6
11641;03/10/2023 0:00;4;877;Persona;97;17500;19000;3;6
11642;03/10/2023 0:00;4;1116;Persona;127;17900;19400;3;6
11643;03/10/2023 0:00;4;280;Persona;69;17800;19800;3;6
11644;03/10/2023 0:00;4;404;Persona;150;17600;20300;4;7
11645;03/10/2023 0:00;4;432;Persona;140;17300;22200;4;7
11646;03/10/2023 0:00;4;284;Persona;91;18300;19500;4;7
11647;03/10/2023 0:00;4;1140;Persona;74;18100;23200;4;7
11648;03/10/2023 0:00;2;250;Persona;137;17800;21500;4;5
11649;03/10/2023 0:00;2;867;Persona;92;17500;21000;4;5
11650;03/10/2023 0:00;2;950;Persona;129;17800;20400;4;5
11651;03/10/2023 0:00;1;225;Persona;16;17800;20900;4;2
11652;03/10/2023 0:00;1;1107;Persona;24;17200;22200;4;2
11653;03/10/2023 0:00;1;590;Persona;117;16800;20900;4;2
11654;04/10/2023 0:00;1;339;Persona;99;17500;20600;4;2
11655;04/10/2023 0:00;4;1082;Persona;81;17400;18300;1;9
11656;04/10/2023 0:00;4;1107;Persona;162;18500;22000;1;9
11657;04/10/2023 0:00;4;86;Persona;169;18000;19800;1;9
11658;04/10/2023 0:00;4;1076;Persona;137;17800;21300;1;9
11659;04/10/2023 0:00;3;26;Persona;81;17400;21500;4;7
11660;04/10/2023 0:00;3;563;Persona;8;18300;22000;4;7
11661;04/10/2023 0:00;3;999;Persona;152;16600;17900;4;7
11662;04/10/2023 0:00;3;369;Persona;121;17100;20000;4;7
11663;04/10/2023 0:00;2;882;Persona;164;16800;17600;1;4
11664;04/10/2023 0:00;2;1058;Persona;8;18300;19200;1;4
11665;04/10/2023 0:00;2;569;Persona;25;17500;22600;1;4
11666;04/10/2023 0:00;2;77;Persona;172;17700;19400;1;4
11667;04/10/2023 0:00;4;704;Persona;13;17300;19000;4;1
11668;04/10/2023 0:00;4;772;Persona;136;17600;22500;4;1
11669;04/10/2023 0:00;4;157;Persona;8;18300;23300;4;1
11670;04/10/2023 0:00;4;336;Persona;31;16500;17700;4;1
11671;04/10/2023 0:00;1;940;Persona;75;17000;19100;1;9
11672;04/10/2023 0:00;1;1079;Persona;112;17500;18500;1;9
11673;04/10/2023 0:00;1;983;Persona;138;17400;20100;1;9
11674;04/10/2023 0:00;1;262;Persona;128;17500;19400;1;9
11675;04/10/2023 0:00;4;852;Persona;129;17800;21100;4;3
11676;04/10/2023 0:00;4;1051;Persona;63;17400;18600;4;3
11677;05/10/2023 0:00;4;332;Persona;113;18000;19400;4;3
11678;05/10/2023 0:00;4;774;Persona;73;17100;19700;4;3
11679;05/10/2023 0:00;2;380;Persona;105;18200;23000;4;3
11680;05/10/2023 0:00;2;667;Persona;48;17100;20900;4;3
11681;05/10/2023 0:00;2;1092;Persona;40;17000;18100;4;3
11682;05/10/2023 0:00;2;812;Persona;139;17100;20100;1;4
11683;05/10/2023 0:00;2;810;Persona;36;17600;22400;1;4
11684;05/10/2023 0:00;2;418;Persona;158;17400;19600;1;4
11685;05/10/2023 0:00;2;497;Persona;169;18000;20400;1;4
11686;05/10/2023 0:00;2;23;Persona;18;17500;20800;1;9
11687;05/10/2023 0:00;2;361;Persona;156;17200;20300;1;9
11688;05/10/2023 0:00;2;281;Persona;34;17500;22400;1;9
11689;05/10/2023 0:00;2;569;Persona;54;17800;19300;1;9
11690;05/10/2023 0:00;2;182;Persona;99;17500;20300;1;9
11691;06/10/2023 0:00;2;1049;Persona;88;17000;17800;1;9
11692;06/10/2023 0:00;2;201;Persona;143;17700;20200;1;9
11693;06/10/2023 0:00;2;1163;Persona;114;17800;19800;1;9
11694;06/10/2023 0:00;4;206;Persona;22;18000;20800;4;2
11695;06/10/2023 0:00;4;35;Persona;128;17500;19000;4;2
11696;06/10/2023 0:00;4;125;Persona;137;17800;19100;4;2
11697;06/10/2023 0:00;4;571;Persona;130;17900;20100;4;2
11698;06/10/2023 0:00;3;88;Persona;108;18300;19500;4;1
11699;06/10/2023 0:00;3;636;Persona;31;16500;20100;4;1
11700;06/10/2023 0:00;3;601;Persona;81;17400;18800;4;1
11701;07/10/2023 0:00;3;121;Persona;92;17500;19400;4;1
11702;07/10/2023 0:00;2;373;Persona;42;17600;19800;2;11
11703;07/10/2023 0:00;2;748;Persona;35;18000;22000;2;11
11704;07/10/2023 0:00;2;1061;Persona;160;16800;19200;2;11
11705;08/10/2023 0:00;2;424;Persona;173;17500;19300;4;7
11706;08/10/2023 0:00;2;104;Persona;3;17000;20900;4;7
11707;08/10/2023 0:00;2;489;Persona;62;17100;20300;4;7
11708;08/10/2023 0:00;2;88;Persona;56;17400;18400;4;7
11709;08/10/2023 0:00;2;323;Persona;34;17500;18300;2;8
11710;08/10/2023 0:00;2;285;Persona;115;18400;22700;2;8
11711;08/10/2023 0:00;2;608;Persona;59;18100;19200;2;8
11712;08/10/2023 0:00;2;697;Persona;94;17500;21800;2;8
11713;08/10/2023 0:00;2;656;Persona;70;17300;18800;4;5
11714;08/10/2023 0:00;2;1005;Persona;93;16800;19600;4;5
11715;08/10/2023 0:00;2;52;Persona;70;17300;19700;4;5
11716;08/10/2023 0:00;2;495;Persona;142;17200;21900;4;5
11717;08/10/2023 0:00;4;992;Persona;135;17800;22100;3;6
11718;08/10/2023 0:00;4;1039;Persona;177;16600;21200;3;6
11719;08/10/2023 0:00;4;182;Persona;163;17800;20900;3;6
11720;08/10/2023 0:00;4;1164;Persona;168;17500;19500;3;6
11721;08/10/2023 0:00;4;1125;Persona;151;17200;20800;3;6
11722;08/10/2023 0:00;4;996;Persona;179;17500;21400;3;6
11723;08/10/2023 0:00;4;273;Persona;8;18300;23100;3;6
11724;08/10/2023 0:00;4;648;Persona;170;17400;19300;3;6
11725;08/10/2023 0:00;4;6;Persona;19;17000;17900;4;2
11726;08/10/2023 0:00;4;724;Persona;131;17000;21700;4;2
11727;08/10/2023 0:00;4;282;Persona;53;16800;18700;4;2
11728;08/10/2023 0:00;4;69;Persona;81;17400;20800;4;2
11729;09/10/2023 0:00;2;250;Empresa;173;17500;21600;3;6
11730;09/10/2023 0:00;2;232;Empresa;86;17000;18500;3;6
11731;09/10/2023 0:00;2;1083;Empresa;131;17000;18000;3;6
11732;09/10/2023 0:00;2;1066;Empresa;41;17600;21500;3;6
11733;09/10/2023 0:00;2;160;Persona;63;17400;21500;3;6
11734;09/10/2023 0:00;2;131;Persona;52;17800;19700;3;6
11735;09/10/2023 0:00;2;118;Persona;6;17100;20600;3;6
11736;09/10/2023 0:00;2;61;Persona;100;18100;22100;3;6
11737;09/10/2023 0:00;2;387;Empresa;8;18300;22800;1;4
11738;09/10/2023 0:00;2;1038;Empresa;179;17500;21200;1;4
11739;09/10/2023 0:00;2;279;Empresa;37;17600;19300;1;4
11740;09/10/2023 0:00;2;1159;Empresa;165;16900;19100;1;4
11741;09/10/2023 0:00;1;964;Persona;158;17400;22000;4;10
11742;09/10/2023 0:00;1;240;Persona;11;17300;22000;4;10
11743;09/10/2023 0:00;1;128;Persona;104;17400;18500;4;10
11744;09/10/2023 0:00;1;673;Persona;146;17100;20700;2;8
11745;09/10/2023 0:00;1;847;Persona;96;17200;21100;2;8
11746;09/10/2023 0:00;1;885;Persona;160;16800;20200;2;8
11747;10/10/2023 0:00;1;626;Persona;82;17700;18600;2;8
11748;10/10/2023 0:00;4;87;Persona;79;17700;19500;2;8
11749;10/10/2023 0:00;4;461;Persona;23;17100;20900;2;8
11750;10/10/2023 0:00;4;60;Persona;25;17500;20300;2;8
11751;10/10/2023 0:00;4;560;Persona;102;17800;22600;2;8
11752;10/10/2023 0:00;3;294;Persona;24;17200;18300;4;1
11753;10/10/2023 0:00;3;995;Persona;88;17000;18700;4;1
11754;10/10/2023 0:00;3;177;Persona;142;17200;19400;4;1
11755;10/10/2023 0:00;3;586;Persona;69;17800;20800;4;1
11756;10/10/2023 0:00;3;1054;Persona;149;17600;19800;1;9
11757;10/10/2023 0:00;3;368;Persona;36;17600;18500;1;9
11758;10/10/2023 0:00;3;502;Persona;32;17800;23000;1;9
11759;10/10/2023 0:00;3;285;Persona;88;17000;18800;1;9
11760;10/10/2023 0:00;2;307;Persona;157;18100;19500;4;7
11761;10/10/2023 0:00;2;708;Persona;151;17200;21600;4;7
11762;10/10/2023 0:00;2;1083;Persona;43;18400;20900;4;7
11763;10/10/2023 0:00;2;353;Persona;15;17200;20900;4;3
11764;10/10/2023 0:00;2;546;Persona;7;17800;19500;4;3
11765;10/10/2023 0:00;2;944;Persona;79;17700;19900;4;3
11766;10/10/2023 0:00;2;894;Persona;131;17000;18100;4;3
11767;11/10/2023 0:00;1;1168;Persona;92;17500;22100;1;4
11768;11/10/2023 0:00;1;583;Persona;50;16300;20900;1;4
11769;11/10/2023 0:00;1;226;Persona;118;18000;23000;1;4
11770;11/10/2023 0:00;1;621;Persona;140;17300;19600;1;4
11771;11/10/2023 0:00;1;872;Persona;72;17800;19200;4;10
11772;11/10/2023 0:00;1;902;Persona;103;18000;20300;4;10
11773;11/10/2023 0:00;1;786;Persona;105;18200;21700;4;10
11774;11/10/2023 0:00;1;873;Persona;156;17200;20000;4;10
11775;11/10/2023 0:00;3;328;Persona;158;17400;20900;2;8
11776;11/10/2023 0:00;3;502;Persona;20;17600;22400;2;8
11777;11/10/2023 0:00;3;998;Persona;37;17600;19600;2;8
11778;11/10/2023 0:00;3;207;Persona;93;16800;19000;2;8
11779;11/10/2023 0:00;2;810;Persona;57;17700;22300;4;5
11780;11/10/2023 0:00;2;495;Persona;113;18000;19000;4;5
11781;11/10/2023 0:00;2;481;Persona;36;17600;19500;4;5
11782;11/10/2023 0:00;2;359;Persona;63;17400;19200;4;5
11783;12/10/2023 0:00;1;883;Persona;47;17300;19800;4;1
11784;12/10/2023 0:00;1;900;Persona;135;17800;19900;4;1
11785;12/10/2023 0:00;1;260;Persona;32;17800;18800;4;1
11786;12/10/2023 0:00;1;935;Persona;145;17400;19100;4;1
11787;12/10/2023 0:00;1;401;Empresa;107;17300;20100;1;4
11788;12/10/2023 0:00;1;609;Empresa;150;17600;19300;1;4
11789;12/10/2023 0:00;1;790;Empresa;124;17500;19400;1;4
11790;12/10/2023 0:00;1;539;Empresa;45;17500;18400;1;4
11791;12/10/2023 0:00;1;1100;Empresa;87;18000;19900;1;4
11792;12/10/2023 0:00;1;4;Empresa;130;17900;19400;1;4
11793;12/10/2023 0:00;1;746;Empresa;96;17200;20300;1;4
11794;12/10/2023 0:00;1;190;Empresa;174;17400;21500;1;4
11795;12/10/2023 0:00;3;316;Persona;171;16800;21800;1;4
11796;12/10/2023 0:00;3;557;Persona;103;18000;21500;1;4
11797;12/10/2023 0:00;3;647;Persona;91;18300;23200;1;4
11798;12/10/2023 0:00;3;961;Persona;145;17400;18800;1;4
11799;12/10/2023 0:00;3;312;Persona;17;18100;19400;4;7
11800;12/10/2023 0:00;3;639;Persona;24;17200;20600;4;7
11801;12/10/2023 0:00;3;129;Persona;51;17500;19300;4;7
11802;12/10/2023 0:00;3;73;Persona;77;17300;19200;4;7
11803;13/10/2023 0:00;3;925;Persona;158;17400;19800;4;10
11804;13/10/2023 0:00;3;842;Persona;130;17900;22100;4;10
11805;13/10/2023 0:00;3;1150;Persona;51;17500;21600;4;10
11806;13/10/2023 0:00;3;165;Persona;47;17300;19700;4;10
11807;13/10/2023 0:00;2;63;Persona;11;17300;21100;4;3
11808;13/10/2023 0:00;2;191;Persona;84;18500;22100;4;3
11809;13/10/2023 0:00;2;628;Persona;133;17500;21900;4;3
11810;13/10/2023 0:00;2;195;Persona;117;16800;18100;4;3
11811;14/10/2023 0:00;1;962;Persona;33;17100;19900;2;11
11812;14/10/2023 0:00;1;133;Persona;121;17100;18900;2;11
11813;14/10/2023 0:00;1;416;Persona;169;18000;21600;2;11
11814;14/10/2023 0:00;1;504;Persona;168;17500;22100;2;11
11815;14/10/2023 0:00;1;629;Persona;71;17800;21400;4;2
11816;14/10/2023 0:00;1;318;Persona;92;17500;21500;4;2
11817;14/10/2023 0:00;1;789;Persona;131;17000;19900;4;2
11818;14/10/2023 0:00;1;1173;Persona;121;17100;20800;4;2
11819;14/10/2023 0:00;2;1097;Persona;68;17300;19000;4;12
11820;14/10/2023 0:00;2;74;Persona;145;17400;20500;4;12
11821;14/10/2023 0:00;2;256;Persona;132;17200;21500;4;12
11822;14/10/2023 0:00;2;538;Persona;95;17700;21100;4;12
11823;14/10/2023 0:00;2;1084;Persona;28;17800;20400;4;10
11824;14/10/2023 0:00;2;909;Persona;9;17100;18300;4;10
11825;14/10/2023 0:00;2;279;Persona;97;17500;21200;4;10
11826;14/10/2023 0:00;2;1123;Persona;79;17700;22600;4;10
11827;14/10/2023 0:00;1;1025;Persona;41;17600;19000;4;2
11828;14/10/2023 0:00;1;107;Persona;138;17400;18700;4;2
11829;14/10/2023 0:00;1;472;Persona;122;17000;20300;4;2
11830;14/10/2023 0:00;1;447;Persona;97;17500;21000;4;2
11831;14/10/2023 0:00;4;965;Persona;109;17700;19500;2;8
11832;14/10/2023 0:00;4;561;Persona;29;17700;22900;2;8
11833;14/10/2023 0:00;4;277;Persona;22;18000;23200;2;8
11834;14/10/2023 0:00;4;529;Persona;7;17800;21300;2;8
11835;14/10/2023 0:00;3;743;Persona;34;17500;19700;4;5
11836;14/10/2023 0:00;3;624;Persona;5;17200;21500;4;5
11837;14/10/2023 0:00;3;642;Persona;170;17400;18500;4;5
11838;15/10/2023 0:00;3;1083;Persona;149;17600;21700;4;5
11839;15/10/2023 0:00;3;1047;Persona;52;17800;19300;3;6
11840;15/10/2023 0:00;3;789;Persona;36;17600;18600;3;6
11841;15/10/2023 0:00;3;583;Persona;127;17900;19300;3;6
11842;15/10/2023 0:00;3;480;Persona;5;17200;19900;3;6
11843;15/10/2023 0:00;2;121;Persona;153;17200;20700;4;7
11844;15/10/2023 0:00;2;971;Persona;73;17100;19700;4;7
11845;15/10/2023 0:00;2;478;Persona;138;17400;19800;4;7
11846;15/10/2023 0:00;2;360;Persona;131;17000;19600;4;7
11847;15/10/2023 0:00;4;1149;Persona;72;17800;20200;4;12
11848;15/10/2023 0:00;4;486;Persona;171;16800;21800;4;12
11849;15/10/2023 0:00;4;622;Persona;46;16700;17800;4;12
11850;15/10/2023 0:00;4;762;Persona;1;16800;19800;4;12
11851;15/10/2023 0:00;2;496;Persona;120;17600;20800;4;3
11852;15/10/2023 0:00;2;634;Persona;56;17400;19900;4;3
11853;15/10/2023 0:00;2;7;Persona;5;17200;19100;4;3
11854;15/10/2023 0:00;2;280;Persona;138;17400;22000;4;3
11855;15/10/2023 0:00;2;350;Persona;91;18300;21900;4;2
11856;15/10/2023 0:00;2;918;Persona;110;17200;20600;4;2
11857;15/10/2023 0:00;2;1060;Persona;49;17300;19000;4;2
11858;15/10/2023 0:00;2;101;Persona;6;17100;21200;4;2
11859;15/10/2023 0:00;1;960;Persona;118;18000;20200;3;6
11860;15/10/2023 0:00;1;1157;Persona;54;17800;19300;3;6
11861;15/10/2023 0:00;1;18;Persona;143;17700;22100;3;6
11862;15/10/2023 0:00;1;1110;Persona;48;17100;20000;3;6
11863;15/10/2023 0:00;3;1087;Persona;177;16600;19400;4;5
11864;15/10/2023 0:00;3;647;Persona;93;16800;19200;4;5
11865;16/10/2023 0:00;3;170;Persona;57;17700;18800;4;5
11866;16/10/2023 0:00;3;1085;Persona;123;18200;21300;4;5
11867;16/10/2023 0:00;3;71;Persona;135;17800;21300;2;8
11868;16/10/2023 0:00;3;159;Persona;118;18000;22300;2;8
11869;16/10/2023 0:00;3;1010;Persona;103;18000;23100;2;8
11870;16/10/2023 0:00;3;1028;Persona;90;17400;20300;2;8
11871;16/10/2023 0:00;2;308;Persona;128;17500;20200;4;3
11872;16/10/2023 0:00;2;828;Persona;145;17400;18400;4;3
11873;17/10/2023 0:00;2;458;Persona;47;17300;18600;4;3
11874;17/10/2023 0:00;2;636;Persona;120;17600;20000;4;3
11875;17/10/2023 0:00;4;764;Persona;35;18000;20700;4;2
11876;17/10/2023 0:00;4;584;Persona;56;17400;20600;4;2
11877;17/10/2023 0:00;4;790;Persona;164;16800;21500;4;2
11878;17/10/2023 0:00;4;1030;Persona;27;17400;19700;4;2
11879;17/10/2023 0:00;2;315;Persona;132;17200;20300;1;9
11880;17/10/2023 0:00;2;1025;Persona;175;17800;21500;1;9
11881;17/10/2023 0:00;2;951;Persona;162;18500;19400;1;9
11882;17/10/2023 0:00;2;214;Persona;145;17400;19400;1;9
11883;17/10/2023 0:00;1;10;Persona;65;17100;19100;4;12
11884;17/10/2023 0:00;1;706;Persona;66;18400;23300;4;12
11885;17/10/2023 0:00;1;191;Persona;115;18400;21200;4;12
11886;17/10/2023 0:00;1;568;Persona;11;17300;19400;4;12
11887;17/10/2023 0:00;4;500;Persona;46;16700;21100;1;9
11888;17/10/2023 0:00;4;95;Persona;37;17600;20700;1;9
11889;18/10/2023 0:00;4;1076;Persona;97;17500;21900;1;9
11890;18/10/2023 0:00;4;672;Persona;16;17800;20200;1;9
11891;18/10/2023 0:00;4;854;Persona;114;17800;18800;4;12
11892;18/10/2023 0:00;4;517;Persona;71;17800;20400;4;12
11893;18/10/2023 0:00;4;1013;Persona;155;18000;20000;4;12
11894;18/10/2023 0:00;4;645;Persona;62;17100;19200;4;12
11895;18/10/2023 0:00;1;182;Persona;34;17500;22600;3;6
11896;18/10/2023 0:00;1;899;Persona;137;17800;22600;3;6
11897;18/10/2023 0:00;1;393;Persona;24;17200;21500;3;6
11898;18/10/2023 0:00;1;1167;Persona;125;17300;21300;3;6
11899;18/10/2023 0:00;1;1115;Persona;56;17400;19100;1;9
11900;18/10/2023 0:00;1;71;Persona;79;17700;22300;1;9
11901;19/10/2023 0:00;1;826;Persona;149;17600;19500;1;9
11902;19/10/2023 0:00;1;1003;Persona;63;17400;18300;1;9
11903;19/10/2023 0:00;1;1062;Persona;134;18000;20400;4;10
11904;19/10/2023 0:00;1;848;Persona;97;17500;21500;4;10
11905;19/10/2023 0:00;1;649;Persona;178;17400;18700;4;10
11906;19/10/2023 0:00;1;102;Persona;100;18100;20900;4;10
11907;19/10/2023 0:00;4;886;Persona;24;17200;20200;4;10
11908;19/10/2023 0:00;4;12;Persona;109;17700;22600;4;10
11909;19/10/2023 0:00;4;252;Persona;167;18200;19400;4;10
11910;19/10/2023 0:00;4;793;Persona;39;17200;20600;4;10
11911;19/10/2023 0:00;4;526;Persona;109;17700;22300;2;8
11912;19/10/2023 0:00;4;146;Persona;157;18100;21300;2;8
11913;19/10/2023 0:00;4;266;Persona;60;17300;22300;2;8
11914;19/10/2023 0:00;4;1003;Persona;132;17200;19900;2;8
11915;19/10/2023 0:00;4;511;Empresa;117;16800;17700;1;4
11916;20/10/2023 0:00;4;179;Empresa;146;17100;20000;1;4
11917;20/10/2023 0:00;4;497;Empresa;54;17800;21700;1;4
11918;20/10/2023 0:00;4;1116;Empresa;15;17200;20200;1;4
11919;20/10/2023 0:00;1;775;Persona;175;17800;19100;4;5
11920;20/10/2023 0:00;1;675;Persona;146;17100;21300;4;5
11921;20/10/2023 0:00;1;147;Persona;79;17700;21100;4;5
11922;20/10/2023 0:00;1;732;Persona;31;16500;19000;4;5
11923;20/10/2023 0:00;4;421;Persona;46;16700;17800;4;7
11924;20/10/2023 0:00;4;66;Persona;50;16300;21100;4;7
11925;20/10/2023 0:00;4;670;Persona;117;16800;20200;4;7
11926;20/10/2023 0:00;4;875;Persona;60;17300;18900;4;7
11927;20/10/2023 0:00;3;509;Empresa;68;17300;21500;2;8
11928;20/10/2023 0:00;3;838;Empresa;110;17200;21700;2;8
11929;20/10/2023 0:00;3;238;Empresa;89;17200;18400;2;8
11930;20/10/2023 0:00;3;977;Empresa;6;17100;19300;2;8
11931;20/10/2023 0:00;2;435;Persona;63;17400;20900;4;3
11932;20/10/2023 0:00;2;1047;Persona;93;16800;18400;4;3
11933;20/10/2023 0:00;2;725;Persona;109;17700;21400;4;3
11934;20/10/2023 0:00;2;219;Persona;108;18300;23500;4;10
11935;20/10/2023 0:00;2;401;Persona;92;17500;20300;4;10
11936;20/10/2023 0:00;2;430;Persona;90;17400;21100;4;10
11937;20/10/2023 0:00;2;949;Persona;146;17100;18500;4;10
11938;20/10/2023 0:00;1;1112;Persona;145;17400;19500;4;2
11939;20/10/2023 0:00;1;1025;Persona;18;17500;20200;4;2
11940;20/10/2023 0:00;1;691;Persona;171;16800;20100;4;2
11941;20/10/2023 0:00;1;443;Persona;89;17200;20100;4;2
11942;20/10/2023 0:00;2;313;Persona;129;17800;20900;2;11
11943;21/10/2023 0:00;2;1052;Persona;15;17200;19000;2;11
11944;21/10/2023 0:00;2;832;Persona;40;17000;18500;2;11
11945;21/10/2023 0:00;4;1046;Persona;48;17100;19800;4;2
11946;21/10/2023 0:00;4;1143;Persona;50;16300;20900;4;2
11947;21/10/2023 0:00;4;268;Persona;128;17500;18400;4;2
11948;21/10/2023 0:00;4;881;Persona;76;17700;22300;4;2
11949;21/10/2023 0:00;3;371;Persona;78;17200;19500;1;4
11950;21/10/2023 0:00;3;714;Persona;125;17300;21200;1;4
11951;21/10/2023 0:00;3;1059;Persona;23;17100;20900;1;4
11952;21/10/2023 0:00;3;738;Persona;63;17400;21600;1;4
11953;21/10/2023 0:00;3;1112;Persona;28;17800;19000;2;8
11954;21/10/2023 0:00;3;694;Persona;149;17600;18900;2;8
11955;22/10/2023 0:00;3;1148;Persona;96;17200;20500;2;8
11956;22/10/2023 0:00;3;421;Persona;67;17700;19100;2;8
11957;22/10/2023 0:00;3;1149;Persona;84;18500;22100;1;4
11958;23/10/2023 0:00;3;489;Persona;101;17500;19600;1;4
11959;23/10/2023 0:00;3;8;Persona;43;18400;22000;1;4
11960;23/10/2023 0:00;3;266;Persona;166;18200;21900;1;4
11961;23/10/2023 0:00;1;855;Persona;143;17700;21800;4;3
11962;23/10/2023 0:00;1;233;Persona;9;17100;18900;4;3
11963;23/10/2023 0:00;1;1073;Persona;164;16800;21700;4;3
11964;23/10/2023 0:00;1;232;Persona;51;17500;22100;4;3
11965;23/10/2023 0:00;1;581;Persona;147;17300;19300;3;6
11966;23/10/2023 0:00;1;1051;Persona;103;18000;22800;3;6
11967;23/10/2023 0:00;1;223;Persona;111;17500;19200;3;6
11968;23/10/2023 0:00;1;823;Persona;140;17300;19200;3;6
11969;23/10/2023 0:00;4;854;Empresa;135;17800;22900;4;2
11970;23/10/2023 0:00;4;404;Empresa;6;17100;18600;4;2
11971;23/10/2023 0:00;4;241;Empresa;16;17800;21500;4;2
11972;23/10/2023 0:00;4;608;Empresa;152;16600;19000;4;2
11973;23/10/2023 0:00;3;1127;Persona;125;17300;22400;4;7
11974;23/10/2023 0:00;3;1053;Persona;149;17600;21400;4;7
11975;23/10/2023 0:00;3;923;Persona;77;17300;20700;4;7
11976;23/10/2023 0:00;3;148;Persona;159;17400;20600;4;7
11977;23/10/2023 0:00;3;143;Persona;16;17800;23000;2;8
11978;23/10/2023 0:00;3;685;Persona;125;17300;20400;2;8
11979;23/10/2023 0:00;3;217;Persona;47;17300;18300;2;8
11980;23/10/2023 0:00;3;544;Persona;62;17100;22000;2;8
11981;23/10/2023 0:00;3;231;Empresa;177;16600;17500;4;1
11982;23/10/2023 0:00;3;1093;Empresa;143;17700;21100;4;1
11983;23/10/2023 0:00;3;338;Empresa;41;17600;21000;4;1
11984;23/10/2023 0:00;3;910;Empresa;95;17700;22900;4;1
11985;23/10/2023 0:00;2;647;Persona;125;17300;18900;4;3
11986;24/10/2023 0:00;2;64;Persona;52;17800;22100;4;3
11987;24/10/2023 0:00;2;1035;Persona;98;18000;19000;4;3
11988;24/10/2023 0:00;2;150;Persona;76;17700;20700;4;3
11989;24/10/2023 0:00;1;638;Persona;82;17700;18700;4;5
11990;24/10/2023 0:00;1;552;Persona;25;17500;20400;4;5
11991;24/10/2023 0:00;1;857;Persona;27;17400;19500;4;5
11992;24/10/2023 0:00;1;669;Persona;121;17100;20500;4;5
11993;24/10/2023 0:00;1;980;Persona;106;17600;19300;4;1
11994;24/10/2023 0:00;1;1164;Persona;107;17300;18700;4;1
11995;24/10/2023 0:00;1;1137;Persona;95;17700;21300;4;1
11996;24/10/2023 0:00;1;1124;Persona;134;18000;21900;4;1
11997;24/10/2023 0:00;1;337;Persona;17;18100;22500;4;5
11998;24/10/2023 0:00;1;671;Persona;130;17900;20000;4;5
11999;24/10/2023 0:00;1;397;Persona;132;17200;20500;4;5
12000;24/10/2023 0:00;1;979;Persona;119;17300;18800;4;5
12001;24/10/2023 0:00;4;1138;Persona;88;17000;19600;4;2
12002;24/10/2023 0:00;4;510;Persona;118;18000;22200;4;2
12003;24/10/2023 0:00;4;594;Persona;169;18000;19800;4;2
12004;24/10/2023 0:00;4;1167;Persona;88;17000;20500;4;2
12005;24/10/2023 0:00;3;349;Persona;57;17700;20300;2;8
12006;24/10/2023 0:00;3;875;Persona;126;18100;21500;2;8
12007;24/10/2023 0:00;3;133;Persona;153;17200;21100;2;8
12008;24/10/2023 0:00;3;421;Persona;143;17700;19300;2;8
12009;24/10/2023 0:00;3;264;Empresa;108;18300;20800;4;7
12010;24/10/2023 0:00;3;1041;Empresa;21;18000;21600;4;7
12011;24/10/2023 0:00;3;635;Empresa;99;17500;19300;4;7
12012;24/10/2023 0:00;3;836;Empresa;37;17600;22300;4;7
12013;24/10/2023 0:00;3;506;Persona;126;18100;21400;2;8
12014;24/10/2023 0:00;3;1060;Persona;161;16600;20700;2;8
12015;24/10/2023 0:00;3;208;Persona;167;18200;23400;2;8
12016;24/10/2023 0:00;3;807;Persona;139;17100;19700;2;8
12017;24/10/2023 0:00;3;148;Persona;108;18300;20100;4;10
12018;24/10/2023 0:00;3;960;Persona;95;17700;22100;4;10
12019;25/10/2023 0:00;3;474;Persona;47;17300;19400;4;10
12020;25/10/2023 0:00;3;880;Persona;131;17000;21100;4;10
12021;25/10/2023 0:00;3;1144;Persona;129;17800;19900;4;1
12022;25/10/2023 0:00;3;940;Persona;96;17200;21700;4;1
12023;25/10/2023 0:00;3;857;Persona;148;17000;20000;4;1
12024;25/10/2023 0:00;3;462;Persona;108;18300;19700;4;1
12025;25/10/2023 0:00;2;590;Persona;71;17800;20800;4;3
12026;25/10/2023 0:00;2;277;Persona;64;17200;18800;4;3
12027;25/10/2023 0:00;2;362;Persona;91;18300;22600;4;3
12028;25/10/2023 0:00;2;870;Persona;140;17300;22200;4;3
12029;25/10/2023 0:00;1;279;Empresa;71;17800;20800;4;5
12030;25/10/2023 0:00;1;928;Empresa;68;17300;20200;4;5
12031;25/10/2023 0:00;1;937;Empresa;99;17500;22000;4;5
12032;25/10/2023 0:00;1;837;Empresa;46;16700;18900;4;5
12033;25/10/2023 0:00;1;887;Persona;161;16600;17600;4;2
12034;25/10/2023 0:00;1;114;Persona;59;18100;21100;4;2
12035;26/10/2023 0:00;1;1097;Persona;148;17000;21600;4;2
12036;26/10/2023 0:00;1;744;Persona;135;17800;21200;4;2
12037;26/10/2023 0:00;3;852;Persona;128;17500;20500;3;6
12038;26/10/2023 0:00;3;674;Persona;51;17500;21800;3;6
12039;26/10/2023 0:00;3;38;Persona;103;18000;20800;3;6
12040;26/10/2023 0:00;3;357;Persona;100;18100;19200;3;6
12041;26/10/2023 0:00;2;543;Persona;172;17700;18900;4;12
12042;26/10/2023 0:00;2;1098;Persona;132;17200;20100;4;12
12043;26/10/2023 0:00;2;139;Persona;107;17300;19800;4;12
12044;26/10/2023 0:00;2;518;Persona;110;17200;18700;4;12
12045;26/10/2023 0:00;1;585;Persona;19;17000;18200;4;2
12046;26/10/2023 0:00;1;1033;Persona;83;17300;21900;4;2
12047;26/10/2023 0:00;1;735;Persona;99;17500;20700;4;2
12048;26/10/2023 0:00;1;876;Persona;75;17000;18000;4;2
12049;26/10/2023 0:00;2;548;Persona;44;17900;19300;2;8
12050;26/10/2023 0:00;2;543;Persona;114;17800;20100;2;8
12051;26/10/2023 0:00;2;380;Persona;32;17800;19300;2;8
12052;26/10/2023 0:00;2;392;Persona;33;17100;17900;2;8
12053;26/10/2023 0:00;2;469;Persona;59;18100;19900;4;5
12054;26/10/2023 0:00;2;231;Persona;40;17000;19800;4;5
12055;26/10/2023 0:00;2;146;Persona;143;17700;21300;4;5
12056;26/10/2023 0:00;2;337;Persona;85;17600;20200;4;5
12057;26/10/2023 0:00;2;1005;Persona;54;17800;22800;4;2
12058;26/10/2023 0:00;2;321;Persona;178;17400;19800;4;2
12059;26/10/2023 0:00;2;768;Persona;175;17800;21400;4;2
12060;26/10/2023 0:00;2;503;Persona;150;17600;21800;4;2
12061;26/10/2023 0:00;4;1037;Persona;170;17400;19100;4;7
12062;26/10/2023 0:00;4;343;Persona;172;17700;20700;4;7
12063;26/10/2023 0:00;4;28;Persona;32;17800;21300;4;7
12064;26/10/2023 0:00;4;550;Persona;4;17700;19000;4;7
12065;26/10/2023 0:00;3;871;Persona;7;17800;19500;3;6
12066;27/10/2023 0:00;3;240;Persona;58;17600;22500;3;6
12067;27/10/2023 0:00;3;339;Persona;90;17400;19300;3;6
12068;27/10/2023 0:00;3;216;Persona;75;17000;18300;3;6
12069;27/10/2023 0:00;2;183;Persona;173;17500;20000;4;7
12070;27/10/2023 0:00;2;1157;Persona;122;17000;20400;4;7
12071;27/10/2023 0:00;2;828;Persona;79;17700;20800;4;7
12072;27/10/2023 0:00;2;365;Persona;75;17000;19700;4;7
12073;27/10/2023 0:00;2;53;Persona;20;17600;20300;3;6
12074;27/10/2023 0:00;2;323;Persona;120;17600;19700;3;6
12075;27/10/2023 0:00;2;858;Persona;13;17300;21400;3;6
12076;27/10/2023 0:00;2;1112;Persona;92;17500;21700;3;6
12077;27/10/2023 0:00;3;215;Persona;77;17300;18500;4;12
12078;27/10/2023 0:00;3;520;Persona;54;17800;19600;4;12
12079;27/10/2023 0:00;3;890;Persona;84;18500;20500;4;12
12080;27/10/2023 0:00;3;717;Persona;69;17800;20500;4;12
12081;27/10/2023 0:00;1;415;Persona;48;17100;18800;4;2
12082;27/10/2023 0:00;1;611;Persona;129;17800;18700;4;2
12083;27/10/2023 0:00;1;177;Persona;98;18000;18900;4;2
12084;27/10/2023 0:00;1;1019;Persona;128;17500;22500;4;2
12085;27/10/2023 0:00;3;560;Persona;56;17400;19200;4;7
12086;27/10/2023 0:00;3;687;Persona;126;18100;20200;4;7
12087;27/10/2023 0:00;3;800;Persona;150;17600;19700;4;7
12088;27/10/2023 0:00;3;130;Persona;47;17300;21900;4;7
12089;27/10/2023 0:00;4;740;Persona;80;17400;21900;1;9
12090;27/10/2023 0:00;4;604;Persona;115;18400;20300;1;9
12091;27/10/2023 0:00;4;653;Persona;96;17200;18900;1;9
12092;27/10/2023 0:00;4;341;Persona;68;17300;22100;1;9
12093;27/10/2023 0:00;3;411;Persona;129;17800;22800;4;5
12094;27/10/2023 0:00;3;240;Persona;151;17200;19000;4;5
12095;27/10/2023 0:00;3;1112;Persona;137;17800;19700;4;5
12096;27/10/2023 0:00;3;836;Persona;71;17800;21000;4;5
12097;28/10/2023 0:00;4;36;Persona;79;17700;22100;4;7
12098;28/10/2023 0:00;4;1065;Persona;85;17600;18900;4;7
12099;28/10/2023 0:00;4;1076;Persona;28;17800;18900;4;7
12100;28/10/2023 0:00;4;385;Persona;36;17600;18400;4;7
12101;28/10/2023 0:00;4;693;Persona;126;18100;22800;1;9
12102;28/10/2023 0:00;4;284;Persona;8;18300;23100;1;9
12103;28/10/2023 0:00;4;905;Persona;156;17200;22200;1;9
12104;28/10/2023 0:00;4;247;Persona;103;18000;22000;1;9
12105;28/10/2023 0:00;4;803;Persona;157;18100;21000;4;2
12106;28/10/2023 0:00;4;433;Persona;83;17300;21900;4;2
12107;28/10/2023 0:00;4;1082;Persona;167;18200;22100;4;2
12108;28/10/2023 0:00;4;77;Persona;80;17400;20800;4;2
12109;28/10/2023 0:00;4;351;Empresa;163;17800;20100;2;8
12110;28/10/2023 0:00;4;787;Empresa;148;17000;21500;2;8
12111;28/10/2023 0:00;4;1012;Empresa;82;17700;18700;2;8
12112;28/10/2023 0:00;4;425;Empresa;23;17100;19100;2;8
12113;28/10/2023 0:00;4;391;Persona;61;17600;20900;2;11
12114;28/10/2023 0:00;4;494;Persona;105;18200;20200;2;11
12115;28/10/2023 0:00;4;464;Persona;22;18000;22100;2;11
12116;28/10/2023 0:00;3;383;Persona;92;17500;22400;1;9
12117;29/10/2023 0:00;3;870;Persona;55;17800;18800;1;9
12118;29/10/2023 0:00;3;949;Persona;137;17800;19600;1;9
12119;29/10/2023 0:00;3;800;Persona;68;17300;19300;1;9
12120;29/10/2023 0:00;2;542;Persona;46;16700;21500;4;1
12121;29/10/2023 0:00;2;1054;Persona;51;17500;20100;4;1
12122;29/10/2023 0:00;2;228;Persona;123;18200;23500;4;1
12123;29/10/2023 0:00;2;225;Persona;43;18400;21800;4;1
12124;29/10/2023 0:00;2;753;Persona;144;17200;22200;2;11
12125;30/10/2023 0:00;2;826;Persona;62;17100;21700;2;11
12126;30/10/2023 0:00;2;1174;Persona;44;17900;22200;2;11
12127;30/10/2023 0:00;2;253;Persona;59;18100;20800;2;11
12128;30/10/2023 0:00;4;377;Persona;142;17200;20700;4;1
12129;30/10/2023 0:00;4;623;Persona;101;17500;22100;4;1
12130;30/10/2023 0:00;4;889;Persona;127;17900;20200;4;1
12131;30/10/2023 0:00;4;678;Persona;135;17800;21700;4;1
12132;30/10/2023 0:00;3;303;Persona;160;16800;17900;3;6
12133;30/10/2023 0:00;3;223;Persona;178;17400;18800;3;6
12134;30/10/2023 0:00;3;658;Persona;171;16800;20700;3;6
12135;30/10/2023 0:00;3;89;Persona;118;18000;21600;3;6
12136;30/10/2023 0:00;3;549;Persona;24;17200;19600;4;3
12137;30/10/2023 0:00;3;1114;Persona;155;18000;22100;4;3
12138;30/10/2023 0:00;3;532;Persona;76;17700;19100;4;3
12139;30/10/2023 0:00;3;562;Persona;55;17800;20700;4;3
12140;30/10/2023 0:00;2;116;Persona;148;17000;18200;4;10
12141;30/10/2023 0:00;2;65;Persona;1;16800;21300;4;10
12142;30/10/2023 0:00;2;916;Persona;137;17800;19300;4;10
12143;30/10/2023 0:00;2;535;Persona;60;17300;19000;4;10
12144;30/10/2023 0:00;4;271;Persona;66;18400;23200;3;6
12145;30/10/2023 0:00;4;111;Persona;40;17000;18600;3;6
12146;30/10/2023 0:00;4;549;Persona;28;17800;23100;3;6
12147;30/10/2023 0:00;4;715;Persona;27;17400;18500;3;6
12148;31/10/2023 0:00;2;806;Persona;82;17700;21100;3;6
12149;31/10/2023 0:00;2;1039;Persona;128;17500;20400;3;6
12150;31/10/2023 0:00;2;1110;Persona;148;17000;20700;3;6
12151;31/10/2023 0:00;2;487;Persona;146;17100;21900;3;6
12152;31/10/2023 0:00;1;819;Persona;158;17400;19500;1;4
12153;31/10/2023 0:00;1;1067;Persona;173;17500;20400;1;4
12154;31/10/2023 0:00;1;197;Persona;65;17100;19000;1;4
12155;31/10/2023 0:00;1;88;Persona;34;17500;22600;1;4
12156;31/10/2023 0:00;3;497;Persona;15;17200;18200;2;11
12157;31/10/2023 0:00;3;1046;Persona;117;16800;20800;2;11
12158;31/10/2023 0:00;3;515;Persona;147;17300;18600;2;11
12159;31/10/2023 0:00;3;628;Persona;1;16800;20400;2;11
12160;31/10/2023 0:00;2;661;Persona;6;17100;22100;2;11
12161;31/10/2023 0:00;2;21;Persona;44;17900;21000;2;11
12162;31/10/2023 0:00;2;768;Persona;129;17800;20000;2;11
12163;01/11/2023 0:00;2;890;Persona;147;17300;18700;2;11
12164;01/11/2023 0:00;2;533;Persona;111;17500;20000;1;4
12165;01/11/2023 0:00;2;640;Persona;54;17800;20500;1;4
12166;01/11/2023 0:00;2;335;Persona;141;18800;23500;1;4
12167;01/11/2023 0:00;2;725;Persona;118;18000;23200;1;4
12168;01/11/2023 0:00;4;291;Persona;81;17400;21900;2;8
12169;01/11/2023 0:00;4;845;Persona;100;18100;21000;2;8
12170;01/11/2023 0:00;4;278;Persona;114;17800;22500;2;8
12171;02/11/2023 0:00;4;841;Persona;12;17400;19700;2;8
12172;02/11/2023 0:00;2;99;Persona;13;17300;20100;4;2
12173;02/11/2023 0:00;2;623;Persona;120;17600;18900;4;2
12174;02/11/2023 0:00;2;1092;Persona;10;16300;19300;4;2
12175;02/11/2023 0:00;2;548;Persona;5;17200;19700;4;2
12176;02/11/2023 0:00;4;921;Persona;137;17800;18800;2;11
12177;02/11/2023 0:00;4;1110;Persona;89;17200;19700;2;11
12178;02/11/2023 0:00;4;974;Persona;85;17600;22000;2;11
12179;02/11/2023 0:00;4;518;Persona;98;18000;21000;2;11
12180;02/11/2023 0:00;4;679;Empresa;88;17000;19600;1;9
12181;02/11/2023 0:00;4;296;Empresa;76;17700;21500;1;9
12182;02/11/2023 0:00;4;238;Empresa;109;17700;19000;1;9
12183;02/11/2023 0:00;4;224;Empresa;162;18500;19400;1;9
12184;02/11/2023 0:00;1;462;Persona;122;17000;19700;1;4
12185;02/11/2023 0:00;1;516;Persona;130;17900;19900;1;4
12186;02/11/2023 0:00;1;700;Persona;58;17600;21500;1;4
12187;02/11/2023 0:00;1;117;Persona;15;17200;22100;1;4
12188;02/11/2023 0:00;3;89;Persona;18;17500;21200;1;9
12189;02/11/2023 0:00;3;162;Persona;54;17800;19900;1;9
12190;02/11/2023 0:00;3;378;Persona;179;17500;19000;1;9
12191;03/11/2023 0:00;3;650;Persona;108;18300;19800;1;9
12192;03/11/2023 0:00;3;655;Persona;100;18100;21900;4;7
12193;03/11/2023 0:00;3;947;Persona;12;17400;22500;4;7
12194;03/11/2023 0:00;3;173;Persona;18;17500;18600;4;7
12195;04/11/2023 0:00;3;974;Persona;42;17600;21700;4;7
12196;04/11/2023 0:00;3;900;Persona;101;17500;18400;4;3
12197;04/11/2023 0:00;3;872;Persona;120;17600;19000;4;3
12198;04/11/2023 0:00;3;788;Persona;172;17700;21900;4;3
12199;04/11/2023 0:00;3;444;Persona;4;17700;22600;4;3
12200;04/11/2023 0:00;4;98;Persona;112;17500;18700;3;6
12201;04/11/2023 0:00;4;1134;Persona;77;17300;19300;3;6
12202;04/11/2023 0:00;4;1012;Persona;113;18000;22000;3;6
12203;04/11/2023 0:00;4;1156;Persona;10;16300;20400;3;6
12204;04/11/2023 0:00;3;880;Persona;86;17000;18900;3;6
12205;04/11/2023 0:00;3;503;Persona;64;17200;19700;3;6
12206;04/11/2023 0:00;3;718;Persona;53;16800;21300;3;6
12207;04/11/2023 0:00;3;557;Persona;15;17200;20600;3;6
12208;04/11/2023 0:00;3;212;Persona;37;17600;21200;4;2
12209;04/11/2023 0:00;3;332;Persona;4;17700;18600;4;2
12210;05/11/2023 0:00;3;1033;Persona;143;17700;20500;4;2
12211;05/11/2023 0:00;4;806;Persona;171;16800;17600;4;1
12212;05/11/2023 0:00;4;429;Persona;164;16800;18100;4;1
12213;05/11/2023 0:00;4;725;Persona;144;17200;20700;4;1
12214;05/11/2023 0:00;4;250;Persona;42;17600;20300;4;1
12215;05/11/2023 0:00;4;1119;Persona;159;17400;22000;3;6
12216;05/11/2023 0:00;4;1008;Persona;154;17300;20800;3;6
12217;05/11/2023 0:00;4;1019;Persona;87;18000;19700;3;6
12218;05/11/2023 0:00;4;638;Persona;43;18400;22200;3;6
12219;05/11/2023 0:00;2;477;Persona;158;17400;19500;1;4
12220;05/11/2023 0:00;2;294;Persona;23;17100;20600;1;4
12221;05/11/2023 0:00;2;601;Persona;15;17200;20800;1;4
12222;05/11/2023 0:00;2;304;Persona;143;17700;20000;1;4
12223;05/11/2023 0:00;3;602;Persona;145;17400;20500;3;6
12224;05/11/2023 0:00;3;614;Persona;94;17500;19400;3;6
12225;05/11/2023 0:00;3;883;Persona;9;17100;20400;3;6
12226;05/11/2023 0:00;3;235;Persona;132;17200;21700;3;6
12227;05/11/2023 0:00;3;892;Persona;112;17500;21600;2;8
12228;05/11/2023 0:00;3;1102;Persona;35;18000;23000;2;8
12229;05/11/2023 0:00;3;670;Persona;31;16500;20400;2;8
12230;05/11/2023 0:00;4;393;Empresa;147;17300;19800;4;10
12231;05/11/2023 0:00;4;186;Empresa;171;16800;19600;4;10
12232;05/11/2023 0:00;4;823;Empresa;15;17200;19100;4;10
12233;06/11/2023 0:00;4;404;Empresa;1;16800;19200;4;10
12234;06/11/2023 0:00;1;841;Persona;27;17400;22000;1;4
12235;06/11/2023 0:00;1;336;Persona;143;17700;22000;1;4
12236;06/11/2023 0:00;1;1006;Persona;168;17500;20500;1;4
12237;06/11/2023 0:00;1;671;Persona;177;16600;20100;1;4
12238;06/11/2023 0:00;1;1030;Persona;30;17400;21600;2;11
12239;06/11/2023 0:00;1;436;Persona;125;17300;18300;2;11
12240;06/11/2023 0:00;1;469;Persona;71;17800;19400;2;11
12241;06/11/2023 0:00;1;803;Persona;75;17000;18900;2;11
12242;06/11/2023 0:00;2;23;Persona;21;18000;19600;4;12
12243;06/11/2023 0:00;2;893;Persona;123;18200;20700;4;12
12244;06/11/2023 0:00;2;460;Persona;37;17600;19200;4;12
12245;07/11/2023 0:00;2;241;Persona;5;17200;21600;4;12
12246;07/11/2023 0:00;1;417;Empresa;42;17600;18500;2;11
12247;07/11/2023 0:00;1;578;Empresa;164;16800;20800;2;11
12248;07/11/2023 0:00;1;816;Empresa;129;17800;19000;2;11
12249;07/11/2023 0:00;1;801;Empresa;148;17000;18300;2;11
12250;07/11/2023 0:00;4;213;Empresa;111;17500;21500;4;10
12251;07/11/2023 0:00;4;343;Empresa;178;17400;20700;4;10
12252;07/11/2023 0:00;4;272;Empresa;142;17200;18800;4;10
12253;07/11/2023 0:00;4;674;Empresa;103;18000;21000;4;10
12254;07/11/2023 0:00;2;195;Empresa;50;16300;20000;4;12
12255;07/11/2023 0:00;2;1088;Empresa;37;17600;22100;4;12
12256;07/11/2023 0:00;2;517;Empresa;6;17100;19900;4;12
12257;07/11/2023 0:00;2;1045;Persona;51;17500;18500;4;5
12258;07/11/2023 0:00;2;313;Persona;55;17800;22400;4;5
12259;07/11/2023 0:00;2;1003;Persona;13;17300;20400;4;5
12260;07/11/2023 0:00;2;23;Persona;98;18000;23200;4;5
12261;07/11/2023 0:00;2;200;Persona;132;17200;19200;2;11
12262;07/11/2023 0:00;2;917;Persona;156;17200;20600;2;11
12263;07/11/2023 0:00;2;214;Persona;103;18000;21500;2;11
12264;07/11/2023 0:00;1;580;Persona;5;17200;18500;1;4
12265;08/11/2023 0:00;1;680;Persona;71;17800;23000;1;4
12266;08/11/2023 0:00;1;412;Persona;71;17800;21900;1;4
12267;08/11/2023 0:00;1;11;Persona;8;18300;23700;1;4
12268;08/11/2023 0:00;3;1161;Persona;165;16900;21600;4;5
12269;08/11/2023 0:00;3;1146;Persona;138;17400;21200;4;5
12270;08/11/2023 0:00;3;387;Persona;119;17300;21100;4;5
12271;08/11/2023 0:00;3;234;Persona;44;17900;20200;4;5
12272;08/11/2023 0:00;3;36;Persona;119;17300;21700;4;12
12273;08/11/2023 0:00;3;155;Persona;168;17500;22200;4;12
12274;08/11/2023 0:00;3;882;Persona;47;17300;18300;4;12
12275;08/11/2023 0:00;4;220;Persona;33;17100;18600;2;11
12276;08/11/2023 0:00;4;535;Persona;169;18000;19700;2;11
12277;09/11/2023 0:00;4;606;Persona;176;17600;20500;2;11
12278;09/11/2023 0:00;4;400;Persona;44;17900;20600;2;11
12279;09/11/2023 0:00;2;230;Empresa;79;17700;22000;4;7
12280;09/11/2023 0:00;2;541;Empresa;27;17400;22200;4;7
12281;09/11/2023 0:00;2;596;Empresa;127;17900;19400;4;7
12282;09/11/2023 0:00;2;562;Empresa;48;17100;19500;4;7
12283;09/11/2023 0:00;1;960;Persona;102;17800;19000;1;9
12284;09/11/2023 0:00;1;1068;Persona;36;17600;22300;1;9
12285;09/11/2023 0:00;1;1093;Persona;50;16300;19700;1;9
12286;09/11/2023 0:00;1;489;Persona;12;17400;20600;1;9
12287;09/11/2023 0:00;3;270;Persona;134;18000;20900;4;12
12288;09/11/2023 0:00;3;1051;Persona;119;17300;18200;4;12
12289;09/11/2023 0:00;3;858;Persona;46;16700;17700;4;12
12290;09/11/2023 0:00;3;323;Persona;50;16300;21000;4;12
12291;09/11/2023 0:00;3;15;Persona;161;16600;18900;4;7
12292;09/11/2023 0:00;3;156;Persona;29;17700;21500;4;7
12293;09/11/2023 0:00;3;1070;Persona;21;18000;21600;4;7
12294;09/11/2023 0:00;3;34;Persona;105;18200;22900;4;7
12295;09/11/2023 0:00;3;753;Persona;26;17200;21600;4;3
12296;09/11/2023 0:00;3;427;Persona;18;17500;18900;4;3
12297;09/11/2023 0:00;3;1162;Persona;150;17600;19000;4;3
12298;09/11/2023 0:00;3;226;Persona;65;17100;19000;4;3
12299;10/11/2023 0:00;2;723;Persona;167;18200;21800;1;4
12300;10/11/2023 0:00;2;378;Persona;30;17400;18400;1;4
12301;10/11/2023 0:00;2;42;Persona;2;16800;17900;1;4
12302;10/11/2023 0:00;2;262;Persona;139;17100;18400;1;4
12303;10/11/2023 0:00;3;1011;Persona;13;17300;18800;4;10
12304;10/11/2023 0:00;3;164;Persona;122;17000;22000;4;10
12305;10/11/2023 0:00;3;326;Persona;179;17500;21300;4;10
12306;10/11/2023 0:00;3;1089;Persona;84;18500;22100;4;10
12307;10/11/2023 0:00;3;54;Persona;130;17900;22500;4;1
12308;10/11/2023 0:00;3;833;Persona;167;18200;20100;4;1
12309;10/11/2023 0:00;3;276;Persona;73;17100;20900;4;1
12310;10/11/2023 0:00;3;1094;Persona;137;17800;21600;4;1
12311;10/11/2023 0:00;3;107;Persona;96;17200;21100;3;6
12312;10/11/2023 0:00;3;963;Persona;5;17200;18600;3;6
12313;10/11/2023 0:00;3;361;Persona;55;17800;22400;3;6
12314;10/11/2023 0:00;3;6;Persona;159;17400;21100;3;6
12315;11/11/2023 0:00;2;1061;Persona;112;17500;20400;2;8
12316;11/11/2023 0:00;2;336;Persona;59;18100;22400;2;8
12317;11/11/2023 0:00;2;115;Persona;49;17300;21000;2;8
12318;11/11/2023 0:00;2;469;Persona;118;18000;19600;2;8
12319;11/11/2023 0:00;2;1069;Empresa;117;16800;18500;2;8
12320;11/11/2023 0:00;2;231;Empresa;67;17700;22100;2;8
12321;11/11/2023 0:00;2;793;Empresa;141;18800;20400;2;8
12322;11/11/2023 0:00;2;43;Empresa;138;17400;18500;2;8
12323;11/11/2023 0:00;2;1012;Persona;118;18000;23200;4;3
12324;11/11/2023 0:00;2;86;Persona;102;17800;22000;4;3
12325;11/11/2023 0:00;2;955;Persona;77;17300;19300;4;3
12326;11/11/2023 0:00;2;36;Persona;84;18500;21200;4;3
12327;11/11/2023 0:00;4;649;Persona;175;17800;21300;1;4
12328;11/11/2023 0:00;4;24;Persona;176;17600;19900;1;4
12329;11/11/2023 0:00;4;840;Persona;71;17800;22700;1;4
12330;11/11/2023 0:00;4;327;Persona;139;17100;21300;1;4
12331;11/11/2023 0:00;3;151;Persona;160;16800;20900;3;6
12332;11/11/2023 0:00;3;613;Persona;115;18400;21600;3;6
12333;11/11/2023 0:00;3;998;Persona;1;16800;18800;3;6
12334;11/11/2023 0:00;3;822;Persona;56;17400;18300;3;6
12335;12/11/2023 0:00;3;579;Persona;109;17700;22200;4;1
12336;12/11/2023 0:00;3;823;Persona;94;17500;19700;4;1
12337;12/11/2023 0:00;3;1166;Persona;170;17400;19500;4;1
12338;12/11/2023 0:00;3;665;Persona;25;17500;21300;4;1
12339;12/11/2023 0:00;3;156;Persona;13;17300;21800;2;8
12340;12/11/2023 0:00;3;691;Persona;97;17500;22200;2;8
12341;12/11/2023 0:00;3;106;Persona;57;17700;21100;2;8
12342;12/11/2023 0:00;3;67;Persona;101;17500;19500;2;8
12343;12/11/2023 0:00;3;491;Persona;39;17200;20200;2;11
12344;12/11/2023 0:00;3;458;Persona;106;17600;18600;2;11
12345;12/11/2023 0:00;3;1012;Persona;50;16300;20400;2;11
12346;12/11/2023 0:00;3;206;Persona;74;18100;19400;2;11
12347;12/11/2023 0:00;1;872;Persona;28;17800;21000;4;5
12348;12/11/2023 0:00;1;365;Persona;87;18000;20100;4;5
12349;12/11/2023 0:00;1;662;Persona;59;18100;19600;4;5
12350;12/11/2023 0:00;1;140;Persona;111;17500;20200;4;5
12351;12/11/2023 0:00;1;588;Persona;119;17300;21200;4;2
12352;12/11/2023 0:00;1;981;Persona;132;17200;21700;4;2
12353;12/11/2023 0:00;1;5;Persona;155;18000;21600;4;2
12354;12/11/2023 0:00;1;576;Persona;103;18000;20300;4;2
12355;13/11/2023 0:00;3;853;Persona;58;17600;18800;2;8
12356;13/11/2023 0:00;3;755;Persona;12;17400;18200;2;8
12357;13/11/2023 0:00;3;580;Persona;37;17600;22800;2;8
12358;13/11/2023 0:00;3;849;Persona;86;17000;19100;2;8
12359;13/11/2023 0:00;1;138;Persona;159;17400;19300;1;4
12360;13/11/2023 0:00;1;917;Persona;19;17000;18000;1;4
12361;13/11/2023 0:00;1;204;Persona;110;17200;18400;1;4
12362;13/11/2023 0:00;1;373;Persona;76;17700;19500;1;4
12363;14/11/2023 0:00;3;168;Persona;85;17600;20000;1;4
12364;14/11/2023 0:00;3;190;Persona;147;17300;19700;1;4
12365;14/11/2023 0:00;3;589;Persona;2;16800;17700;1;4
12366;14/11/2023 0:00;3;1062;Persona;119;17300;20100;2;11
12367;14/11/2023 0:00;3;1178;Persona;95;17700;19700;2;11
12368;14/11/2023 0:00;3;847;Persona;152;16600;17500;2;11
12369;14/11/2023 0:00;3;358;Persona;163;17800;21300;2;11
12370;14/11/2023 0:00;2;300;Persona;179;17500;19000;3;6
12371;14/11/2023 0:00;2;346;Persona;135;17800;20600;3;6
12372;14/11/2023 0:00;2;320;Persona;21;18000;21000;3;6
12373;14/11/2023 0:00;2;193;Persona;23;17100;20100;3;6
12374;14/11/2023 0:00;4;1058;Persona;111;17500;19200;4;7
12375;14/11/2023 0:00;4;242;Persona;35;18000;22200;4;7
12376;14/11/2023 0:00;4;1174;Persona;16;17800;19700;4;7
12377;14/11/2023 0:00;4;1045;Persona;118;18000;21700;4;7
12378;14/11/2023 0:00;1;956;Empresa;87;18000;20300;4;12
12379;15/11/2023 0:00;1;472;Empresa;109;17700;18600;4;12
12380;15/11/2023 0:00;1;299;Empresa;152;16600;20500;4;12
12381;15/11/2023 0:00;1;191;Empresa;22;18000;22100;4;12
12382;15/11/2023 0:00;1;329;Persona;155;18000;21100;4;12
12383;15/11/2023 0:00;1;718;Persona;152;16600;17400;4;12
12384;15/11/2023 0:00;1;566;Persona;36;17600;19500;4;12
12385;15/11/2023 0:00;1;177;Persona;135;17800;20800;4;5
12386;15/11/2023 0:00;1;294;Persona;129;17800;19000;4;5
12387;16/11/2023 0:00;1;607;Persona;27;17400;22600;4;5
12388;16/11/2023 0:00;1;780;Persona;118;18000;22400;4;5
12389;16/11/2023 0:00;4;135;Persona;146;17100;20600;3;6
12390;16/11/2023 0:00;4;677;Persona;45;17500;20600;3;6
12391;16/11/2023 0:00;4;1040;Persona;135;17800;19100;3;6
12392;16/11/2023 0:00;4;153;Persona;16;17800;18900;3;6
12393;16/11/2023 0:00;4;716;Empresa;142;17200;18600;2;8
12394;16/11/2023 0:00;4;785;Empresa;67;17700;18600;2;8
12395;16/11/2023 0:00;4;1111;Empresa;61;17600;20000;2;8
12396;16/11/2023 0:00;4;13;Empresa;122;17000;19100;2;8
12397;16/11/2023 0:00;3;1171;Persona;89;17200;19600;1;9
12398;16/11/2023 0:00;3;927;Persona;61;17600;18800;1;9
12399;16/11/2023 0:00;3;970;Persona;31;16500;19500;1;9
12400;16/11/2023 0:00;3;404;Persona;10;16300;19800;1;9
12401;16/11/2023 0:00;2;542;Persona;109;17700;22400;4;1
12402;16/11/2023 0:00;2;70;Persona;90;17400;21700;4;1
12403;16/11/2023 0:00;2;876;Persona;163;17800;22600;4;1
12404;16/11/2023 0:00;2;723;Persona;59;18100;19400;4;1
12405;16/11/2023 0:00;1;346;Persona;9;17100;18400;4;2
12406;16/11/2023 0:00;1;150;Persona;110;17200;19600;4;2
12407;16/11/2023 0:00;1;521;Persona;95;17700;22300;4;2
12408;16/11/2023 0:00;1;1054;Persona;2;16800;19500;4;2
12409;16/11/2023 0:00;1;408;Persona;23;17100;18300;2;11
12410;16/11/2023 0:00;1;431;Persona;52;17800;21400;2;11
12411;16/11/2023 0:00;1;847;Persona;63;17400;19900;2;11
12412;16/11/2023 0:00;1;240;Persona;136;17600;20800;2;11
12413;17/11/2023 0:00;3;798;Persona;12;17400;20900;4;5
12414;17/11/2023 0:00;3;915;Persona;170;17400;18500;4;5
12415;17/11/2023 0:00;3;477;Persona;34;17500;19100;4;5
12416;17/11/2023 0:00;3;242;Persona;25;17500;22500;4;5
12417;17/11/2023 0:00;4;1023;Persona;25;17500;20300;4;5
12418;17/11/2023 0:00;4;160;Persona;169;18000;22500;4;5
12419;17/11/2023 0:00;4;939;Persona;116;17700;20900;4;5
12420;17/11/2023 0:00;4;913;Persona;148;17000;20700;4;5
12421;18/11/2023 0:00;2;811;Persona;136;17600;19400;2;8
12422;18/11/2023 0:00;2;701;Persona;177;16600;20700;2;8
12423;18/11/2023 0:00;2;830;Persona;56;17400;22000;2;8
12424;18/11/2023 0:00;2;1131;Persona;4;17700;22000;2;8
12425;18/11/2023 0:00;2;189;Empresa;130;17900;21300;4;1
12426;18/11/2023 0:00;2;792;Empresa;172;17700;18900;4;1
12427;18/11/2023 0:00;2;114;Empresa;107;17300;21100;4;1
12428;18/11/2023 0:00;2;94;Empresa;156;17200;20500;4;1
12429;18/11/2023 0:00;2;198;Persona;113;18000;21400;2;11
12430;18/11/2023 0:00;2;460;Persona;9;17100;20500;2;11
12431;18/11/2023 0:00;2;105;Persona;70;17300;20000;2;11
12432;18/11/2023 0:00;1;155;Persona;159;17400;19900;3;6
12433;18/11/2023 0:00;1;791;Persona;45;17500;21700;3;6
12434;18/11/2023 0:00;1;946;Persona;62;17100;22000;3;6
12435;18/11/2023 0:00;1;697;Persona;127;17900;21100;3;6
12436;18/11/2023 0:00;2;924;Persona;87;18000;20400;4;1
12437;19/11/2023 0:00;2;1120;Persona;26;17200;20000;4;1
12438;19/11/2023 0:00;2;40;Persona;50;16300;18100;4;1
12439;19/11/2023 0:00;2;152;Persona;151;17200;18600;4;1
12440;19/11/2023 0:00;3;825;Persona;144;17200;18100;3;6
12441;19/11/2023 0:00;3;423;Persona;72;17800;19700;3;6
12442;19/11/2023 0:00;3;700;Persona;35;18000;23000;3;6
12443;19/11/2023 0:00;3;1018;Persona;27;17400;20900;3;6
12444;19/11/2023 0:00;3;797;Persona;37;17600;21000;2;8
12445;19/11/2023 0:00;3;832;Persona;85;17600;20800;2;8
12446;19/11/2023 0:00;3;808;Persona;64;17200;19100;2;8
12447;19/11/2023 0:00;3;798;Persona;146;17100;19400;2;8
12448;19/11/2023 0:00;3;1019;Persona;168;17500;20000;4;5
12449;20/11/2023 0:00;3;334;Persona;17;18100;21000;4;5
12450;20/11/2023 0:00;3;751;Persona;135;17800;22800;4;5
12451;20/11/2023 0:00;3;1067;Persona;60;17300;18900;4;5
12452;20/11/2023 0:00;3;43;Persona;30;17400;22200;4;12
12453;20/11/2023 0:00;3;1125;Persona;41;17600;19800;4;12
12454;20/11/2023 0:00;3;1175;Persona;43;18400;20700;4;12
12455;20/11/2023 0:00;3;1121;Persona;49;17300;21700;4;12
12456;20/11/2023 0:00;3;739;Persona;17;18100;19700;4;10
12457;20/11/2023 0:00;3;616;Persona;167;18200;23500;4;10
12458;20/11/2023 0:00;3;758;Persona;139;17100;20500;4;10
12459;20/11/2023 0:00;3;51;Persona;20;17600;21800;4;10
12460;20/11/2023 0:00;2;862;Persona;28;17800;20100;4;1
12461;20/11/2023 0:00;2;282;Persona;92;17500;20800;4;1
12462;20/11/2023 0:00;2;120;Persona;77;17300;21000;4;1
12463;20/11/2023 0:00;2;566;Persona;47;17300;20200;4;1
12464;20/11/2023 0:00;4;960;Persona;19;17000;20500;3;6
12465;20/11/2023 0:00;4;412;Persona;71;17800;20600;3;6
12466;20/11/2023 0:00;4;263;Persona;32;17800;20200;3;6
12467;20/11/2023 0:00;4;1152;Persona;119;17300;19700;3;6
12468;20/11/2023 0:00;2;242;Empresa;25;17500;21400;1;4
12469;20/11/2023 0:00;2;351;Empresa;24;17200;19500;1;4
12470;20/11/2023 0:00;2;577;Empresa;6;17100;19400;1;4
12471;20/11/2023 0:00;2;134;Empresa;162;18500;22000;1;4
12472;20/11/2023 0:00;1;650;Persona;74;18100;19900;1;9
12473;20/11/2023 0:00;1;129;Persona;172;17700;20900;1;9
12474;20/11/2023 0:00;1;35;Persona;38;18100;19200;1;9
12475;20/11/2023 0:00;1;1126;Persona;176;17600;18800;1;9
12476;20/11/2023 0:00;4;427;Persona;50;16300;20700;4;5
12477;20/11/2023 0:00;4;629;Persona;26;17200;21800;4;5
12478;20/11/2023 0:00;4;315;Persona;102;17800;22200;4;5
12479;20/11/2023 0:00;4;842;Persona;46;16700;21400;4;5
12480;20/11/2023 0:00;4;77;Persona;143;17700;22800;2;8
12481;20/11/2023 0:00;4;589;Persona;73;17100;21000;2;8
12482;20/11/2023 0:00;4;903;Persona;59;18100;22000;2;8
12483;20/11/2023 0:00;4;382;Persona;41;17600;18900;2;8
12484;20/11/2023 0:00;2;885;Persona;71;17800;21700;4;2
12485;20/11/2023 0:00;2;408;Persona;92;17500;22100;4;2
12486;20/11/2023 0:00;2;286;Persona;62;17100;21500;4;2
12487;20/11/2023 0:00;2;1055;Persona;101;17500;19900;4;2
12488;20/11/2023 0:00;2;329;Persona;26;17200;21000;3;6
12489;20/11/2023 0:00;2;461;Persona;77;17300;18200;3;6
12490;20/11/2023 0:00;2;1000;Persona;122;17000;19400;3;6
12491;20/11/2023 0:00;2;831;Persona;143;17700;22400;3;6
12492;20/11/2023 0:00;1;395;Persona;124;17500;22200;4;3
12493;21/11/2023 0:00;1;402;Persona;70;17300;20100;4;3
12494;21/11/2023 0:00;1;513;Persona;69;17800;21200;4;3
12495;21/11/2023 0:00;1;681;Persona;8;18300;23300;4;3
12496;21/11/2023 0:00;1;53;Persona;34;17500;21700;4;5
12497;21/11/2023 0:00;1;416;Persona;36;17600;19600;4;5
12498;21/11/2023 0:00;1;486;Persona;77;17300;19400;4;5
12499;21/11/2023 0:00;1;1142;Persona;72;17800;21900;4;5
12500;22/11/2023 0:00;1;1006;Persona;179;17500;18600;4;3
12501;22/11/2023 0:00;1;190;Persona;48;17100;19300;4;3
12502;22/11/2023 0:00;1;44;Persona;21;18000;19500;4;3
12503;22/11/2023 0:00;1;267;Persona;89;17200;21900;4;3
12504;22/11/2023 0:00;3;360;Persona;80;17400;20700;4;1
12505;22/11/2023 0:00;3;677;Persona;47;17300;19100;4;1
12506;22/11/2023 0:00;3;257;Persona;44;17900;19200;4;1
12507;22/11/2023 0:00;3;606;Persona;148;17000;19100;4;1
12508;22/11/2023 0:00;2;1167;Empresa;49;17300;19600;4;10
12509;22/11/2023 0:00;2;765;Empresa;101;17500;19000;4;10
12510;22/11/2023 0:00;2;520;Empresa;124;17500;18500;4;10
12511;22/11/2023 0:00;2;659;Empresa;119;17300;19900;4;10
12512;22/11/2023 0:00;4;603;Persona;173;17500;22200;4;7
12513;22/11/2023 0:00;4;852;Persona;87;18000;22300;4;7
12514;22/11/2023 0:00;4;204;Persona;22;18000;21800;4;7
12515;22/11/2023 0:00;4;728;Persona;176;17600;22400;4;7
12516;22/11/2023 0:00;2;402;Empresa;168;17500;22600;3;6
12517;22/11/2023 0:00;2;705;Empresa;57;17700;20500;3;6
12518;22/11/2023 0:00;2;16;Empresa;133;17500;21900;3;6
12519;23/11/2023 0:00;2;362;Empresa;134;18000;21700;3;6
12520;23/11/2023 0:00;1;788;Empresa;114;17800;21800;4;2
12521;23/11/2023 0:00;1;310;Empresa;165;16900;20800;4;2
12522;23/11/2023 0:00;1;755;Empresa;31;16500;21100;4;2
12523;23/11/2023 0:00;1;353;Empresa;58;17600;19700;4;2
12524;23/11/2023 0:00;1;574;Persona;40;17000;18000;4;10
12525;23/11/2023 0:00;1;988;Persona;85;17600;22200;4;10
12526;23/11/2023 0:00;1;113;Persona;164;16800;18600;4;10
12527;24/11/2023 0:00;3;614;Empresa;126;18100;21800;4;2
12528;24/11/2023 0:00;3;668;Empresa;155;18000;22200;4;2
12529;24/11/2023 0:00;3;959;Empresa;72;17800;19000;4;2
12530;24/11/2023 0:00;3;998;Empresa;34;17500;20600;4;2
12531;24/11/2023 0:00;1;979;Persona;60;17300;19900;4;12
12532;24/11/2023 0:00;1;1092;Persona;96;17200;21700;4;12
12533;24/11/2023 0:00;1;326;Persona;134;18000;19100;4;12
12534;24/11/2023 0:00;1;1001;Persona;158;17400;21000;4;12
12535;24/11/2023 0:00;3;109;Empresa;132;17200;19500;2;11
12536;24/11/2023 0:00;3;727;Empresa;107;17300;20400;2;11
12537;24/11/2023 0:00;3;338;Empresa;135;17800;20200;2;11
12538;24/11/2023 0:00;3;769;Empresa;68;17300;21800;2;11
12539;24/11/2023 0:00;2;60;Persona;106;17600;21000;4;7
12540;24/11/2023 0:00;2;413;Persona;84;18500;20100;4;7
12541;24/11/2023 0:00;2;35;Persona;5;17200;21100;4;7
12542;24/11/2023 0:00;2;373;Persona;108;18300;22300;4;5
12543;25/11/2023 0:00;2;400;Persona;72;17800;23000;4;5
12544;25/11/2023 0:00;2;174;Persona;102;17800;21100;4;5
12545;25/11/2023 0:00;2;416;Persona;51;17500;21300;4;5
12546;25/11/2023 0:00;4;621;Persona;61;17600;22300;4;1
12547;25/11/2023 0:00;4;518;Persona;10;16300;19800;4;1
12548;25/11/2023 0:00;4;121;Persona;147;17300;22000;4;1
12549;25/11/2023 0:00;4;960;Persona;131;17000;20500;4;1
12550;25/11/2023 0:00;4;59;Persona;74;18100;22200;4;7
12551;25/11/2023 0:00;4;842;Persona;94;17500;21200;4;7
12552;25/11/2023 0:00;4;490;Persona;1;16800;17700;4;7
12553;25/11/2023 0:00;4;852;Persona;14;16800;20000;4;7
12554;25/11/2023 0:00;2;1116;Persona;14;16800;21700;2;11
12555;25/11/2023 0:00;2;809;Persona;46;16700;21500;2;11
12556;25/11/2023 0:00;2;132;Persona;99;17500;20600;2;11
12557;25/11/2023 0:00;2;726;Persona;93;16800;20700;2;11
12558;25/11/2023 0:00;1;310;Persona;67;17700;22300;4;5
12559;25/11/2023 0:00;1;759;Persona;169;18000;22300;4;5
12560;25/11/2023 0:00;1;193;Persona;60;17300;18500;4;5
12561;25/11/2023 0:00;1;188;Persona;163;17800;20000;4;5
12562;25/11/2023 0:00;3;887;Persona;157;18100;21800;2;11
12563;25/11/2023 0:00;3;1118;Persona;29;17700;20500;2;11
12564;25/11/2023 0:00;3;628;Persona;178;17400;21700;2;11
12565;26/11/2023 0:00;3;266;Persona;111;17500;20100;2;11
12566;26/11/2023 0:00;2;318;Persona;8;18300;21100;1;4
12567;26/11/2023 0:00;2;315;Persona;98;18000;23400;1;4
12568;26/11/2023 0:00;2;466;Persona;23;17100;19200;1;4
12569;26/11/2023 0:00;2;609;Persona;115;18400;20500;1;4
12570;26/11/2023 0:00;2;621;Persona;175;17800;19200;2;8
12571;26/11/2023 0:00;2;528;Persona;76;17700;20600;2;8
12572;26/11/2023 0:00;2;751;Persona;54;17800;20300;2;8
12573;26/11/2023 0:00;2;885;Persona;26;17200;18700;2;8
12574;26/11/2023 0:00;1;174;Empresa;49;17300;19200;4;5
12575;26/11/2023 0:00;1;985;Empresa;73;17100;21900;4;5
12576;26/11/2023 0:00;1;51;Empresa;127;17900;21400;4;5
12577;26/11/2023 0:00;1;231;Empresa;3;17000;18900;4;5
12578;26/11/2023 0:00;1;17;Persona;157;18100;19300;4;12
12579;26/11/2023 0:00;1;1024;Persona;96;17200;20000;4;12
12580;26/11/2023 0:00;1;1001;Persona;111;17500;20100;4;12
12581;26/11/2023 0:00;4;679;Empresa;130;17900;20800;4;12
12582;26/11/2023 0:00;4;654;Empresa;116;17700;21900;4;12
12583;26/11/2023 0:00;4;318;Empresa;38;18100;20600;4;12
12584;26/11/2023 0:00;4;701;Empresa;63;17400;19500;4;12
12585;26/11/2023 0:00;2;296;Persona;113;18000;19300;2;8
12586;26/11/2023 0:00;2;160;Persona;76;17700;19100;2;8
12587;26/11/2023 0:00;2;818;Persona;158;17400;20500;2;8
12588;26/11/2023 0:00;2;717;Persona;126;18100;20100;2;8
12589;26/11/2023 0:00;4;1008;Persona;17;18100;20200;4;5
12590;26/11/2023 0:00;4;1051;Persona;57;17700;20600;4;5
12591;26/11/2023 0:00;4;1087;Persona;166;18200;19300;4;5
12592;26/11/2023 0:00;4;171;Persona;122;17000;18400;4;5
12593;26/11/2023 0:00;3;8;Persona;67;17700;20700;4;12
12594;26/11/2023 0:00;3;1047;Persona;132;17200;18200;4;12
12595;26/11/2023 0:00;3;602;Persona;102;17800;21900;4;12
12596;26/11/2023 0:00;3;1044;Persona;17;18100;22300;4;12
12597;27/11/2023 0:00;3;911;Persona;148;17000;19000;4;5
12598;27/11/2023 0:00;3;311;Persona;156;17200;19900;4;5
12599;27/11/2023 0:00;3;602;Persona;29;17700;22500;4;5
12600;27/11/2023 0:00;3;979;Persona;45;17500;18900;4;5
12601;27/11/2023 0:00;3;157;Persona;97;17500;22100;3;6
12602;27/11/2023 0:00;3;199;Persona;92;17500;21200;3;6
12603;27/11/2023 0:00;3;980;Persona;136;17600;22000;3;6
12604;27/11/2023 0:00;3;31;Persona;3;17000;19500;3;6
12605;27/11/2023 0:00;2;637;Persona;69;17800;18900;4;5
12606;27/11/2023 0:00;2;204;Persona;80;17400;21100;4;5
12607;27/11/2023 0:00;2;620;Persona;123;18200;20200;4;5
12608;27/11/2023 0:00;2;1101;Persona;111;17500;21700;4;5
12609;27/11/2023 0:00;1;883;Persona;2;16800;19400;2;8
12610;27/11/2023 0:00;1;45;Persona;100;18100;22500;2;8
12611;27/11/2023 0:00;1;356;Persona;165;16900;17800;2;8
12612;27/11/2023 0:00;1;224;Persona;20;17600;22000;2;8
12613;27/11/2023 0:00;1;85;Persona;103;18000;23000;4;2
12614;27/11/2023 0:00;1;892;Persona;109;17700;20000;4;2
12615;27/11/2023 0:00;1;753;Persona;33;17100;19600;4;2
12616;27/11/2023 0:00;1;25;Persona;62;17100;21700;4;2
12617;28/11/2023 0:00;4;508;Persona;5;17200;20100;4;3
12618;28/11/2023 0:00;4;1080;Persona;142;17200;21000;4;3
12619;28/11/2023 0:00;4;958;Persona;53;16800;19000;4;3
12620;28/11/2023 0:00;4;1076;Persona;95;17700;21400;4;3
12621;28/11/2023 0:00;2;132;Persona;169;18000;20300;4;1
12622;28/11/2023 0:00;2;513;Persona;160;16800;18100;4;1
12623;28/11/2023 0:00;2;476;Persona;69;17800;19500;4;1
12624;28/11/2023 0:00;2;159;Persona;127;17900;20000;4;1
12625;28/11/2023 0:00;2;547;Persona;15;17200;21100;4;10
12626;28/11/2023 0:00;2;1133;Persona;109;17700;21600;4;10
12627;28/11/2023 0:00;2;955;Persona;5;17200;19300;4;10
12628;28/11/2023 0:00;2;330;Persona;28;17800;21600;4;10
12629;29/11/2023 0:00;2;903;Persona;126;18100;23400;4;7
12630;29/11/2023 0:00;2;318;Persona;131;17000;21300;4;7
12631;29/11/2023 0:00;2;1126;Persona;130;17900;21400;4;7
12632;29/11/2023 0:00;2;312;Persona;152;16600;18400;4;7
12633;29/11/2023 0:00;1;670;Persona;136;17600;21900;2;8
12634;29/11/2023 0:00;1;945;Persona;51;17500;21300;2;8
12635;29/11/2023 0:00;1;122;Persona;59;18100;20400;2;8
12636;29/11/2023 0:00;1;164;Persona;44;17900;23000;1;4
12637;30/11/2023 0:00;1;654;Persona;73;17100;18300;1;4
12638;30/11/2023 0:00;1;862;Persona;37;17600;22200;1;4
12639;30/11/2023 0:00;1;1057;Persona;122;17000;17800;1;4
12640;30/11/2023 0:00;1;109;Persona;29;17700;19100;4;1
12641;30/11/2023 0:00;1;382;Persona;163;17800;20200;4;1
12642;30/11/2023 0:00;1;790;Persona;160;16800;20000;4;1
12643;30/11/2023 0:00;1;280;Persona;111;17500;18500;4;1
12644;30/11/2023 0:00;4;563;Persona;11;17300;20700;1;9
12645;30/11/2023 0:00;4;1151;Persona;166;18200;20500;1;9
12646;30/11/2023 0:00;4;587;Persona;32;17800;22600;1;9
12647;30/11/2023 0:00;4;1162;Persona;5;17200;21200;1;9
12648;30/11/2023 0:00;3;645;Persona;118;18000;21600;4;12
12649;30/11/2023 0:00;3;61;Persona;117;16800;19200;4;12
12650;30/11/2023 0:00;3;1130;Persona;67;17700;21900;4;12
12651;30/11/2023 0:00;3;350;Persona;21;18000;23100;4;12
12652;30/11/2023 0:00;3;1116;Persona;98;18000;19200;4;7
12653;30/11/2023 0:00;3;1086;Persona;150;17600;19800;4;7
12654;30/11/2023 0:00;3;1102;Persona;100;18100;19400;4;7
12655;30/11/2023 0:00;2;1135;Persona;41;17600;21000;4;12
12656;30/11/2023 0:00;2;442;Persona;175;17800;19600;4;12
12657;01/12/2023 0:00;2;1160;Persona;170;17400;22400;4;12
12658;01/12/2023 0:00;2;890;Persona;4;17700;21500;4;12
12659;01/12/2023 0:00;2;370;Persona;96;17200;20200;4;3
12660;01/12/2023 0:00;2;729;Persona;97;17500;20700;4;3
12661;01/12/2023 0:00;2;393;Persona;140;17300;19900;4;3
12662;01/12/2023 0:00;2;535;Persona;125;17300;20600;4;3
12663;01/12/2023 0:00;3;379;Empresa;114;17800;20800;1;9
12664;01/12/2023 0:00;3;780;Empresa;140;17300;19300;1;9
12665;01/12/2023 0:00;3;771;Empresa;139;17100;21000;1;9
12666;01/12/2023 0:00;3;639;Empresa;72;17800;21200;1;9
12667;01/12/2023 0:00;2;99;Persona;81;17400;20200;4;2
12668;01/12/2023 0:00;2;167;Persona;108;18300;19800;4;2
12669;02/12/2023 0:00;2;452;Persona;99;17500;21800;4;2
12670;02/12/2023 0:00;2;234;Persona;69;17800;21000;4;2
12671;02/12/2023 0:00;2;959;Persona;99;17500;21700;4;12
12672;02/12/2023 0:00;2;470;Persona;139;17100;20700;4;12
12673;02/12/2023 0:00;2;723;Persona;134;18000;19900;4;12
12674;02/12/2023 0:00;2;928;Persona;31;16500;17900;4;12
12675;02/12/2023 0:00;1;763;Persona;163;17800;20900;4;12
12676;02/12/2023 0:00;1;933;Persona;122;17000;18200;4;12
12677;02/12/2023 0:00;1;493;Persona;168;17500;21100;4;12
12678;02/12/2023 0:00;1;733;Persona;127;17900;19200;4;12
12679;02/12/2023 0:00;3;999;Persona;49;17300;21600;4;10
12680;02/12/2023 0:00;3;83;Persona;7;17800;21000;4;10
12681;02/12/2023 0:00;3;833;Persona;140;17300;19000;4;10
12682;02/12/2023 0:00;3;378;Persona;64;17200;20300;4;10
12683;02/12/2023 0:00;3;1100;Persona;133;17500;21600;1;4
12684;02/12/2023 0:00;3;466;Persona;53;16800;19000;1;4
12685;02/12/2023 0:00;3;497;Persona;171;16800;18700;1;4
12686;02/12/2023 0:00;3;370;Persona;51;17500;21800;1;4
12687;02/12/2023 0:00;4;81;Persona;99;17500;22500;4;2
12688;02/12/2023 0:00;4;10;Persona;85;17600;21100;4;2
12689;02/12/2023 0:00;4;58;Persona;58;17600;21500;4;2
12690;02/12/2023 0:00;4;413;Persona;125;17300;19100;4;2
12691;02/12/2023 0:00;4;988;Persona;114;17800;20900;4;3
12692;02/12/2023 0:00;4;319;Persona;109;17700;19800;4;3
12693;02/12/2023 0:00;4;1091;Persona;20;17600;20600;4;3
12694;02/12/2023 0:00;4;34;Persona;67;17700;21600;4;3
12695;02/12/2023 0:00;2;728;Persona;11;17300;18900;4;7
12696;02/12/2023 0:00;2;1010;Persona;3;17000;19400;4;7
12697;02/12/2023 0:00;2;846;Persona;40;17000;20000;4;7
12698;02/12/2023 0:00;2;686;Persona;154;17300;18900;4;7
12699;02/12/2023 0:00;1;110;Persona;111;17500;19900;4;3
12700;03/12/2023 0:00;1;135;Persona;51;17500;20400;4;3
12701;03/12/2023 0:00;1;780;Persona;110;17200;19500;4;3
12702;03/12/2023 0:00;1;110;Persona;156;17200;19100;4;3
12703;03/12/2023 0:00;1;606;Persona;95;17700;19100;4;10
12704;03/12/2023 0:00;1;997;Persona;141;18800;23000;4;10
12705;03/12/2023 0:00;1;1161;Persona;177;16600;19900;4;10
12706;03/12/2023 0:00;1;946;Persona;155;18000;21200;4;10
12707;03/12/2023 0:00;2;994;Persona;2;16800;20700;4;2
12708;03/12/2023 0:00;2;485;Persona;48;17100;19900;4;2
12709;03/12/2023 0:00;2;817;Persona;152;16600;18900;4;2
12710;03/12/2023 0:00;2;484;Persona;145;17400;21300;4;2
12711;03/12/2023 0:00;4;367;Empresa;102;17800;19500;4;3
12712;03/12/2023 0:00;4;529;Empresa;157;18100;19900;4;3
12713;03/12/2023 0:00;4;334;Empresa;178;17400;21100;4;3
12714;03/12/2023 0:00;4;1018;Empresa;42;17600;20600;4;3
12715;03/12/2023 0:00;2;939;Persona;20;17600;22200;4;7
12716;03/12/2023 0:00;2;671;Persona;162;18500;22800;4;7
12717;03/12/2023 0:00;2;780;Persona;122;17000;18000;4;7
12718;03/12/2023 0:00;2;716;Persona;179;17500;20400;4;7
12719;03/12/2023 0:00;1;892;Persona;30;17400;21600;4;10
12720;03/12/2023 0:00;1;1015;Persona;156;17200;19800;4;10
12721;03/12/2023 0:00;1;378;Persona;122;17000;17900;4;10
12722;03/12/2023 0:00;1;45;Persona;97;17500;19700;4;10
12723;04/12/2023 0:00;4;55;Persona;31;16500;21400;1;9
12724;04/12/2023 0:00;4;102;Persona;156;17200;20300;1;9
12725;04/12/2023 0:00;4;662;Persona;41;17600;20700;1;9
12726;04/12/2023 0:00;4;645;Persona;92;17500;19300;1;9
12727;04/12/2023 0:00;1;458;Persona;121;17100;18800;4;10
12728;04/12/2023 0:00;1;374;Persona;92;17500;21100;4;10
12729;04/12/2023 0:00;1;1130;Persona;158;17400;18300;4;10
12730;04/12/2023 0:00;1;87;Persona;110;17200;20000;4;10
12731;04/12/2023 0:00;3;128;Persona;150;17600;22700;3;6
12732;04/12/2023 0:00;3;566;Persona;69;17800;20300;3;6
12733;04/12/2023 0:00;3;412;Persona;80;17400;21800;3;6
12734;04/12/2023 0:00;3;1143;Persona;155;18000;22500;3;6
12735;04/12/2023 0:00;2;1140;Persona;93;16800;21600;1;4
12736;04/12/2023 0:00;2;776;Persona;57;17700;21500;1;4
12737;04/12/2023 0:00;2;70;Persona;142;17200;21000;1;4
12738;04/12/2023 0:00;2;34;Persona;8;18300;20900;1;4
12739;04/12/2023 0:00;4;4;Persona;45;17500;20000;1;4
12740;04/12/2023 0:00;4;652;Persona;107;17300;21600;1;4
12741;04/12/2023 0:00;4;213;Persona;81;17400;18400;1;4
12742;04/12/2023 0:00;4;662;Persona;7;17800;22200;1;4
12743;04/12/2023 0:00;1;1086;Persona;9;17100;20500;4;12
12744;04/12/2023 0:00;1;608;Persona;17;18100;22900;4;12
12745;04/12/2023 0:00;1;735;Persona;165;16900;21900;4;12
12746;04/12/2023 0:00;1;339;Persona;41;17600;21900;4;12
12747;05/12/2023 0:00;4;1098;Persona;87;18000;21300;4;3
12748;05/12/2023 0:00;4;667;Persona;56;17400;20800;4;3
12749;05/12/2023 0:00;4;1053;Persona;142;17200;20900;4;3
12750;05/12/2023 0:00;4;525;Persona;27;17400;19500;4;3
12751;05/12/2023 0:00;4;1041;Persona;67;17700;20600;2;11
12752;05/12/2023 0:00;4;1154;Persona;157;18100;19800;2;11
12753;05/12/2023 0:00;4;189;Persona;30;17400;22600;2;11
12754;05/12/2023 0:00;4;181;Persona;134;18000;20000;2;11
12755;05/12/2023 0:00;2;883;Persona;21;18000;21700;2;11
12756;05/12/2023 0:00;2;695;Persona;159;17400;21600;2;11
12757;05/12/2023 0:00;2;1081;Persona;23;17100;21300;2;11
12758;05/12/2023 0:00;2;302;Persona;68;17300;18600;2;11
12759;05/12/2023 0:00;2;514;Persona;65;17100;21300;4;10
12760;05/12/2023 0:00;2;854;Persona;162;18500;23900;4;10
12761;05/12/2023 0:00;2;202;Persona;112;17500;21700;4;10
12762;05/12/2023 0:00;2;240;Persona;160;16800;20600;4;10
12763;05/12/2023 0:00;1;981;Persona;20;17600;20600;4;12
12764;05/12/2023 0:00;1;215;Persona;149;17600;18500;4;12
12765;05/12/2023 0:00;1;386;Persona;23;17100;18100;4;12
12766;05/12/2023 0:00;1;351;Persona;157;18100;22100;4;12
12767;05/12/2023 0:00;4;289;Persona;161;16600;20800;1;4
12768;05/12/2023 0:00;4;1131;Persona;143;17700;21400;1;4
12769;06/12/2023 0:00;4;497;Persona;174;17400;21400;1;4
12770;06/12/2023 0:00;4;791;Persona;50;16300;18200;1;4
12771;06/12/2023 0:00;4;432;Persona;157;18100;22300;3;6
12772;06/12/2023 0:00;4;477;Persona;33;17100;21000;3;6
12773;06/12/2023 0:00;4;744;Persona;16;17800;20600;3;6
12774;06/12/2023 0:00;4;389;Persona;73;17100;21400;3;6
12775;06/12/2023 0:00;2;211;Empresa;135;17800;21100;4;3
12776;06/12/2023 0:00;2;620;Empresa;8;18300;20600;4;3
12777;06/12/2023 0:00;2;686;Empresa;57;17700;21100;4;3
12778;06/12/2023 0:00;2;788;Empresa;43;18400;22700;4;3
12779;06/12/2023 0:00;2;679;Persona;105;18200;22900;2;8
12780;06/12/2023 0:00;2;1124;Persona;127;17900;22200;2;8
12781;07/12/2023 0:00;2;643;Persona;15;17200;19400;2;8
12782;07/12/2023 0:00;2;285;Persona;106;17600;20100;2;8
12783;07/12/2023 0:00;2;315;Persona;77;17300;22100;1;4
12784;07/12/2023 0:00;2;279;Persona;20;17600;21700;1;4
12785;07/12/2023 0:00;2;159;Persona;108;18300;22900;1;4
12786;07/12/2023 0:00;2;506;Persona;29;17700;19400;1;4
12787;07/12/2023 0:00;2;106;Persona;105;18200;20400;4;3
12788;07/12/2023 0:00;2;462;Persona;9;17100;18000;4;3
12789;07/12/2023 0:00;2;826;Persona;59;18100;20300;4;3
12790;07/12/2023 0:00;2;304;Persona;55;17800;23000;4;7
12791;07/12/2023 0:00;2;915;Persona;154;17300;19800;4;7
12792;07/12/2023 0:00;2;418;Persona;48;17100;22100;4;7
12793;07/12/2023 0:00;2;613;Persona;66;18400;20800;4;7
12794;07/12/2023 0:00;2;569;Persona;78;17200;19100;2;11
12795;07/12/2023 0:00;2;472;Persona;112;17500;18700;2;11
12796;07/12/2023 0:00;2;266;Persona;179;17500;20100;2;11
12797;07/12/2023 0:00;2;560;Persona;46;16700;18500;2;11
12798;07/12/2023 0:00;1;625;Empresa;115;18400;19400;1;4
12799;07/12/2023 0:00;1;701;Empresa;119;17300;22100;1;4
12800;07/12/2023 0:00;1;454;Empresa;18;17500;21400;1;4
12801;07/12/2023 0:00;1;451;Empresa;22;18000;20800;1;4
12802;07/12/2023 0:00;1;25;Persona;99;17500;20000;4;7
12803;07/12/2023 0:00;1;241;Persona;65;17100;20000;4;7
12804;07/12/2023 0:00;1;345;Persona;42;17600;20200;4;7
12805;07/12/2023 0:00;1;229;Persona;25;17500;21600;4;7
12806;07/12/2023 0:00;4;1173;Persona;35;18000;23300;1;4
12807;07/12/2023 0:00;4;785;Persona;51;17500;20300;1;4
12808;07/12/2023 0:00;4;589;Persona;79;17700;20000;1;4
12809;07/12/2023 0:00;2;218;Persona;55;17800;19700;2;11
12810;07/12/2023 0:00;2;1151;Persona;173;17500;20900;2;11
12811;08/12/2023 0:00;2;561;Persona;30;17400;19000;2;11
12812;08/12/2023 0:00;2;549;Persona;171;16800;21600;2;11
12813;08/12/2023 0:00;4;1068;Persona;24;17200;19500;4;1
12814;08/12/2023 0:00;4;325;Persona;24;17200;18800;4;1
12815;08/12/2023 0:00;4;1015;Persona;156;17200;18900;4;1
12816;08/12/2023 0:00;4;560;Persona;123;18200;23200;4;1
12817;08/12/2023 0:00;2;625;Persona;113;18000;19400;4;7
12818;08/12/2023 0:00;2;734;Persona;39;17200;19600;4;7
12819;08/12/2023 0:00;2;959;Persona;35;18000;23300;4;7
12820;08/12/2023 0:00;2;28;Persona;99;17500;20700;4;7
12821;08/12/2023 0:00;2;81;Persona;59;18100;21300;1;4
12822;08/12/2023 0:00;2;1106;Persona;141;18800;21600;1;4
12823;08/12/2023 0:00;2;950;Persona;58;17600;22000;1;4
12824;08/12/2023 0:00;2;1148;Persona;60;17300;19300;1;4
12825;08/12/2023 0:00;2;331;Persona;67;17700;22400;4;1
12826;08/12/2023 0:00;2;954;Persona;74;18100;22800;4;1
12827;08/12/2023 0:00;2;636;Persona;95;17700;20400;4;1
12828;08/12/2023 0:00;2;849;Persona;72;17800;20400;4;1
12829;08/12/2023 0:00;2;495;Persona;2;16800;18200;1;4
12830;08/12/2023 0:00;2;1154;Persona;132;17200;22000;1;4
12831;09/12/2023 0:00;2;1124;Persona;105;18200;22200;1;4
12832;09/12/2023 0:00;2;248;Persona;81;17400;20000;1;4
12833;09/12/2023 0:00;1;1109;Persona;129;17800;20200;1;9
12834;09/12/2023 0:00;1;472;Persona;143;17700;21700;1;9
12835;09/12/2023 0:00;1;1168;Persona;172;17700;20900;1;9
12836;09/12/2023 0:00;1;95;Persona;52;17800;22400;1;9
12837;09/12/2023 0:00;1;776;Persona;34;17500;22300;4;3
12838;09/12/2023 0:00;1;161;Persona;114;17800;22300;4;3
12839;09/12/2023 0:00;1;1059;Persona;167;18200;21600;4;3
12840;09/12/2023 0:00;1;546;Persona;179;17500;18500;4;3
12841;09/12/2023 0:00;3;397;Empresa;47;17300;21900;4;10
12842;09/12/2023 0:00;3;771;Empresa;161;16600;17900;4;10
12843;10/12/2023 0:00;3;718;Empresa;164;16800;19600;4;10
12844;10/12/2023 0:00;3;708;Empresa;130;17900;22500;4;10
12845;10/12/2023 0:00;2;1025;Persona;58;17600;21800;4;3
12846;10/12/2023 0:00;2;604;Persona;134;18000;19600;4;3
12847;10/12/2023 0:00;2;928;Persona;18;17500;20400;4;3
12848;10/12/2023 0:00;2;108;Persona;106;17600;22400;2;11
12849;10/12/2023 0:00;2;297;Persona;31;16500;17600;2;11
12850;10/12/2023 0:00;2;271;Persona;112;17500;19000;2;11
12851;10/12/2023 0:00;2;1088;Persona;111;17500;19300;2;11
12852;10/12/2023 0:00;1;1097;Persona;46;16700;20000;1;9
12853;10/12/2023 0:00;1;95;Persona;136;17600;21200;1;9
12854;10/12/2023 0:00;1;518;Persona;20;17600;20600;1;9
12855;10/12/2023 0:00;1;1131;Persona;45;17500;18700;1;9
12856;10/12/2023 0:00;1;729;Persona;118;18000;19300;4;7
12857;10/12/2023 0:00;1;666;Persona;113;18000;21400;4;7
12858;10/12/2023 0:00;1;181;Persona;166;18200;21500;4;7
12859;10/12/2023 0:00;1;1029;Persona;7;17800;21100;4;7
12860;10/12/2023 0:00;2;892;Persona;33;17100;19100;1;9
12861;10/12/2023 0:00;2;682;Persona;86;17000;20600;1;9
12862;10/12/2023 0:00;2;1104;Persona;17;18100;19600;1;9
12863;10/12/2023 0:00;2;847;Persona;166;18200;20200;1;9
12864;10/12/2023 0:00;4;443;Persona;170;17400;21800;2;8
12865;10/12/2023 0:00;4;439;Persona;85;17600;19900;2;8
12866;10/12/2023 0:00;4;859;Persona;118;18000;23100;2;8
12867;11/12/2023 0:00;4;488;Persona;23;17100;17900;2;8
12868;11/12/2023 0:00;2;971;Persona;16;17800;20500;4;3
12869;11/12/2023 0:00;2;90;Persona;139;17100;21500;4;3
12870;11/12/2023 0:00;2;29;Persona;34;17500;21500;4;3
12871;11/12/2023 0:00;2;192;Persona;156;17200;18900;4;3
12872;11/12/2023 0:00;3;1154;Persona;83;17300;22200;1;9
12873;11/12/2023 0:00;3;472;Persona;77;17300;22300;1;9
12874;11/12/2023 0:00;3;749;Persona;61;17600;20600;1;9
12875;11/12/2023 0:00;3;955;Persona;158;17400;22300;1;9
12876;11/12/2023 0:00;3;846;Empresa;11;17300;22300;2;8
12877;11/12/2023 0:00;3;413;Empresa;174;17400;20400;2;8
12878;11/12/2023 0:00;3;192;Empresa;167;18200;20100;2;8
12879;11/12/2023 0:00;3;523;Empresa;8;18300;20000;2;8
12880;11/12/2023 0:00;4;743;Persona;119;17300;22300;2;8
12881;11/12/2023 0:00;4;812;Persona;42;17600;20800;2;8
12882;11/12/2023 0:00;4;4;Persona;115;18400;23200;2;8
12883;11/12/2023 0:00;4;1072;Persona;21;18000;19900;2;8
12884;11/12/2023 0:00;2;1173;Persona;123;18200;20100;4;5
12885;11/12/2023 0:00;2;91;Persona;46;16700;19000;4;5
12886;11/12/2023 0:00;2;522;Persona;14;16800;20300;4;5
12887;12/12/2023 0:00;2;931;Persona;70;17300;19900;4;5
12888;12/12/2023 0:00;3;280;Persona;44;17900;19200;4;10
12889;12/12/2023 0:00;3;879;Persona;60;17300;18300;4;10
12890;12/12/2023 0:00;3;599;Persona;64;17200;22300;4;10
12891;12/12/2023 0:00;3;539;Persona;100;18100;22800;4;10
12892;12/12/2023 0:00;4;218;Empresa;146;17100;18500;2;8
12893;12/12/2023 0:00;4;727;Empresa;137;17800;22300;2;8
12894;12/12/2023 0:00;4;94;Empresa;63;17400;20800;2;8
12895;12/12/2023 0:00;4;734;Empresa;98;18000;22300;2;8
12896;12/12/2023 0:00;4;1121;Persona;69;17800;22900;4;3
12897;12/12/2023 0:00;4;614;Persona;146;17100;19600;4;3
12898;12/12/2023 0:00;4;77;Persona;20;17600;20300;4;3
12899;12/12/2023 0:00;4;541;Persona;50;16300;18000;4;3
12900;12/12/2023 0:00;2;751;Persona;40;17000;18400;1;4
12901;12/12/2023 0:00;2;745;Persona;176;17600;22100;1;4
12902;12/12/2023 0:00;2;204;Persona;30;17400;19200;1;4
12903;12/12/2023 0:00;2;1146;Persona;107;17300;21800;1;4
12904;12/12/2023 0:00;2;713;Persona;21;18000;20400;4;12
12905;12/12/2023 0:00;2;1154;Persona;89;17200;21700;4;12
12906;12/12/2023 0:00;2;963;Persona;76;17700;21800;4;12
12907;13/12/2023 0:00;2;3;Persona;128;17500;21200;4;12
12908;13/12/2023 0:00;4;442;Persona;47;17300;20400;4;5
12909;13/12/2023 0:00;4;1044;Persona;69;17800;22000;4;5
12910;13/12/2023 0:00;4;320;Persona;89;17200;18400;4;5
12911;13/12/2023 0:00;4;658;Persona;22;18000;22900;4;5
12912;13/12/2023 0:00;2;360;Persona;106;17600;20300;2;8
12913;13/12/2023 0:00;2;240;Persona;97;17500;20700;2;8
12914;13/12/2023 0:00;2;424;Persona;1;16800;21200;2;8
12915;13/12/2023 0:00;2;1017;Persona;66;18400;20000;2;8
12916;13/12/2023 0:00;4;377;Persona;127;17900;21300;3;6
12917;13/12/2023 0:00;4;23;Persona;28;17800;20000;3;6
12918;13/12/2023 0:00;4;157;Persona;62;17100;18500;3;6
12919;13/12/2023 0:00;4;1157;Persona;32;17800;22200;3;6
12920;13/12/2023 0:00;2;355;Persona;159;17400;19000;3;6
12921;13/12/2023 0:00;2;776;Persona;93;16800;21500;3;6
12922;13/12/2023 0:00;2;694;Persona;61;17600;21100;3;6
12923;14/12/2023 0:00;2;530;Persona;52;17800;20600;3;6
12924;14/12/2023 0:00;4;1106;Persona;42;17600;22200;4;3
12925;14/12/2023 0:00;4;969;Persona;35;18000;20700;4;3
12926;14/12/2023 0:00;4;1055;Persona;107;17300;22400;4;3
12927;15/12/2023 0:00;4;665;Persona;140;17300;21400;4;3
12928;15/12/2023 0:00;3;547;Empresa;21;18000;20900;1;4
12929;15/12/2023 0:00;3;145;Empresa;138;17400;22200;1;4
12930;15/12/2023 0:00;3;78;Empresa;140;17300;18800;1;4
12931;15/12/2023 0:00;3;740;Empresa;28;17800;19400;1;4
12932;15/12/2023 0:00;3;107;Persona;54;17800;19100;4;2
12933;15/12/2023 0:00;3;63;Persona;67;17700;19700;4;2
12934;15/12/2023 0:00;3;323;Persona;86;17000;21900;4;2
12935;15/12/2023 0:00;3;143;Persona;9;17100;18700;4;2
12936;15/12/2023 0:00;3;1118;Persona;93;16800;18800;4;7
12937;15/12/2023 0:00;3;569;Persona;79;17700;20400;4;7
12938;15/12/2023 0:00;3;20;Persona;117;16800;20900;4;7
12939;15/12/2023 0:00;3;828;Persona;159;17400;19800;4;7
12940;15/12/2023 0:00;2;775;Persona;143;17700;21400;3;6
12941;15/12/2023 0:00;2;231;Persona;166;18200;19600;3;6
12942;15/12/2023 0:00;2;276;Persona;3;17000;19400;3;6
12943;15/12/2023 0:00;2;817;Persona;30;17400;20700;3;6
12944;15/12/2023 0:00;3;838;Empresa;39;17200;19900;1;4
12945;15/12/2023 0:00;3;41;Empresa;75;17000;19700;1;4
12946;15/12/2023 0:00;3;1051;Empresa;93;16800;19300;1;4
12947;15/12/2023 0:00;3;222;Empresa;146;17100;19100;1;4
12948;15/12/2023 0:00;3;1136;Persona;41;17600;20300;4;10
12949;15/12/2023 0:00;3;343;Persona;15;17200;22300;4;10
12950;15/12/2023 0:00;3;681;Persona;161;16600;17600;4;10
12951;15/12/2023 0:00;3;236;Persona;155;18000;19300;4;10
12952;15/12/2023 0:00;4;21;Persona;101;17500;21900;4;5
12953;15/12/2023 0:00;4;737;Persona;66;18400;22100;4;5
12954;15/12/2023 0:00;4;183;Persona;146;17100;21800;4;5
12955;15/12/2023 0:00;4;597;Persona;177;16600;19200;4;5
12956;15/12/2023 0:00;2;87;Persona;140;17300;20500;1;4
12957;15/12/2023 0:00;2;761;Persona;2;16800;18400;1;4
12958;15/12/2023 0:00;2;662;Persona;83;17300;20800;1;4
12959;15/12/2023 0:00;2;874;Persona;120;17600;20300;1;4
12960;15/12/2023 0:00;3;391;Persona;76;17700;20900;4;3
12961;15/12/2023 0:00;3;834;Persona;150;17600;22300;4;3
12962;15/12/2023 0:00;3;1075;Persona;95;17700;20600;4;3
12963;16/12/2023 0:00;3;155;Persona;39;17200;22000;4;3
12964;16/12/2023 0:00;3;1170;Persona;118;18000;20200;3;6
12965;16/12/2023 0:00;3;627;Persona;147;17300;18500;3;6
12966;16/12/2023 0:00;3;493;Persona;157;18100;22700;3;6
12967;16/12/2023 0:00;3;909;Persona;82;17700;20800;3;6
12968;16/12/2023 0:00;2;484;Persona;113;18000;21900;4;2
12969;16/12/2023 0:00;2;726;Persona;83;17300;19100;4;2
12970;16/12/2023 0:00;2;432;Persona;63;17400;22100;4;2
12971;16/12/2023 0:00;2;785;Persona;138;17400;19200;4;2
12972;16/12/2023 0:00;2;976;Persona;176;17600;18700;4;3
12973;16/12/2023 0:00;2;374;Persona;37;17600;19100;4;3
12974;16/12/2023 0:00;2;1126;Persona;68;17300;22300;4;3
12975;16/12/2023 0:00;2;653;Persona;110;17200;19400;4;3
12976;16/12/2023 0:00;4;862;Persona;102;17800;20000;3;6
12977;16/12/2023 0:00;4;447;Persona;108;18300;22800;3;6
12978;16/12/2023 0:00;4;1178;Persona;151;17200;19800;3;6
12979;16/12/2023 0:00;4;111;Persona;114;17800;18800;3;6
12980;16/12/2023 0:00;1;488;Persona;77;17300;21400;4;1
12981;16/12/2023 0:00;1;27;Persona;146;17100;19900;4;1
12982;16/12/2023 0:00;1;1052;Persona;97;17500;18600;4;1
12983;16/12/2023 0:00;1;53;Persona;64;17200;21500;4;1
12984;16/12/2023 0:00;4;56;Persona;34;17500;21300;3;6
12985;16/12/2023 0:00;4;979;Persona;88;17000;21100;3;6
12986;16/12/2023 0:00;4;889;Persona;45;17500;19200;3;6
12987;17/12/2023 0:00;4;422;Persona;56;17400;21500;3;6
12988;17/12/2023 0:00;4;442;Persona;126;18100;22500;4;5
12989;17/12/2023 0:00;4;1158;Persona;30;17400;19100;4;5
12990;17/12/2023 0:00;4;430;Persona;86;17000;17900;4;5
12991;17/12/2023 0:00;4;848;Persona;95;17700;20300;4;5
12992;17/12/2023 0:00;2;964;Persona;79;17700;19000;4;2
12993;17/12/2023 0:00;2;525;Persona;165;16900;18100;4;2
12994;17/12/2023 0:00;2;374;Persona;165;16900;21000;4;2
12995;17/12/2023 0:00;2;1114;Persona;156;17200;18100;4;2
12996;17/12/2023 0:00;4;1100;Persona;48;17100;20000;2;8
12997;17/12/2023 0:00;4;841;Persona;96;17200;19100;2;8
12998;17/12/2023 0:00;4;516;Persona;3;17000;18300;2;8
12999;17/12/2023 0:00;4;412;Persona;100;18100;20400;2;8
13000;17/12/2023 0:00;3;904;Persona;78;17200;21300;4;10
13001;17/12/2023 0:00;3;404;Persona;133;17500;20500;4;10
13002;17/12/2023 0:00;3;86;Persona;70;17300;19800;4;10
13003;17/12/2023 0:00;3;917;Persona;105;18200;23000;4;10
13004;17/12/2023 0:00;3;775;Persona;137;17800;18700;2;8
13005;17/12/2023 0:00;3;71;Persona;179;17500;20800;2;8
13006;18/12/2023 0:00;3;509;Persona;95;17700;20000;2;8
13007;18/12/2023 0:00;3;158;Persona;131;17000;21700;2;8
13008;18/12/2023 0:00;4;1150;Persona;43;18400;20000;2;11
13009;18/12/2023 0:00;4;198;Persona;144;17200;20100;2;11
13010;18/12/2023 0:00;4;781;Persona;55;17800;20100;2;11
13011;18/12/2023 0:00;4;66;Persona;45;17500;20500;2;11
13012;18/12/2023 0:00;2;845;Empresa;104;17400;21300;1;4
13013;18/12/2023 0:00;2;1100;Empresa;141;18800;23100;1;4
13014;18/12/2023 0:00;2;1114;Empresa;121;17100;19100;1;4
13015;18/12/2023 0:00;2;480;Empresa;79;17700;18900;1;4
13016;18/12/2023 0:00;2;898;Persona;8;18300;22800;1;4
13017;18/12/2023 0:00;2;360;Persona;112;17500;19600;1;4
13018;18/12/2023 0:00;2;1018;Persona;81;17400;20900;1;4
13019;18/12/2023 0:00;2;580;Persona;7;17800;22800;1;4
13020;18/12/2023 0:00;2;233;Persona;29;17700;22400;2;11
13021;18/12/2023 0:00;2;15;Persona;173;17500;21400;2;11
13022;19/12/2023 0:00;2;289;Persona;114;17800;19100;2;11
13023;19/12/2023 0:00;2;53;Persona;126;18100;19200;2;11
13024;19/12/2023 0:00;1;563;Persona;21;18000;19300;4;3
13025;19/12/2023 0:00;1;468;Persona;43;18400;23300;4;3
13026;19/12/2023 0:00;1;448;Persona;77;17300;19100;4;3
13027;19/12/2023 0:00;1;897;Persona;166;18200;23100;4;3
13028;19/12/2023 0:00;1;940;Persona;55;17800;21800;4;10
13029;19/12/2023 0:00;1;429;Persona;83;17300;18100;4;10
13030;20/12/2023 0:00;1;240;Persona;26;17200;19800;4;10
13031;20/12/2023 0:00;1;1081;Persona;30;17400;21100;4;10
13032;20/12/2023 0:00;1;220;Persona;119;17300;20700;1;9
13033;20/12/2023 0:00;1;815;Persona;87;18000;20700;1;9
13034;20/12/2023 0:00;1;243;Persona;127;17900;22900;1;9
13035;20/12/2023 0:00;1;783;Persona;121;17100;22000;1;9
13036;20/12/2023 0:00;3;523;Persona;80;17400;19500;4;12
13037;20/12/2023 0:00;3;673;Persona;143;17700;20600;4;12
13038;20/12/2023 0:00;3;1148;Persona;167;18200;22100;4;12
13039;20/12/2023 0:00;3;632;Persona;122;17000;19400;4;12
13040;20/12/2023 0:00;2;170;Persona;40;17000;19500;2;11
13041;20/12/2023 0:00;2;576;Persona;41;17600;20100;2;11
13042;20/12/2023 0:00;2;754;Persona;5;17200;21300;2;11
13043;20/12/2023 0:00;2;953;Persona;152;16600;19300;4;12
13044;20/12/2023 0:00;2;1029;Persona;69;17800;21800;4;12
13045;20/12/2023 0:00;2;1109;Persona;163;17800;19800;4;12
13046;20/12/2023 0:00;3;421;Persona;47;17300;20900;4;1
13047;20/12/2023 0:00;3;798;Persona;166;18200;22900;4;1
13048;20/12/2023 0:00;3;402;Persona;65;17100;20000;4;1
13049;20/12/2023 0:00;3;1179;Persona;1;16800;20400;4;1
13050;20/12/2023 0:00;2;583;Empresa;164;16800;20400;1;4
13051;20/12/2023 0:00;2;636;Empresa;119;17300;19800;1;4
13052;20/12/2023 0:00;2;956;Empresa;7;17800;19900;1;4
13053;20/12/2023 0:00;2;360;Empresa;136;17600;19800;1;4
13054;21/12/2023 0:00;2;520;Persona;142;17200;21200;4;10
13055;21/12/2023 0:00;2;1092;Persona;151;17200;20300;4;10
13056;21/12/2023 0:00;2;175;Persona;99;17500;19800;4;10
13057;21/12/2023 0:00;2;875;Persona;80;17400;21600;4;10
13058;21/12/2023 0:00;2;315;Persona;122;17000;21900;4;10
13059;21/12/2023 0:00;2;1175;Persona;64;17200;20600;4;10
13060;21/12/2023 0:00;2;494;Persona;126;18100;22500;4;10
13061;21/12/2023 0:00;2;159;Persona;101;17500;20000;4;10
13062;21/12/2023 0:00;3;856;Persona;60;17300;20600;4;12
13063;21/12/2023 0:00;3;238;Persona;113;18000;20000;4;12
13064;21/12/2023 0:00;3;1024;Persona;96;17200;18400;4;12
13065;21/12/2023 0:00;3;989;Persona;100;18100;23300;4;12
13066;21/12/2023 0:00;2;1070;Persona;83;17300;19600;4;12
13067;21/12/2023 0:00;2;979;Persona;88;17000;19800;4;12
13068;21/12/2023 0:00;2;1066;Persona;102;17800;20300;4;12
13069;21/12/2023 0:00;2;163;Persona;177;16600;19500;4;12
13070;21/12/2023 0:00;4;579;Empresa;35;18000;19000;1;4
13071;21/12/2023 0:00;4;580;Empresa;60;17300;22300;1;4
13072;21/12/2023 0:00;4;1038;Empresa;110;17200;22200;1;4
13073;21/12/2023 0:00;4;546;Empresa;39;17200;22100;1;4
13074;21/12/2023 0:00;4;502;Persona;4;17700;22000;2;11
13075;21/12/2023 0:00;4;757;Persona;61;17600;20200;2;11
13076;21/12/2023 0:00;4;1149;Persona;104;17400;18700;2;11
13077;21/12/2023 0:00;4;4;Persona;108;18300;23300;2;11
13078;22/12/2023 0:00;2;114;Persona;82;17700;22800;4;10
13079;22/12/2023 0:00;2;567;Persona;132;17200;21200;4;10
13080;22/12/2023 0:00;2;235;Persona;110;17200;18900;4;10
13081;22/12/2023 0:00;3;278;Persona;1;16800;19400;2;11
13082;22/12/2023 0:00;3;618;Persona;128;17500;19600;2;11
13083;22/12/2023 0:00;3;1103;Persona;168;17500;19600;2;11
13084;22/12/2023 0:00;2;159;Persona;161;16600;21100;1;4
13085;22/12/2023 0:00;2;811;Persona;168;17500;22400;1;4
13086;22/12/2023 0:00;2;179;Persona;19;17000;21900;1;4
13087;22/12/2023 0:00;2;36;Persona;11;17300;20900;1;4
13088;22/12/2023 0:00;2;623;Empresa;12;17400;20400;1;9
13089;22/12/2023 0:00;2;585;Empresa;2;16800;20000;1;9
13090;22/12/2023 0:00;2;641;Empresa;84;18500;22400;1;9
13091;22/12/2023 0:00;2;792;Empresa;140;17300;18500;1;9
13092;22/12/2023 0:00;2;938;Persona;6;17100;20800;1;4
13093;22/12/2023 0:00;2;576;Persona;67;17700;20900;1;4
13094;22/12/2023 0:00;2;957;Persona;62;17100;20400;1;4
13095;22/12/2023 0:00;2;994;Persona;54;17800;21800;1;4
13096;22/12/2023 0:00;2;34;Persona;176;17600;22300;4;10
13097;22/12/2023 0:00;2;697;Persona;172;17700;20800;4;10
13098;22/12/2023 0:00;2;191;Persona;121;17100;19700;4;10
13099;22/12/2023 0:00;2;973;Persona;173;17500;20100;4;10
13100;23/12/2023 0:00;4;637;Persona;77;17300;20500;4;5
13101;23/12/2023 0:00;4;472;Persona;124;17500;21000;4;5
13102;23/12/2023 0:00;4;503;Persona;67;17700;20100;4;5
13103;23/12/2023 0:00;4;162;Persona;83;17300;20400;4;5
13104;23/12/2023 0:00;3;279;Persona;137;17800;20000;4;10
13105;23/12/2023 0:00;3;922;Persona;35;18000;19700;4;10
13106;23/12/2023 0:00;3;1001;Persona;41;17600;19500;4;10
13107;23/12/2023 0:00;3;314;Persona;96;17200;19300;4;12
13108;23/12/2023 0:00;3;371;Persona;144;17200;19200;4;12
13109;23/12/2023 0:00;3;1045;Persona;1;16800;19500;4;12
13110;23/12/2023 0:00;3;417;Persona;147;17300;21600;4;12
13111;23/12/2023 0:00;4;990;Persona;83;17300;20000;2;8
13112;23/12/2023 0:00;4;822;Persona;179;17500;21800;2;8
13113;23/12/2023 0:00;4;93;Persona;49;17300;18600;2;8
13114;23/12/2023 0:00;4;114;Persona;120;17600;21200;2;8
13115;23/12/2023 0:00;4;43;Persona;160;16800;20000;4;1
13116;23/12/2023 0:00;4;846;Persona;100;18100;22100;4;1
13117;23/12/2023 0:00;4;156;Persona;90;17400;19700;4;1
13118;23/12/2023 0:00;4;1165;Persona;78;17200;21300;4;1
13119;23/12/2023 0:00;3;483;Persona;107;17300;20300;1;4
13120;24/12/2023 0:00;3;584;Persona;137;17800;19600;1;4
13121;24/12/2023 0:00;3;226;Persona;109;17700;22000;1;4
13122;24/12/2023 0:00;3;436;Persona;151;17200;21400;1;4
13123;24/12/2023 0:00;2;626;Persona;4;17700;19700;2;11
13124;24/12/2023 0:00;2;659;Persona;27;17400;21600;2;11
13125;24/12/2023 0:00;2;640;Persona;154;17300;21600;2;11
13126;24/12/2023 0:00;2;797;Persona;147;17300;20100;2;11
13127;24/12/2023 0:00;4;23;Persona;145;17400;18700;4;10
13128;25/12/2023 0:00;4;824;Persona;171;16800;20600;4;10
13129;25/12/2023 0:00;4;496;Persona;112;17500;22400;4;10
13130;25/12/2023 0:00;4;396;Persona;170;17400;18400;4;10
13131;25/12/2023 0:00;2;787;Persona;100;18100;20400;4;10
13132;25/12/2023 0:00;2;923;Persona;51;17500;20600;4;10
13133;25/12/2023 0:00;2;776;Persona;157;18100;21400;4;10
13134;25/12/2023 0:00;2;243;Persona;42;17600;18600;4;10
13135;25/12/2023 0:00;2;330;Persona;4;17700;22400;4;2
13136;25/12/2023 0:00;2;503;Persona;88;17000;20400;4;2
13137;25/12/2023 0:00;2;452;Persona;77;17300;21700;4;2
13138;25/12/2023 0:00;2;973;Persona;58;17600;19700;4;2
13139;25/12/2023 0:00;3;690;Persona;173;17500;22300;4;3
13140;25/12/2023 0:00;3;336;Persona;104;17400;21800;4;3
13141;25/12/2023 0:00;3;30;Persona;117;16800;21300;4;3
13142;25/12/2023 0:00;3;658;Persona;23;17100;20000;4;3
13143;25/12/2023 0:00;4;556;Persona;37;17600;21700;1;9
13144;25/12/2023 0:00;4;279;Persona;84;18500;21100;1;9
13145;25/12/2023 0:00;4;851;Persona;3;17000;19000;1;9
13146;25/12/2023 0:00;4;45;Persona;65;17100;22100;3;6
13147;25/12/2023 0:00;4;144;Persona;116;17700;22900;3;6
13148;25/12/2023 0:00;4;333;Persona;157;18100;20500;3;6
13149;25/12/2023 0:00;4;323;Persona;153;17200;20900;3;6
13150;25/12/2023 0:00;2;101;Persona;47;17300;18500;4;3
13151;25/12/2023 0:00;2;382;Persona;174;17400;20900;4;3
13152;25/12/2023 0:00;2;815;Persona;26;17200;19100;4;3
13153;25/12/2023 0:00;2;705;Persona;128;17500;21100;4;3
13154;25/12/2023 0:00;1;530;Persona;6;17100;21000;4;10
13155;25/12/2023 0:00;1;247;Persona;161;16600;21200;4;10
13156;25/12/2023 0:00;1;1105;Persona;40;17000;20700;4;10
13157;25/12/2023 0:00;1;864;Persona;169;18000;21000;4;10
13158;25/12/2023 0:00;3;897;Persona;125;17300;21900;1;9
13159;25/12/2023 0:00;3;950;Persona;42;17600;19900;1;9
13160;25/12/2023 0:00;3;931;Persona;124;17500;22000;1;9
13161;25/12/2023 0:00;3;225;Persona;127;17900;19200;1;9
13162;25/12/2023 0:00;4;49;Persona;59;18100;22100;1;4
13163;26/12/2023 0:00;4;48;Persona;114;17800;21600;1;4
13164;26/12/2023 0:00;4;1074;Persona;152;16600;18300;1;4
13165;26/12/2023 0:00;4;160;Persona;70;17300;21700;1;4
13166;26/12/2023 0:00;4;649;Persona;145;17400;19200;4;2
13167;26/12/2023 0:00;4;98;Persona;29;17700;20600;4;2
13168;26/12/2023 0:00;4;429;Persona;124;17500;22500;4;2
13169;26/12/2023 0:00;4;1094;Persona;20;17600;20300;4;10
13170;26/12/2023 0:00;4;390;Persona;169;18000;20100;4;10
13171;26/12/2023 0:00;4;1062;Persona;62;17100;21700;4;10
13172;26/12/2023 0:00;4;329;Persona;134;18000;19700;4;10
13173;26/12/2023 0:00;1;802;Persona;63;17400;21300;4;2
13174;26/12/2023 0:00;1;5;Persona;24;17200;18100;4;2
13175;26/12/2023 0:00;1;377;Persona;84;18500;21800;4;2
13176;26/12/2023 0:00;1;554;Persona;51;17500;19600;4;2
13177;26/12/2023 0:00;1;164;Persona;95;17700;21200;4;7
13178;26/12/2023 0:00;1;178;Persona;34;17500;21200;4;7
13179;26/12/2023 0:00;1;528;Persona;46;16700;18800;4;7
13180;26/12/2023 0:00;2;343;Persona;102;17800;20800;2;8
13181;26/12/2023 0:00;2;607;Persona;61;17600;19300;2;8
13182;26/12/2023 0:00;2;97;Persona;111;17500;21600;2;8
13183;26/12/2023 0:00;2;535;Persona;31;16500;18300;2;8
13184;26/12/2023 0:00;2;690;Persona;98;18000;22500;4;10
13185;26/12/2023 0:00;2;416;Persona;47;17300;21200;4;10
13186;26/12/2023 0:00;2;309;Persona;142;17200;20800;4;10
13187;26/12/2023 0:00;2;32;Persona;78;17200;18300;4;10
13188;26/12/2023 0:00;2;813;Persona;94;17500;22100;4;1
13189;26/12/2023 0:00;2;896;Persona;78;17200;18800;4;1
13190;27/12/2023 0:00;2;692;Persona;116;17700;19200;4;1
13191;27/12/2023 0:00;4;1018;Persona;18;17500;20500;4;12
13192;27/12/2023 0:00;4;341;Persona;27;17400;18400;4;12
13193;27/12/2023 0:00;4;852;Persona;37;17600;22100;4;12
13194;27/12/2023 0:00;2;134;Persona;132;17200;19600;3;6
13195;27/12/2023 0:00;2;14;Persona;36;17600;19900;3;6
13196;27/12/2023 0:00;2;60;Persona;69;17800;21300;3;6
13197;27/12/2023 0:00;2;207;Persona;170;17400;21100;3;6
13198;27/12/2023 0:00;1;928;Persona;143;17700;22200;3;6
13199;27/12/2023 0:00;1;598;Persona;167;18200;22500;3;6
13200;27/12/2023 0:00;1;905;Persona;38;18100;20200;3;6
13201;27/12/2023 0:00;4;286;Persona;88;17000;21500;4;1
13202;27/12/2023 0:00;4;492;Persona;158;17400;21000;4;1
13203;27/12/2023 0:00;4;1176;Persona;40;17000;21300;4;1
13204;27/12/2023 0:00;4;516;Persona;49;17300;18500;4;1
13205;27/12/2023 0:00;3;682;Persona;8;18300;23700;3;6
13206;27/12/2023 0:00;3;772;Persona;23;17100;20300;3;6
13207;27/12/2023 0:00;3;230;Persona;124;17500;19900;3;6
13208;27/12/2023 0:00;3;1055;Persona;21;18000;22100;3;6
13209;27/12/2023 0:00;2;1164;Persona;142;17200;18400;4;5
13210;27/12/2023 0:00;2;474;Persona;162;18500;21900;4;5
13211;27/12/2023 0:00;2;253;Persona;96;17200;18300;4;5
13212;27/12/2023 0:00;2;793;Persona;120;17600;20700;4;5
13213;27/12/2023 0:00;2;736;Empresa;119;17300;19000;2;11
13214;27/12/2023 0:00;2;355;Empresa;69;17800;21600;2;11
13215;27/12/2023 0:00;2;690;Empresa;130;17900;20700;2;11
13216;28/12/2023 0:00;2;204;Empresa;14;16800;18300;2;11
13217;28/12/2023 0:00;2;228;Persona;144;17200;20800;2;8
13218;28/12/2023 0:00;2;420;Persona;134;18000;19800;2;8
13219;28/12/2023 0:00;2;367;Persona;63;17400;20100;2;8
13220;28/12/2023 0:00;2;28;Persona;173;17500;21800;2;8
13221;28/12/2023 0:00;2;3;Persona;178;17400;20000;4;7
13222;28/12/2023 0:00;2;79;Persona;123;18200;23000;4;7
13223;28/12/2023 0:00;2;5;Persona;39;17200;20600;4;7
13224;28/12/2023 0:00;2;912;Persona;141;18800;21600;4;7
13225;28/12/2023 0:00;3;931;Persona;33;17100;21200;2;11
13226;28/12/2023 0:00;3;39;Persona;125;17300;18800;2;11
13227;28/12/2023 0:00;3;270;Persona;62;17100;21000;2;11
13228;28/12/2023 0:00;3;313;Persona;1;16800;19200;2;11
13229;28/12/2023 0:00;1;829;Persona;2;16800;18800;4;10
13230;28/12/2023 0:00;1;1051;Persona;42;17600;20400;4;10
13231;28/12/2023 0:00;1;953;Persona;46;16700;19200;4;10
13232;28/12/2023 0:00;1;949;Persona;160;16800;20300;4;10
13233;28/12/2023 0:00;3;691;Persona;165;16900;21300;2;11
13234;28/12/2023 0:00;3;691;Persona;160;16800;18000;2;11
13235;28/12/2023 0:00;3;857;Persona;171;16800;21200;2;11
13236;29/12/2023 0:00;3;521;Persona;92;17500;22100;2;11
13237;29/12/2023 0:00;3;189;Persona;85;17600;18500;4;7
13238;29/12/2023 0:00;3;838;Persona;46;16700;17900;4;7
13239;29/12/2023 0:00;3;120;Persona;86;17000;21100;4;7
13240;29/12/2023 0:00;3;858;Persona;52;17800;20500;4;7
13241;29/12/2023 0:00;2;501;Persona;53;16800;19000;4;1
13242;29/12/2023 0:00;2;102;Persona;33;17100;20900;4;1
13243;29/12/2023 0:00;2;533;Persona;83;17300;18600;4;1
13244;29/12/2023 0:00;2;60;Persona;157;18100;21000;4;1
13245;29/12/2023 0:00;2;44;Persona;161;16600;21500;3;6
13246;29/12/2023 0:00;2;187;Persona;27;17400;20500;3;6
13247;29/12/2023 0:00;2;398;Persona;69;17800;22600;3;6
13248;30/12/2023 0:00;2;1166;Persona;116;17700;18600;3;6
13249;30/12/2023 0:00;2;690;Persona;23;17100;20300;4;7
13250;30/12/2023 0:00;2;449;Persona;132;17200;20900;4;7
13251;30/12/2023 0:00;2;802;Persona;161;16600;19300;4;7
13252;30/12/2023 0:00;2;78;Persona;62;17100;19900;4;7
13253;30/12/2023 0:00;4;362;Empresa;178;17400;18700;2;8
13254;30/12/2023 0:00;4;1069;Empresa;149;17600;21100;2;8
13255;30/12/2023 0:00;4;86;Empresa;142;17200;19400;2;8
13256;30/12/2023 0:00;4;166;Empresa;153;17200;21200;2;8
13257;30/12/2023 0:00;2;821;Persona;44;17900;19500;3;6
13258;30/12/2023 0:00;2;194;Persona;150;17600;19300;3;6
13259;30/12/2023 0:00;2;64;Persona;153;17200;18800;3;6
13260;30/12/2023 0:00;2;713;Persona;165;16900;21000;3;6
13261;30/12/2023 0:00;4;602;Persona;141;18800;24300;1;9
13262;30/12/2023 0:00;4;839;Persona;105;18200;23200;1;9
13263;30/12/2023 0:00;4;268;Persona;129;17800;20200;1;9
13264;30/12/2023 0:00;4;629;Persona;72;17800;21100;1;9
13265;30/12/2023 0:00;3;591;Persona;21;18000;21300;4;5
13266;30/12/2023 0:00;3;308;Persona;109;17700;18800;4;5
13267;30/12/2023 0:00;3;495;Persona;83;17300;19700;4;5
13268;30/12/2023 0:00;3;288;Persona;110;17200;21300;4;5
13269;30/12/2023 0:00;1;831;Persona;60;17300;18800;1;4
13270;30/12/2023 0:00;1;1002;Persona;30;17400;19200;1;4
13271;30/12/2023 0:00;1;610;Persona;60;17300;22100;1;4
13272;31/12/2023 0:00;1;903;Persona;112;17500;20600;1;4
13273;31/12/2023 0:00;1;1029;Persona;100;18100;20100;4;10
13274;31/12/2023 0:00;1;1109;Persona;123;18200;22600;4;10
13275;31/12/2023 0:00;1;179;Persona;52;17800;20200;4;10
13276;31/12/2023 0:00;1;670;Persona;85;17600;22500;4;10
13277;31/12/2023 0:00;1;812;Empresa;35;18000;23000;4;2
13278;31/12/2023 0:00;1;782;Empresa;53;16800;19700;4;2
13279;31/12/2023 0:00;1;869;Empresa;114;17800;19400;4;2
13280;31/12/2023 0:00;1;283;Empresa;145;17400;20900;4;2
13281;31/12/2023 0:00;3;362;Persona;73;17100;18600;2;8
13282;31/12/2023 0:00;3;1125;Persona;130;17900;20900;2;8
13283;31/12/2023 0:00;3;804;Persona;19;17000;19400;2;8
13284;01/01/2024 0:00;3;1143;Persona;88;17000;20600;2;8
13285;01/01/2024 0:00;2;1107;Persona;26;17200;18800;2;8
13286;01/01/2024 0:00;2;340;Persona;66;18400;23500;2;8
13287;01/01/2024 0:00;2;288;Persona;8;18300;22700;2;8
13288;01/01/2024 0:00;4;995;Empresa;177;16600;17700;1;4
13289;01/01/2024 0:00;4;88;Empresa;42;17600;19300;1;4
13290;01/01/2024 0:00;4;1132;Empresa;163;17800;20300;1;4
13291;01/01/2024 0:00;4;581;Empresa;67;17700;18800;1;4
13292;01/01/2024 0:00;4;850;Persona;76;17700;22300;4;2
13293;01/01/2024 0:00;4;893;Persona;144;17200;21800;4;2
13294;01/01/2024 0:00;4;994;Persona;28;17800;18700;4;2
13295;01/01/2024 0:00;4;499;Persona;107;17300;18400;4;2
13296;01/01/2024 0:00;3;1098;Empresa;72;17800;20300;4;5
13297;01/01/2024 0:00;3;166;Empresa;62;17100;19700;4;5
13298;01/01/2024 0:00;3;1010;Empresa;34;17500;22200;4;5
13299;02/01/2024 0:00;3;306;Empresa;89;17200;18300;4;5
13300;02/01/2024 0:00;1;990;Persona;164;16800;17900;1;9
13301;02/01/2024 0:00;1;632;Persona;142;17200;18400;1;9
13302;02/01/2024 0:00;1;96;Persona;19;17000;18300;1;9
13303;02/01/2024 0:00;1;325;Persona;89;17200;20600;1;9
13304;02/01/2024 0:00;2;94;Persona;97;17500;20700;4;2
13305;02/01/2024 0:00;2;702;Persona;9;17100;19500;4;2
13306;02/01/2024 0:00;2;602;Persona;27;17400;18800;4;2
13307;02/01/2024 0:00;2;1018;Persona;153;17200;21200;4;2
13308;02/01/2024 0:00;2;771;Persona;27;17400;21300;1;9
13309;02/01/2024 0:00;2;1148;Persona;104;17400;21500;1;9
13310;03/01/2024 0:00;2;152;Persona;19;17000;20400;1;9
13311;03/01/2024 0:00;2;886;Persona;20;17600;19000;1;9
13312;03/01/2024 0:00;4;777;Empresa;41;17600;22700;4;5
13313;03/01/2024 0:00;4;997;Empresa;117;16800;19000;4;5
13314;03/01/2024 0:00;4;983;Empresa;126;18100;19500;4;5
13315;03/01/2024 0:00;4;354;Empresa;126;18100;22800;4;5
13316;03/01/2024 0:00;1;748;Persona;157;18100;22900;1;4
13317;03/01/2024 0:00;1;74;Persona;49;17300;18200;1;4
13318;03/01/2024 0:00;1;316;Persona;1;16800;18000;1;4
13319;03/01/2024 0:00;1;301;Persona;131;17000;19800;1;4
13320;03/01/2024 0:00;2;675;Persona;116;17700;21500;4;10
13321;03/01/2024 0:00;2;92;Persona;56;17400;21400;4;10
13322;03/01/2024 0:00;2;922;Persona;76;17700;19900;4;10
13323;03/01/2024 0:00;2;907;Persona;53;16800;21700;4;5
13324;03/01/2024 0:00;2;659;Persona;73;17100;20600;4;5
13325;03/01/2024 0:00;2;88;Persona;46;16700;21100;4;5
13326;03/01/2024 0:00;2;134;Persona;24;17200;21400;4;5
13327;03/01/2024 0:00;1;591;Empresa;67;17700;21000;4;1
13328;03/01/2024 0:00;1;1109;Empresa;157;18100;22100;4;1
13329;03/01/2024 0:00;1;360;Empresa;144;17200;20400;4;1
13330;03/01/2024 0:00;1;695;Empresa;57;17700;22800;4;1
13331;03/01/2024 0:00;1;1021;Persona;74;18100;21300;3;6
13332;04/01/2024 0:00;1;277;Persona;24;17200;20100;3;6
13333;04/01/2024 0:00;1;420;Persona;57;17700;19500;3;6
13334;04/01/2024 0:00;1;14;Persona;150;17600;20500;3;6
13335;04/01/2024 0:00;3;590;Persona;117;16800;18100;4;5
13336;04/01/2024 0:00;3;817;Persona;123;18200;21300;4;5
13337;04/01/2024 0:00;3;325;Persona;48;17100;21400;4;5
13338;04/01/2024 0:00;3;514;Persona;14;16800;21300;4;5
13339;04/01/2024 0:00;3;837;Persona;170;17400;19600;4;5
13340;04/01/2024 0:00;3;282;Persona;79;17700;22900;4;5
13341;04/01/2024 0:00;3;1016;Persona;83;17300;21600;4;5
13342;04/01/2024 0:00;3;1016;Persona;36;17600;18900;4;5
13343;05/01/2024 0:00;2;647;Persona;28;17800;21100;2;11
13344;05/01/2024 0:00;2;699;Persona;17;18100;19300;2;11
13345;05/01/2024 0:00;2;233;Persona;122;17000;18100;2;11
13346;05/01/2024 0:00;2;274;Persona;89;17200;20500;2;11
13347;05/01/2024 0:00;4;686;Empresa;82;17700;21500;4;2
13348;05/01/2024 0:00;4;806;Empresa;13;17300;21500;4;2
13349;05/01/2024 0:00;4;641;Empresa;62;17100;21100;4;2
13350;06/01/2024 0:00;4;1046;Persona;54;17800;20900;4;1
13351;06/01/2024 0:00;4;173;Persona;27;17400;22000;4;1
13352;06/01/2024 0:00;4;213;Persona;175;17800;21000;4;1
13353;06/01/2024 0:00;4;795;Persona;126;18100;22500;4;1
13354;06/01/2024 0:00;2;716;Persona;62;17100;21900;4;10
13355;06/01/2024 0:00;2;45;Persona;167;18200;21100;4;10
13356;06/01/2024 0:00;2;565;Persona;68;17300;18500;4;10
13357;06/01/2024 0:00;2;542;Persona;100;18100;21100;4;10
13358;06/01/2024 0:00;2;1001;Persona;57;17700;21900;4;12
13359;06/01/2024 0:00;2;618;Persona;118;18000;21400;4;12
13360;06/01/2024 0:00;2;15;Persona;12;17400;21400;4;12
13361;06/01/2024 0:00;4;585;Persona;33;17100;20900;4;2
13362;06/01/2024 0:00;4;801;Persona;36;17600;18700;4;2
13363;06/01/2024 0:00;4;813;Persona;92;17500;20700;4;2
13364;06/01/2024 0:00;4;1049;Persona;14;16800;18300;4;2
13365;06/01/2024 0:00;2;585;Persona;1;16800;20200;2;8
13366;06/01/2024 0:00;2;510;Persona;55;17800;20100;2;8
13367;06/01/2024 0:00;2;782;Persona;166;18200;22400;2;8
13368;06/01/2024 0:00;2;508;Persona;42;17600;18400;2;8
13369;06/01/2024 0:00;2;666;Persona;91;18300;21500;2;8
13370;07/01/2024 0:00;2;946;Persona;8;18300;21200;2;8
13371;07/01/2024 0:00;2;567;Persona;39;17200;20800;2;8
13372;07/01/2024 0:00;1;678;Persona;30;17400;19600;4;7
13373;07/01/2024 0:00;1;768;Persona;13;17300;21800;4;7
13374;07/01/2024 0:00;1;732;Persona;13;17300;18300;4;7
13375;07/01/2024 0:00;1;172;Persona;12;17400;18400;4;7
13376;07/01/2024 0:00;3;580;Persona;63;17400;22500;2;8
13377;07/01/2024 0:00;3;408;Persona;82;17700;21700;2;8
13378;07/01/2024 0:00;3;178;Persona;22;18000;23200;2;8
13379;07/01/2024 0:00;3;750;Persona;134;18000;21900;2;8
13380;07/01/2024 0:00;3;580;Persona;100;18100;20200;1;9
13381;07/01/2024 0:00;3;697;Persona;117;16800;17900;1;9
13382;07/01/2024 0:00;3;1176;Persona;116;17700;19900;1;9
13383;07/01/2024 0:00;3;561;Persona;169;18000;19100;1;9
13384;07/01/2024 0:00;3;1152;Persona;102;17800;22800;4;3
13385;07/01/2024 0:00;3;310;Persona;44;17900;22700;4;3
13386;07/01/2024 0:00;3;671;Persona;74;18100;23200;4;3
13387;07/01/2024 0:00;3;738;Persona;86;17000;21600;4;3
13388;07/01/2024 0:00;4;876;Persona;92;17500;22000;4;1
13389;07/01/2024 0:00;4;328;Persona;75;17000;17800;4;1
13390;07/01/2024 0:00;4;163;Persona;1;16800;19400;4;1
13391;07/01/2024 0:00;4;17;Persona;76;17700;21900;4;1
13392;07/01/2024 0:00;4;510;Persona;127;17900;19200;4;7
13393;07/01/2024 0:00;4;208;Persona;138;17400;22000;4;7
13394;07/01/2024 0:00;4;801;Persona;92;17500;22300;4;7
13395;07/01/2024 0:00;1;140;Empresa;132;17200;18600;4;10
13396;07/01/2024 0:00;1;346;Empresa;11;17300;19200;4;10
13397;07/01/2024 0:00;1;816;Empresa;123;18200;21100;4;10
13398;07/01/2024 0:00;1;379;Empresa;94;17500;18400;4;10
13399;07/01/2024 0:00;3;637;Persona;123;18200;20400;4;2
13400;07/01/2024 0:00;3;837;Persona;24;17200;21400;4;2
13401;07/01/2024 0:00;3;107;Persona;101;17500;18400;4;2
13402;07/01/2024 0:00;3;416;Persona;94;17500;20000;4;2
13403;07/01/2024 0:00;1;338;Persona;63;17400;18700;2;11
13404;07/01/2024 0:00;1;719;Persona;172;17700;21500;2;11
13405;08/01/2024 0:00;1;446;Persona;17;18100;22800;2;11
13406;08/01/2024 0:00;1;536;Persona;114;17800;19000;2;11
13407;08/01/2024 0:00;4;300;Persona;136;17600;18700;4;10
13408;08/01/2024 0:00;4;335;Persona;94;17500;20400;4;10
13409;09/01/2024 0:00;4;1034;Persona;62;17100;20800;4;10
13410;09/01/2024 0:00;4;569;Persona;100;18100;23000;4;10
13411;09/01/2024 0:00;3;307;Empresa;32;17800;19400;4;7
13412;09/01/2024 0:00;3;891;Empresa;126;18100;22400;4;7
13413;09/01/2024 0:00;3;524;Empresa;162;18500;22900;4;7
13414;09/01/2024 0:00;3;603;Empresa;28;17800;21800;4;7
13415;09/01/2024 0:00;3;916;Persona;168;17500;20000;4;2
13416;09/01/2024 0:00;3;280;Persona;156;17200;19200;4;2
13417;09/01/2024 0:00;3;849;Persona;175;17800;19300;4;2
13418;09/01/2024 0:00;3;1103;Persona;33;17100;21300;4;2
13419;09/01/2024 0:00;3;227;Persona;179;17500;22600;4;12
13420;09/01/2024 0:00;3;927;Persona;15;17200;21000;4;12
13421;09/01/2024 0:00;3;122;Persona;67;17700;18900;4;12
13422;09/01/2024 0:00;3;611;Persona;133;17500;22000;4;12
13423;09/01/2024 0:00;2;483;Persona;66;18400;20300;4;2
13424;09/01/2024 0:00;2;686;Persona;35;18000;20800;4;2
13425;09/01/2024 0:00;2;830;Persona;94;17500;20500;4;2
13426;09/01/2024 0:00;2;1047;Persona;79;17700;19300;4;2
13427;09/01/2024 0:00;2;1010;Persona;5;17200;19400;3;6
13428;09/01/2024 0:00;2;552;Persona;94;17500;22100;3;6
13429;09/01/2024 0:00;2;1165;Persona;25;17500;18600;3;6
13430;09/01/2024 0:00;2;664;Persona;174;17400;19700;3;6
13431;09/01/2024 0:00;2;283;Persona;158;17400;20900;4;12
13432;09/01/2024 0:00;2;979;Persona;72;17800;20500;4;12
13433;09/01/2024 0:00;2;581;Persona;112;17500;18600;4;12
13434;09/01/2024 0:00;2;854;Persona;85;17600;21600;4;12
13435;09/01/2024 0:00;2;786;Persona;124;17500;21700;4;2
13436;09/01/2024 0:00;2;523;Persona;76;17700;19100;4;2
13437;09/01/2024 0:00;2;153;Persona;13;17300;21900;4;2
13438;09/01/2024 0:00;1;651;Persona;20;17600;18600;4;3
13439;09/01/2024 0:00;1;492;Persona;11;17300;20100;4;3
13440;09/01/2024 0:00;1;314;Persona;167;18200;20100;4;3
13441;10/01/2024 0:00;1;549;Persona;133;17500;21800;4;3
13442;10/01/2024 0:00;1;691;Empresa;124;17500;20800;4;1
13443;10/01/2024 0:00;1;616;Empresa;165;16900;19400;4;1
13444;10/01/2024 0:00;1;895;Empresa;159;17400;21800;4;1
13445;10/01/2024 0:00;1;787;Empresa;90;17400;21600;4;1
13446;10/01/2024 0:00;1;729;Persona;107;17300;19000;4;7
13447;10/01/2024 0:00;1;1105;Persona;90;17400;21300;4;7
13448;10/01/2024 0:00;1;834;Persona;93;16800;21300;4;7
13449;10/01/2024 0:00;1;728;Persona;63;17400;18500;4;7
13450;10/01/2024 0:00;3;1121;Persona;126;18100;22400;4;12
13451;10/01/2024 0:00;3;1176;Persona;89;17200;21200;4;12
13452;10/01/2024 0:00;3;251;Persona;110;17200;19300;4;12
13453;10/01/2024 0:00;3;798;Persona;69;17800;19500;4;12
13454;10/01/2024 0:00;3;539;Persona;173;17500;20900;4;10
13455;10/01/2024 0:00;3;466;Persona;17;18100;21700;4;10
13456;10/01/2024 0:00;3;959;Persona;72;17800;19800;4;10
13457;10/01/2024 0:00;2;1138;Persona;16;17800;21400;4;5
13458;10/01/2024 0:00;2;242;Persona;13;17300;18900;4;5
13459;10/01/2024 0:00;2;878;Persona;88;17000;20700;4;5
13460;10/01/2024 0:00;2;10;Persona;27;17400;20900;4;5
13461;10/01/2024 0:00;2;550;Persona;32;17800;23100;1;9
13462;10/01/2024 0:00;2;716;Persona;175;17800;22800;1;9
13463;10/01/2024 0:00;2;1028;Persona;20;17600;22000;1;9
13464;10/01/2024 0:00;4;44;Persona;2;16800;21400;4;12
13465;10/01/2024 0:00;4;307;Persona;105;18200;23400;4;12
13466;10/01/2024 0:00;4;872;Persona;157;18100;23100;4;12
13467;10/01/2024 0:00;4;962;Persona;4;17700;20400;4;12
13468;10/01/2024 0:00;1;755;Empresa;123;18200;20900;4;3
13469;11/01/2024 0:00;1;21;Empresa;117;16800;19600;4;3
13470;11/01/2024 0:00;1;769;Empresa;124;17500;22500;4;3
13471;11/01/2024 0:00;1;932;Empresa;114;17800;21200;4;3
13472;11/01/2024 0:00;1;945;Persona;152;16600;18400;4;10
13473;11/01/2024 0:00;1;568;Persona;37;17600;20300;4;10
13474;11/01/2024 0:00;1;377;Persona;61;17600;19500;4;10
13475;11/01/2024 0:00;1;36;Persona;10;16300;20200;4;10
13476;11/01/2024 0:00;4;463;Persona;111;17500;20700;1;9
13477;11/01/2024 0:00;4;740;Persona;104;17400;18300;1;9
13478;11/01/2024 0:00;4;633;Persona;171;16800;18300;1;9
13479;11/01/2024 0:00;4;1148;Persona;27;17400;21600;1;9
13480;11/01/2024 0:00;3;851;Persona;85;17600;21700;4;7
13481;11/01/2024 0:00;3;163;Persona;10;16300;19600;4;7
13482;11/01/2024 0:00;3;135;Persona;150;17600;18700;4;7
13483;11/01/2024 0:00;4;144;Persona;38;18100;19600;1;4
13484;11/01/2024 0:00;4;1166;Persona;31;16500;20900;1;4
13485;12/01/2024 0:00;4;740;Persona;167;18200;22900;1;4
13486;12/01/2024 0:00;4;789;Persona;61;17600;19500;1;4
13487;12/01/2024 0:00;2;877;Persona;159;17400;18600;2;11
13488;12/01/2024 0:00;2;970;Persona;132;17200;18600;2;11
13489;12/01/2024 0:00;2;344;Persona;26;17200;18000;2;11
13490;12/01/2024 0:00;2;321;Persona;68;17300;19800;2;11
13491;12/01/2024 0:00;2;8;Persona;177;16600;17400;4;10
13492;12/01/2024 0:00;2;518;Persona;108;18300;22900;4;10
13493;12/01/2024 0:00;2;360;Persona;65;17100;19500;4;10
13494;12/01/2024 0:00;2;876;Persona;53;16800;18200;4;10
13495;12/01/2024 0:00;1;648;Empresa;10;16300;19300;4;3
13496;12/01/2024 0:00;1;875;Empresa;145;17400;19400;4;3
13497;12/01/2024 0:00;1;262;Empresa;124;17500;21300;4;3
13498;12/01/2024 0:00;1;336;Empresa;76;17700;18600;4;3
13499;13/01/2024 0:00;1;196;Persona;171;16800;19700;4;5
13500;13/01/2024 0:00;1;105;Persona;164;16800;18700;4;5
13501;13/01/2024 0:00;1;1096;Persona;158;17400;18700;4;5
13502;13/01/2024 0:00;4;1058;Persona;162;18500;21300;4;7
13503;13/01/2024 0:00;4;563;Persona;96;17200;21000;4;7
13504;13/01/2024 0:00;4;319;Persona;8;18300;21900;4;7
13505;13/01/2024 0:00;2;452;Persona;23;17100;21700;4;12
13506;13/01/2024 0:00;2;647;Persona;23;17100;22100;4;12
13507;13/01/2024 0:00;2;786;Persona;168;17500;18900;4;12
13508;13/01/2024 0:00;2;294;Persona;90;17400;21000;4;12
13509;13/01/2024 0:00;2;697;Empresa;86;17000;17800;4;7
13510;14/01/2024 0:00;2;486;Empresa;24;17200;20100;4;7
13511;14/01/2024 0:00;2;385;Empresa;40;17000;19000;4;7
13512;14/01/2024 0:00;2;384;Empresa;155;18000;22000;4;7
13513;14/01/2024 0:00;2;234;Persona;114;17800;19800;4;12
13514;14/01/2024 0:00;2;612;Persona;145;17400;19200;4;12
13515;14/01/2024 0:00;2;1017;Persona;123;18200;21400;4;12
13516;14/01/2024 0:00;2;833;Persona;5;17200;21600;4;12
13517;14/01/2024 0:00;1;301;Persona;163;17800;18900;4;5
13518;14/01/2024 0:00;1;134;Persona;34;17500;19600;4;5
13519;14/01/2024 0:00;1;1179;Persona;71;17800;18900;4;5
13520;14/01/2024 0:00;1;1145;Persona;72;17800;21300;4;5
13521;14/01/2024 0:00;4;791;Persona;169;18000;20800;1;9
13522;14/01/2024 0:00;4;494;Persona;7;17800;20200;1;9
13523;14/01/2024 0:00;4;944;Persona;153;17200;19500;1;9
13524;14/01/2024 0:00;4;128;Persona;63;17400;22000;1;9
13525;14/01/2024 0:00;4;156;Persona;45;17500;22200;2;11
13526;14/01/2024 0:00;4;188;Persona;58;17600;19500;2;11
13527;14/01/2024 0:00;4;231;Persona;162;18500;19700;2;11
13528;14/01/2024 0:00;4;711;Persona;30;17400;19900;2;11
13529;14/01/2024 0:00;3;701;Persona;44;17900;20600;4;10
13530;14/01/2024 0:00;3;928;Persona;129;17800;22800;4;10
13531;14/01/2024 0:00;3;594;Persona;43;18400;19500;4;10
13532;14/01/2024 0:00;3;609;Persona;25;17500;22400;4;10
13533;14/01/2024 0:00;3;1092;Persona;138;17400;18700;4;10
13534;14/01/2024 0:00;3;64;Persona;105;18200;23100;4;10
13535;14/01/2024 0:00;3;354;Persona;115;18400;19900;4;10
13536;14/01/2024 0:00;3;1043;Persona;91;18300;23500;4;10
13537;14/01/2024 0:00;3;797;Persona;65;17100;18400;1;4
13538;15/01/2024 0:00;3;1104;Persona;15;17200;21800;1;4
13539;15/01/2024 0:00;3;623;Persona;147;17300;20100;1;4
13540;15/01/2024 0:00;3;271;Persona;61;17600;19100;1;4
13541;15/01/2024 0:00;2;497;Persona;32;17800;19800;4;3
13542;15/01/2024 0:00;2;293;Persona;76;17700;22100;4;3
13543;15/01/2024 0:00;2;822;Persona;128;17500;21700;4;3
13544;15/01/2024 0:00;2;49;Persona;61;17600;19600;4;3
13545;15/01/2024 0:00;1;623;Persona;92;17500;19500;1;4
13546;15/01/2024 0:00;1;396;Persona;22;18000;19100;1;4
13547;15/01/2024 0:00;1;253;Persona;89;17200;21700;1;4
13548;15/01/2024 0:00;1;292;Persona;4;17700;19800;1;4
13549;15/01/2024 0:00;1;633;Persona;42;17600;22600;2;8
13550;15/01/2024 0:00;1;649;Persona;116;17700;22300;2;8
13551;15/01/2024 0:00;1;819;Persona;36;17600;20600;2;8
13552;15/01/2024 0:00;1;305;Persona;89;17200;21700;2;8
13553;15/01/2024 0:00;1;951;Persona;59;18100;20900;3;6
13554;15/01/2024 0:00;1;462;Persona;20;17600;22400;3;6
13555;15/01/2024 0:00;1;464;Persona;80;17400;21000;3;6
13556;15/01/2024 0:00;1;931;Persona;69;17800;21200;3;6
13557;15/01/2024 0:00;1;132;Persona;135;17800;20800;2;11
13558;15/01/2024 0:00;1;38;Persona;23;17100;20300;2;11
13559;15/01/2024 0:00;1;747;Persona;153;17200;20600;2;11
13560;16/01/2024 0:00;1;842;Persona;13;17300;19400;2;11
13561;16/01/2024 0:00;3;78;Persona;158;17400;19100;4;3
13562;16/01/2024 0:00;3;172;Persona;146;17100;19100;4;3
13563;16/01/2024 0:00;3;1027;Persona;164;16800;21100;4;3
13564;16/01/2024 0:00;2;703;Persona;54;17800;20700;4;10
13565;16/01/2024 0:00;2;444;Persona;74;18100;22400;4;10
13566;16/01/2024 0:00;2;708;Persona;144;17200;19900;4;10
13567;16/01/2024 0:00;2;1149;Persona;81;17400;18800;4;10
13568;17/01/2024 0:00;2;1132;Empresa;123;18200;21100;4;3
13569;17/01/2024 0:00;2;88;Empresa;122;17000;19100;4;3
13570;17/01/2024 0:00;2;925;Empresa;8;18300;21900;4;3
13571;17/01/2024 0:00;2;975;Empresa;36;17600;22600;4;3
13572;17/01/2024 0:00;2;503;Persona;104;17400;19900;4;12
13573;17/01/2024 0:00;2;1008;Persona;81;17400;22400;4;12
13574;17/01/2024 0:00;2;446;Persona;12;17400;20100;4;12
13575;17/01/2024 0:00;2;57;Persona;158;17400;21600;4;12
13576;17/01/2024 0:00;2;125;Persona;120;17600;19500;2;8
13577;17/01/2024 0:00;2;491;Persona;79;17700;19100;2;8
13578;17/01/2024 0:00;2;570;Persona;119;17300;18300;2;8
13579;17/01/2024 0:00;2;929;Persona;146;17100;20600;2;8
13580;17/01/2024 0:00;1;1159;Persona;177;16600;18400;2;11
13581;17/01/2024 0:00;1;155;Persona;30;17400;20300;2;11
13582;17/01/2024 0:00;1;42;Persona;87;18000;23200;2;11
13583;17/01/2024 0:00;1;616;Persona;106;17600;19100;2;11
13584;17/01/2024 0:00;4;836;Persona;48;17100;18700;2;11
13585;17/01/2024 0:00;4;673;Persona;143;17700;18900;2;11
13586;17/01/2024 0:00;4;348;Persona;7;17800;18700;2;11
13587;17/01/2024 0:00;4;687;Persona;129;17800;20700;2;11
13588;17/01/2024 0:00;3;893;Persona;130;17900;20700;4;12
13589;17/01/2024 0:00;3;571;Persona;49;17300;18500;4;12
13590;17/01/2024 0:00;3;598;Persona;48;17100;19900;4;12
13591;17/01/2024 0:00;3;230;Persona;111;17500;20900;4;12
13592;17/01/2024 0:00;2;1157;Persona;39;17200;19300;1;9
13593;17/01/2024 0:00;2;41;Persona;52;17800;19900;1;9
13594;17/01/2024 0:00;2;179;Persona;132;17200;20000;1;9
13595;17/01/2024 0:00;2;880;Persona;164;16800;18900;1;9
13596;17/01/2024 0:00;4;1151;Persona;141;18800;21500;4;2
13597;17/01/2024 0:00;4;168;Persona;130;17900;21400;4;2
13598;18/01/2024 0:00;4;1068;Persona;120;17600;19700;4;2
13599;18/01/2024 0:00;4;748;Persona;130;17900;20600;4;2
13600;18/01/2024 0:00;2;761;Persona;81;17400;21300;4;10
13601;18/01/2024 0:00;2;434;Persona;36;17600;22300;4;10
13602;18/01/2024 0:00;2;625;Persona;145;17400;21900;4;10
13603;18/01/2024 0:00;2;549;Persona;92;17500;18300;4;10
13604;18/01/2024 0:00;1;437;Persona;103;18000;19500;2;8
13605;18/01/2024 0:00;1;785;Persona;127;17900;21100;2;8
13606;18/01/2024 0:00;1;884;Persona;173;17500;18800;2;8
13607;18/01/2024 0:00;1;731;Persona;117;16800;21400;2;8
13608;18/01/2024 0:00;1;446;Persona;90;17400;20600;3;6
13609;18/01/2024 0:00;1;141;Persona;51;17500;21400;3;6
13610;18/01/2024 0:00;1;465;Persona;79;17700;18800;3;6
13611;18/01/2024 0:00;1;1035;Persona;84;18500;19700;3;6
13612;18/01/2024 0:00;4;309;Persona;5;17200;21000;3;6
13613;18/01/2024 0:00;4;16;Persona;99;17500;20000;3;6
13614;19/01/2024 0:00;4;107;Persona;104;17400;19700;3;6
13615;19/01/2024 0:00;2;129;Persona;111;17500;22200;4;1
13616;19/01/2024 0:00;2;484;Persona;63;17400;22100;4;1
13617;19/01/2024 0:00;2;35;Persona;128;17500;22400;4;1
13618;19/01/2024 0:00;2;1065;Persona;56;17400;22300;4;1
13619;19/01/2024 0:00;1;142;Persona;172;17700;20500;1;9
13620;19/01/2024 0:00;1;813;Persona;37;17600;20500;1;9
13621;19/01/2024 0:00;1;31;Persona;30;17400;19600;1;9
13622;19/01/2024 0:00;1;827;Persona;7;17800;21300;1;9
13623;19/01/2024 0:00;4;1103;Persona;100;18100;19800;3;6
13624;19/01/2024 0:00;4;198;Persona;108;18300;19900;3;6
13625;19/01/2024 0:00;4;417;Persona;123;18200;20600;3;6
13626;19/01/2024 0:00;4;74;Persona;7;17800;22800;3;6
13627;19/01/2024 0:00;3;798;Persona;72;17800;20200;3;6
13628;19/01/2024 0:00;3;224;Persona;158;17400;18900;3;6
13629;19/01/2024 0:00;3;246;Persona;40;17000;21100;3;6
13630;20/01/2024 0:00;3;739;Persona;173;17500;20600;3;6
13631;20/01/2024 0:00;4;488;Empresa;34;17500;20700;4;3
13632;20/01/2024 0:00;4;920;Empresa;168;17500;20900;4;3
13633;20/01/2024 0:00;4;177;Empresa;20;17600;20300;4;3
13634;20/01/2024 0:00;4;413;Empresa;117;16800;18600;4;3
13635;20/01/2024 0:00;2;1133;Persona;153;17200;20900;1;9
13636;20/01/2024 0:00;2;860;Persona;60;17300;20100;1;9
13637;20/01/2024 0:00;2;801;Persona;172;17700;18500;1;9
13638;20/01/2024 0:00;2;931;Persona;142;17200;19500;1;9
13639;20/01/2024 0:00;4;1118;Persona;110;17200;21200;3;6
13640;20/01/2024 0:00;4;133;Persona;53;16800;20500;3;6
13641;20/01/2024 0:00;4;563;Persona;165;16900;21000;3;6
13642;20/01/2024 0:00;4;330;Persona;172;17700;22600;3;6
13643;20/01/2024 0:00;4;910;Persona;166;18200;22800;1;4
13644;20/01/2024 0:00;4;472;Persona;135;17800;20500;1;4
13645;20/01/2024 0:00;4;320;Persona;42;17600;19600;1;4
13646;21/01/2024 0:00;4;509;Persona;49;17300;19000;1;4
13647;21/01/2024 0:00;2;487;Persona;113;18000;18900;4;2
13648;21/01/2024 0:00;2;859;Persona;104;17400;20700;4;2
13649;21/01/2024 0:00;2;299;Persona;55;17800;20800;4;2
13650;21/01/2024 0:00;2;864;Persona;115;18400;22700;4;2
13651;21/01/2024 0:00;2;237;Persona;75;17000;21900;4;12
13652;21/01/2024 0:00;2;330;Persona;150;17600;21200;4;12
13653;21/01/2024 0:00;2;892;Persona;10;16300;18500;4;12
13654;21/01/2024 0:00;2;586;Persona;141;18800;23800;4;12
13655;21/01/2024 0:00;1;947;Persona;107;17300;18600;1;9
13656;21/01/2024 0:00;1;767;Persona;112;17500;20600;1;9
13657;21/01/2024 0:00;1;1167;Persona;98;18000;21500;1;9
13658;21/01/2024 0:00;1;47;Persona;89;17200;20400;1;9
13659;21/01/2024 0:00;1;972;Persona;18;17500;21700;4;3
13660;21/01/2024 0:00;1;672;Persona;113;18000;19900;4;3
13661;21/01/2024 0:00;1;764;Persona;80;17400;21000;4;3
13662;21/01/2024 0:00;1;312;Persona;35;18000;21500;4;3
13663;21/01/2024 0:00;1;686;Persona;132;17200;19900;4;5
13664;21/01/2024 0:00;1;127;Persona;143;17700;22300;4;5
13665;21/01/2024 0:00;1;110;Persona;147;17300;19000;4;5
13666;22/01/2024 0:00;1;283;Persona;150;17600;20600;4;5
13667;22/01/2024 0:00;4;251;Persona;50;16300;17800;4;7
13668;22/01/2024 0:00;4;634;Persona;31;16500;18700;4;7
13669;22/01/2024 0:00;4;864;Persona;23;17100;21500;4;7
13670;22/01/2024 0:00;4;327;Persona;20;17600;19000;4;10
13671;22/01/2024 0:00;4;814;Persona;162;18500;20600;4;10
13672;22/01/2024 0:00;4;626;Persona;40;17000;21500;4;10
13673;22/01/2024 0:00;4;516;Persona;126;18100;20700;4;10
13674;22/01/2024 0:00;4;300;Persona;3;17000;19000;2;8
13675;22/01/2024 0:00;4;80;Persona;67;17700;20800;2;8
13676;22/01/2024 0:00;4;204;Persona;95;17700;20300;2;8
13677;22/01/2024 0:00;4;727;Persona;99;17500;19600;2;8
13678;22/01/2024 0:00;1;883;Persona;111;17500;20300;4;1
13679;22/01/2024 0:00;1;165;Persona;60;17300;22400;4;1
13680;22/01/2024 0:00;1;910;Persona;78;17200;18400;4;1
13681;22/01/2024 0:00;1;117;Persona;74;18100;23200;4;1
13682;22/01/2024 0:00;1;1142;Empresa;135;17800;19200;4;2
13683;22/01/2024 0:00;1;118;Empresa;178;17400;20600;4;2
13684;22/01/2024 0:00;1;557;Empresa;36;17600;22200;4;2
13685;22/01/2024 0:00;1;657;Empresa;67;17700;22100;4;2
13686;22/01/2024 0:00;3;804;Persona;95;17700;21300;1;4
13687;22/01/2024 0:00;3;1031;Persona;141;18800;23700;1;4
13688;22/01/2024 0:00;3;471;Persona;4;17700;20100;1;4
13689;22/01/2024 0:00;3;660;Persona;145;17400;20200;1;4
13690;22/01/2024 0:00;2;394;Persona;92;17500;21700;4;1
13691;22/01/2024 0:00;2;1154;Persona;53;16800;21200;4;1
13692;22/01/2024 0:00;2;969;Persona;107;17300;21300;4;1
13693;22/01/2024 0:00;2;68;Persona;169;18000;19800;4;1
13694;22/01/2024 0:00;4;175;Persona;141;18800;21500;4;12
13695;22/01/2024 0:00;4;780;Persona;170;17400;21700;4;12
13696;22/01/2024 0:00;4;590;Persona;54;17800;22100;4;12
13697;22/01/2024 0:00;4;898;Persona;109;17700;20200;4;12
13698;23/01/2024 0:00;3;5;Persona;66;18400;23400;4;1
13699;23/01/2024 0:00;3;394;Persona;48;17100;22100;4;1
13700;23/01/2024 0:00;3;524;Persona;61;17600;20000;4;1
13701;23/01/2024 0:00;3;745;Persona;101;17500;21400;4;1
13702;23/01/2024 0:00;4;292;Empresa;25;17500;21200;1;9
13703;23/01/2024 0:00;4;576;Empresa;72;17800;21200;1;9
13704;23/01/2024 0:00;4;1142;Empresa;75;17000;20200;1;9
13705;23/01/2024 0:00;4;320;Empresa;158;17400;19800;1;9
13706;23/01/2024 0:00;2;718;Empresa;179;17500;18800;2;11
13707;23/01/2024 0:00;2;680;Empresa;151;17200;18300;2;11
13708;23/01/2024 0:00;2;531;Empresa;25;17500;19000;2;11
13709;23/01/2024 0:00;2;484;Empresa;123;18200;21100;2;11
13710;24/01/2024 0:00;2;240;Persona;3;17000;18400;4;5
13711;24/01/2024 0:00;2;852;Persona;98;18000;20500;4;5
13712;24/01/2024 0:00;2;301;Persona;176;17600;19600;4;5
13713;24/01/2024 0:00;1;83;Persona;42;17600;22100;2;11
13714;24/01/2024 0:00;1;254;Persona;102;17800;20100;2;11
13715;24/01/2024 0:00;1;553;Persona;116;17700;18900;2;11
13716;24/01/2024 0:00;1;423;Persona;122;17000;19100;2;11
13717;24/01/2024 0:00;1;569;Persona;57;17700;22200;4;5
13718;24/01/2024 0:00;1;873;Persona;32;17800;22600;4;5
13719;24/01/2024 0:00;1;622;Persona;129;17800;18700;4;5
13720;24/01/2024 0:00;1;839;Persona;91;18300;22800;4;5
13721;24/01/2024 0:00;4;893;Persona;173;17500;22600;4;2
13722;24/01/2024 0:00;4;543;Persona;25;17500;19000;4;2
13723;24/01/2024 0:00;4;129;Persona;95;17700;21700;4;2
13724;24/01/2024 0:00;4;856;Persona;67;17700;19100;4;2
13725;25/01/2024 0:00;3;1056;Persona;34;17500;20300;4;3
13726;25/01/2024 0:00;3;105;Persona;158;17400;20200;4;3
13727;25/01/2024 0:00;3;421;Persona;135;17800;20700;4;3
13728;25/01/2024 0:00;3;327;Persona;165;16900;19500;4;3
13729;25/01/2024 0:00;3;799;Persona;23;17100;19000;4;5
13730;25/01/2024 0:00;3;15;Persona;118;18000;22400;4;5
13731;25/01/2024 0:00;3;1024;Persona;147;17300;18400;4;5
13732;25/01/2024 0:00;3;1041;Persona;16;17800;19300;4;5
13733;25/01/2024 0:00;3;59;Persona;140;17300;18100;1;9
13734;25/01/2024 0:00;3;748;Persona;134;18000;20800;1;9
13735;25/01/2024 0:00;3;380;Persona;88;17000;19800;1;9
13736;25/01/2024 0:00;3;211;Persona;111;17500;20700;1;9
13737;25/01/2024 0:00;2;578;Persona;140;17300;21200;4;7
13738;25/01/2024 0:00;2;961;Persona;71;17800;21600;4;7
13739;25/01/2024 0:00;2;439;Persona;27;17400;18900;4;7
13740;25/01/2024 0:00;2;525;Persona;51;17500;21300;4;7
13741;25/01/2024 0:00;4;491;Persona;117;16800;20800;4;1
13742;25/01/2024 0:00;4;763;Persona;120;17600;20400;4;1
13743;25/01/2024 0:00;4;720;Persona;128;17500;20900;4;1
13744;25/01/2024 0:00;4;51;Persona;111;17500;21100;4;1
13745;25/01/2024 0:00;3;606;Persona;140;17300;22100;2;8
13746;25/01/2024 0:00;3;969;Persona;16;17800;20900;2;8
13747;25/01/2024 0:00;3;585;Persona;136;17600;19200;2;8
13748;25/01/2024 0:00;3;159;Persona;32;17800;21100;2;8
13749;26/01/2024 0:00;2;511;Persona;82;17700;19400;4;12
13750;26/01/2024 0:00;2;694;Persona;83;17300;22000;4;12
13751;26/01/2024 0:00;2;188;Persona;43;18400;21000;4;12
13752;26/01/2024 0:00;1;599;Empresa;63;17400;18500;4;1
13753;26/01/2024 0:00;1;124;Empresa;24;17200;22000;4;1
13754;26/01/2024 0:00;1;981;Empresa;60;17300;18600;4;1
13755;26/01/2024 0:00;1;112;Empresa;67;17700;19200;4;1
13756;26/01/2024 0:00;1;1019;Persona;129;17800;20900;4;5
13757;26/01/2024 0:00;1;713;Persona;176;17600;22600;4;5
13758;26/01/2024 0:00;1;581;Persona;86;17000;19900;4;5
13759;26/01/2024 0:00;1;1168;Persona;14;16800;21600;4;5
13760;26/01/2024 0:00;4;641;Empresa;24;17200;20000;1;4
13761;26/01/2024 0:00;4;147;Empresa;84;18500;23300;1;4
13762;26/01/2024 0:00;4;769;Empresa;91;18300;23200;1;4
13763;26/01/2024 0:00;4;698;Empresa;38;18100;21100;1;4
13764;26/01/2024 0:00;2;1071;Persona;153;17200;22100;4;12
13765;27/01/2024 0:00;2;25;Persona;42;17600;19000;4;12
13766;27/01/2024 0:00;2;767;Persona;176;17600;21100;4;12
13767;27/01/2024 0:00;2;584;Persona;135;17800;20500;4;12
13768;27/01/2024 0:00;2;1152;Persona;85;17600;21300;2;11
13769;27/01/2024 0:00;2;914;Persona;71;17800;22400;2;11
13770;27/01/2024 0:00;2;362;Persona;83;17300;19000;2;11
13771;27/01/2024 0:00;2;311;Persona;173;17500;21300;2;11
13772;27/01/2024 0:00;1;265;Persona;57;17700;19300;4;7
13773;27/01/2024 0:00;1;619;Persona;121;17100;18700;4;7
13774;27/01/2024 0:00;1;760;Persona;112;17500;20800;4;7
13775;27/01/2024 0:00;1;504;Persona;7;17800;21300;4;7
13776;28/01/2024 0:00;4;854;Persona;118;18000;21200;1;9
13777;28/01/2024 0:00;4;306;Persona;58;17600;22700;1;9
13778;28/01/2024 0:00;4;1022;Persona;166;18200;21800;1;9
13779;28/01/2024 0:00;4;497;Persona;61;17600;21500;1;9
13780;28/01/2024 0:00;3;895;Persona;177;16600;21300;4;3
13781;28/01/2024 0:00;3;823;Persona;145;17400;20900;4;3
13782;28/01/2024 0:00;3;982;Persona;53;16800;18600;4;3
13783;28/01/2024 0:00;3;277;Persona;87;18000;19700;4;3
13784;28/01/2024 0:00;3;1178;Persona;117;16800;19300;4;12
13785;28/01/2024 0:00;3;734;Persona;39;17200;21000;4;12
13786;28/01/2024 0:00;3;842;Persona;27;17400;21200;4;12
13787;28/01/2024 0:00;3;1148;Persona;56;17400;19500;4;12
13788;28/01/2024 0:00;2;581;Persona;89;17200;21300;1;9
13789;28/01/2024 0:00;2;903;Persona;28;17800;22700;1;9
13790;28/01/2024 0:00;2;644;Persona;119;17300;18500;1;9
13791;28/01/2024 0:00;2;461;Persona;49;17300;18400;1;9
13792;28/01/2024 0:00;1;978;Persona;102;17800;23000;4;12
13793;28/01/2024 0:00;1;730;Persona;173;17500;20600;4;12
13794;28/01/2024 0:00;1;806;Persona;5;17200;19000;4;12
13795;28/01/2024 0:00;1;1129;Persona;157;18100;19500;4;10
13796;28/01/2024 0:00;1;164;Persona;77;17300;18300;4;10
13797;28/01/2024 0:00;1;602;Persona;146;17100;19300;4;10
13798;28/01/2024 0:00;1;800;Empresa;167;18200;22400;4;7
13799;28/01/2024 0:00;1;416;Empresa;43;18400;22600;4;7
13800;28/01/2024 0:00;1;1161;Empresa;150;17600;20600;4;7
13801;28/01/2024 0:00;1;170;Empresa;143;17700;20600;4;7
13802;28/01/2024 0:00;4;671;Persona;170;17400;22000;1;4
13803;28/01/2024 0:00;4;25;Persona;168;17500;18700;1;4
13804;28/01/2024 0:00;4;565;Persona;165;16900;21200;1;4
13805;28/01/2024 0:00;4;963;Persona;119;17300;18300;1;4
13806;28/01/2024 0:00;3;344;Persona;66;18400;20200;4;12
13807;28/01/2024 0:00;3;717;Persona;25;17500;19800;4;12
13808;28/01/2024 0:00;3;731;Persona;66;18400;19900;4;12
13809;28/01/2024 0:00;3;75;Persona;166;18200;22700;4;12
13810;29/01/2024 0:00;2;1025;Empresa;170;17400;21400;4;7
13811;29/01/2024 0:00;2;236;Empresa;125;17300;19900;4;7
13812;29/01/2024 0:00;2;205;Empresa;170;17400;20300;4;7
13813;29/01/2024 0:00;2;323;Empresa;91;18300;20900;4;7
13814;29/01/2024 0:00;2;72;Persona;170;17400;21900;4;10
13815;29/01/2024 0:00;2;35;Persona;47;17300;22100;4;10
13816;29/01/2024 0:00;2;521;Persona;87;18000;21100;4;10
13817;29/01/2024 0:00;2;322;Persona;99;17500;21000;4;10
13818;29/01/2024 0:00;2;1036;Persona;139;17100;19800;3;6
13819;29/01/2024 0:00;2;609;Persona;80;17400;21300;3;6
13820;29/01/2024 0:00;2;463;Persona;47;17300;20800;3;6
13821;30/01/2024 0:00;2;1017;Persona;169;18000;22400;3;6
13822;30/01/2024 0:00;2;931;Persona;68;17300;20600;4;2
13823;30/01/2024 0:00;2;919;Persona;70;17300;19000;4;2
13824;30/01/2024 0:00;2;1164;Persona;167;18200;21100;4;2
13825;30/01/2024 0:00;2;870;Persona;23;17100;20100;4;2
13826;30/01/2024 0:00;2;252;Empresa;27;17400;21500;4;7
13827;30/01/2024 0:00;2;1165;Empresa;54;17800;19800;4;7
13828;30/01/2024 0:00;2;883;Empresa;157;18100;21200;4;7
13829;31/01/2024 0:00;2;388;Empresa;53;16800;21300;4;7
13830;31/01/2024 0:00;1;471;Empresa;170;17400;19600;2;8
13831;31/01/2024 0:00;1;68;Empresa;161;16600;19500;2;8
13832;31/01/2024 0:00;1;680;Empresa;88;17000;18000;2;8
13833;31/01/2024 0:00;4;837;Persona;5;17200;21800;3;6
13834;31/01/2024 0:00;4;1068;Persona;87;18000;23000;3;6
13835;31/01/2024 0:00;4;990;Persona;117;16800;19800;3;6
13836;31/01/2024 0:00;4;967;Persona;146;17100;20600;3;6
13837;31/01/2024 0:00;4;24;Persona;164;16800;17800;1;4
13838;31/01/2024 0:00;4;1014;Persona;135;17800;21700;1;4
13839;31/01/2024 0:00;4;869;Persona;75;17000;19500;1;4
13840;31/01/2024 0:00;4;1038;Persona;75;17000;21700;1;4
13841;31/01/2024 0:00;3;1058;Persona;133;17500;20400;4;12
13842;31/01/2024 0:00;3;277;Persona;130;17900;21200;4;12
13843;31/01/2024 0:00;3;72;Persona;54;17800;19100;4;12
13844;31/01/2024 0:00;3;124;Persona;47;17300;20000;4;12
13845;31/01/2024 0:00;2;985;Empresa;130;17900;20900;1;9
13846;31/01/2024 0:00;2;871;Empresa;120;17600;20900;1;9
13847;31/01/2024 0:00;2;466;Empresa;62;17100;21100;1;9
13848;31/01/2024 0:00;2;285;Empresa;76;17700;21800;1;9
13849;31/01/2024 0:00;2;1033;Persona;66;18400;23400;4;5
13850;31/01/2024 0:00;2;751;Persona;10;16300;21000;4;5
13851;31/01/2024 0:00;2;977;Persona;19;17000;20700;4;5
13852;01/02/2024 0:00;2;406;Persona;79;17700;19300;4;5
13853;01/02/2024 0:00;4;682;Persona;119;17300;20700;2;8
13854;01/02/2024 0:00;4;761;Persona;101;17500;20600;2;8
13855;01/02/2024 0:00;4;264;Persona;67;17700;21700;2;8
13856;01/02/2024 0:00;4;926;Persona;32;17800;22500;2;8
13857;01/02/2024 0:00;2;751;Empresa;171;16800;19600;2;8
13858;01/02/2024 0:00;2;1036;Empresa;113;18000;20400;2;8
13859;01/02/2024 0:00;2;985;Empresa;18;17500;19700;2;8
13860;01/02/2024 0:00;2;426;Empresa;65;17100;20600;2;8
13861;01/02/2024 0:00;1;336;Persona;93;16800;19500;4;12
13862;01/02/2024 0:00;1;241;Persona;108;18300;22900;4;12
13863;01/02/2024 0:00;1;1164;Persona;123;18200;22400;4;12
13864;01/02/2024 0:00;1;885;Persona;50;16300;19700;4;12
13865;01/02/2024 0:00;3;338;Persona;139;17100;18000;4;12
13866;01/02/2024 0:00;3;207;Persona;99;17500;20900;4;12
13867;01/02/2024 0:00;3;80;Persona;153;17200;18100;4;12
13868;01/02/2024 0:00;3;909;Persona;19;17000;18900;4;12
13869;01/02/2024 0:00;3;575;Persona;140;17300;21100;1;4
13870;01/02/2024 0:00;3;1076;Persona;116;17700;20800;1;4
13871;01/02/2024 0:00;3;774;Persona;161;16600;17400;1;4
13872;01/02/2024 0:00;3;33;Persona;86;17000;18000;1;4
13873;01/02/2024 0:00;4;725;Persona;137;17800;21800;4;2
13874;01/02/2024 0:00;4;554;Persona;1;16800;20700;4;2
13875;01/02/2024 0:00;4;89;Persona;65;17100;18900;4;2
13876;01/02/2024 0:00;4;987;Persona;162;18500;20200;4;2
13877;01/02/2024 0:00;1;800;Persona;177;16600;19900;4;10
13878;01/02/2024 0:00;1;1083;Persona;46;16700;20000;4;10
13879;01/02/2024 0:00;1;12;Persona;71;17800;18800;4;10
13880;01/02/2024 0:00;1;380;Persona;16;17800;20200;4;10
13881;01/02/2024 0:00;3;199;Persona;123;18200;23200;2;11
13882;01/02/2024 0:00;3;25;Persona;159;17400;21300;2;11
13883;02/02/2024 0:00;3;974;Persona;99;17500;22600;2;11
13884;02/02/2024 0:00;3;628;Persona;33;17100;19700;2;11
13885;02/02/2024 0:00;4;1093;Persona;150;17600;18900;4;2
13886;02/02/2024 0:00;4;342;Persona;73;17100;19300;4;2
13887;02/02/2024 0:00;4;388;Persona;13;17300;21000;4;2
13888;02/02/2024 0:00;4;159;Persona;159;17400;18600;4;2
13889;02/02/2024 0:00;2;935;Persona;17;18100;22700;2;8
13890;03/02/2024 0:00;2;568;Persona;104;17400;22100;2;8
13891;03/02/2024 0:00;2;348;Persona;24;17200;20000;2;8
13892;03/02/2024 0:00;2;397;Persona;136;17600;22300;2;8
13893;03/02/2024 0:00;1;902;Persona;171;16800;21400;3;6
13894;03/02/2024 0:00;1;1112;Persona;78;17200;20300;3;6
13895;03/02/2024 0:00;1;367;Persona;11;17300;20100;3;6
13896;03/02/2024 0:00;1;234;Persona;63;17400;20800;3;6
13897;04/02/2024 0:00;2;356;Persona;85;17600;19300;4;12
13898;04/02/2024 0:00;2;931;Persona;152;16600;18600;4;12
13899;04/02/2024 0:00;2;1054;Persona;68;17300;21400;4;12
13900;04/02/2024 0:00;2;631;Persona;18;17500;20600;4;12
13901;04/02/2024 0:00;2;788;Persona;88;17000;19000;4;10
13902;04/02/2024 0:00;2;112;Persona;130;17900;21100;4;10
13903;04/02/2024 0:00;2;460;Persona;21;18000;19800;4;10
13904;04/02/2024 0:00;2;995;Persona;61;17600;21000;4;10
13905;04/02/2024 0:00;1;938;Empresa;147;17300;19500;1;4
13906;04/02/2024 0:00;1;433;Empresa;128;17500;19900;1;4
13907;04/02/2024 0:00;1;1053;Empresa;32;17800;20900;1;4
13908;04/02/2024 0:00;1;757;Empresa;127;17900;23000;1;4
13909;04/02/2024 0:00;4;230;Persona;117;16800;19900;4;2
13910;04/02/2024 0:00;4;596;Persona;92;17500;21200;4;2
13911;04/02/2024 0:00;4;1045;Persona;44;17900;22900;4;2
13912;04/02/2024 0:00;4;503;Persona;165;16900;18500;4;2
13913;04/02/2024 0:00;4;444;Empresa;27;17400;19200;4;10
13914;04/02/2024 0:00;4;605;Empresa;65;17100;19800;4;10
13915;04/02/2024 0:00;4;93;Empresa;129;17800;21300;4;10
13916;04/02/2024 0:00;4;835;Empresa;16;17800;21100;4;10
13917;04/02/2024 0:00;3;170;Persona;113;18000;21400;1;4
13918;04/02/2024 0:00;3;1003;Persona;105;18200;22500;1;4
13919;04/02/2024 0:00;3;484;Persona;150;17600;18600;1;4
13920;04/02/2024 0:00;3;676;Persona;117;16800;20300;1;4
13921;05/02/2024 0:00;3;1087;Persona;23;17100;18500;4;2
13922;05/02/2024 0:00;3;30;Persona;113;18000;19200;4;2
13923;05/02/2024 0:00;3;32;Persona;158;17400;21500;4;2
13924;05/02/2024 0:00;3;582;Persona;13;17300;18500;4;2
13925;05/02/2024 0:00;2;740;Persona;8;18300;22000;4;10
13926;05/02/2024 0:00;2;409;Persona;43;18400;23700;4;10
13927;05/02/2024 0:00;2;747;Persona;127;17900;18900;4;10
13928;05/02/2024 0:00;2;1131;Persona;164;16800;21700;4;10
13929;05/02/2024 0:00;4;62;Persona;116;17700;20000;4;12
13930;05/02/2024 0:00;4;797;Persona;127;17900;19600;4;12
13931;05/02/2024 0:00;4;789;Persona;95;17700;18900;4;12
13932;05/02/2024 0:00;4;448;Persona;91;18300;20700;4;12
13933;05/02/2024 0:00;4;68;Persona;176;17600;22000;1;9
13934;05/02/2024 0:00;4;416;Persona;154;17300;19000;1;9
13935;05/02/2024 0:00;4;763;Persona;27;17400;22200;1;9
13936;05/02/2024 0:00;4;674;Persona;62;17100;18000;1;9
13937;05/02/2024 0:00;4;179;Persona;116;17700;19400;3;6
13938;05/02/2024 0:00;4;1123;Persona;7;17800;22900;3;6
13939;05/02/2024 0:00;4;1002;Persona;166;18200;21000;3;6
13940;05/02/2024 0:00;4;718;Persona;50;16300;20900;3;6
13941;06/02/2024 0:00;3;1164;Persona;77;17300;22000;4;10
13942;06/02/2024 0:00;3;772;Persona;164;16800;18200;4;10
13943;06/02/2024 0:00;3;6;Persona;21;18000;21600;4;10
13944;06/02/2024 0:00;3;540;Persona;62;17100;20800;4;10
13945;06/02/2024 0:00;3;617;Persona;172;17700;19800;4;7
13946;06/02/2024 0:00;3;995;Persona;133;17500;19700;4;7
13947;06/02/2024 0:00;3;349;Persona;150;17600;19400;4;7
13948;06/02/2024 0:00;3;757;Persona;165;16900;19800;4;7
13949;06/02/2024 0:00;2;1062;Persona;161;16600;21200;1;4
13950;06/02/2024 0:00;2;445;Persona;107;17300;18400;1;4
13951;06/02/2024 0:00;2;78;Persona;172;17700;20400;1;4
13952;06/02/2024 0:00;2;1068;Persona;28;17800;21900;1;4
13953;06/02/2024 0:00;4;498;Persona;9;17100;21700;4;3
13954;06/02/2024 0:00;4;576;Persona;50;16300;20900;4;3
13955;06/02/2024 0:00;4;792;Persona;134;18000;22300;4;3
13956;06/02/2024 0:00;4;615;Persona;135;17800;23100;4;3
13957;06/02/2024 0:00;4;319;Persona;88;17000;20300;1;9
13958;06/02/2024 0:00;4;1092;Persona;98;18000;22500;1;9
13959;06/02/2024 0:00;4;1105;Persona;116;17700;22900;1;9
13960;07/02/2024 0:00;2;724;Persona;151;17200;21200;2;8
13961;07/02/2024 0:00;2;698;Persona;97;17500;21900;2;8
13962;07/02/2024 0:00;2;1155;Persona;86;17000;21700;2;8
13963;07/02/2024 0:00;2;581;Persona;119;17300;21700;2;8
13964;07/02/2024 0:00;2;1043;Persona;116;17700;21600;2;11
13965;07/02/2024 0:00;2;60;Persona;64;17200;19600;2;11
13966;07/02/2024 0:00;2;213;Persona;175;17800;20200;2;11
13967;07/02/2024 0:00;2;965;Persona;153;17200;19400;2;11
13968;08/02/2024 0:00;1;844;Persona;144;17200;21500;2;11
13969;08/02/2024 0:00;1;643;Persona;110;17200;20200;2;11
13970;08/02/2024 0:00;1;156;Persona;129;17800;21200;2;11
13971;08/02/2024 0:00;1;739;Persona;40;17000;21500;2;11
13972;08/02/2024 0:00;1;301;Persona;87;18000;22200;1;4
13973;08/02/2024 0:00;1;995;Persona;142;17200;20300;1;4
13974;08/02/2024 0:00;1;768;Persona;143;17700;21000;1;4
13975;08/02/2024 0:00;1;97;Persona;27;17400;22200;1;4
13976;08/02/2024 0:00;2;365;Persona;60;17300;20000;4;2
13977;08/02/2024 0:00;2;274;Persona;94;17500;19800;4;2
13978;08/02/2024 0:00;2;4;Persona;164;16800;19400;4;2
13979;08/02/2024 0:00;2;882;Persona;103;18000;19200;4;2
13980;08/02/2024 0:00;2;280;Empresa;96;17200;20400;4;12
13981;08/02/2024 0:00;2;846;Empresa;29;17700;21500;4;12
13982;08/02/2024 0:00;2;448;Empresa;130;17900;22300;4;12
13983;08/02/2024 0:00;2;549;Persona;153;17200;18400;4;1
13984;08/02/2024 0:00;2;1052;Persona;37;17600;20800;4;1
13985;08/02/2024 0:00;2;857;Persona;63;17400;21900;4;1
13986;08/02/2024 0:00;2;1128;Persona;157;18100;21000;4;1
13987;08/02/2024 0:00;2;63;Empresa;56;17400;19300;4;1
13988;09/02/2024 0:00;2;586;Empresa;105;18200;21700;4;1
13989;09/02/2024 0:00;2;1022;Empresa;50;16300;19500;4;1
13990;09/02/2024 0:00;2;918;Empresa;11;17300;20800;4;1
13991;09/02/2024 0:00;2;1164;Persona;29;17700;21400;1;9
13992;09/02/2024 0:00;2;966;Persona;137;17800;20900;1;9
13993;09/02/2024 0:00;2;1130;Persona;164;16800;20300;1;9
13994;09/02/2024 0:00;2;922;Persona;75;17000;18700;1;9
13995;09/02/2024 0:00;1;886;Persona;169;18000;19900;2;8
13996;09/02/2024 0:00;1;763;Persona;134;18000;21600;2;8
13997;09/02/2024 0:00;1;106;Persona;88;17000;18900;2;8
13998;09/02/2024 0:00;1;916;Persona;125;17300;19500;2;8
13999;09/02/2024 0:00;1;359;Persona;155;18000;20300;4;5
14000;09/02/2024 0:00;1;848;Persona;156;17200;19400;4;5
14001;09/02/2024 0:00;1;978;Persona;137;17800;21700;4;5
14002;09/02/2024 0:00;1;91;Persona;93;16800;18100;4;5
14003;09/02/2024 0:00;1;1124;Persona;63;17400;20800;1;9
14004;09/02/2024 0:00;1;337;Persona;72;17800;21500;1;9
14005;09/02/2024 0:00;1;498;Persona;12;17400;21800;1;9
14006;09/02/2024 0:00;1;36;Persona;82;17700;22800;1;9
14007;10/02/2024 0:00;1;556;Persona;69;17800;22100;1;4
14008;10/02/2024 0:00;1;744;Persona;30;17400;19500;1;4
14009;10/02/2024 0:00;1;1153;Persona;12;17400;19700;1;4
14010;10/02/2024 0:00;1;368;Persona;24;17200;19200;1;4
14011;10/02/2024 0:00;3;71;Persona;165;16900;18900;4;3
14012;10/02/2024 0:00;3;808;Persona;36;17600;18500;4;3
14013;10/02/2024 0:00;3;482;Persona;179;17500;18900;4;3
14014;10/02/2024 0:00;3;630;Persona;35;18000;20100;4;3
14015;10/02/2024 0:00;3;412;Persona;133;17500;19300;2;11
14016;10/02/2024 0:00;3;133;Persona;95;17700;20400;2;11
14017;10/02/2024 0:00;3;562;Persona;166;18200;21400;2;11
14018;10/02/2024 0:00;3;595;Persona;52;17800;21000;2;11
14019;10/02/2024 0:00;3;663;Persona;39;17200;18600;4;1
14020;10/02/2024 0:00;3;331;Persona;143;17700;18700;4;1
14021;10/02/2024 0:00;3;938;Persona;136;17600;22300;4;1
14022;10/02/2024 0:00;2;69;Persona;52;17800;22100;4;10
14023;10/02/2024 0:00;2;143;Persona;139;17100;19400;4;10
14024;10/02/2024 0:00;2;519;Persona;59;18100;21100;4;10
14025;10/02/2024 0:00;2;731;Persona;110;17200;21100;4;10
14026;10/02/2024 0:00;4;2;Persona;113;18000;19500;2;11
14027;10/02/2024 0:00;4;6;Persona;55;17800;21300;2;11
14028;10/02/2024 0:00;4;1008;Persona;159;17400;20200;2;11
14029;10/02/2024 0:00;4;818;Persona;47;17300;19900;2;11
14030;10/02/2024 0:00;2;1128;Persona;32;17800;21200;4;3
14031;10/02/2024 0:00;2;2;Persona;48;17100;19800;4;3
14032;10/02/2024 0:00;2;113;Persona;23;17100;18800;4;3
14033;10/02/2024 0:00;2;1104;Persona;15;17200;18100;4;3
14034;10/02/2024 0:00;1;675;Empresa;33;17100;20800;4;12
14035;10/02/2024 0:00;1;4;Empresa;145;17400;21100;4;12
14036;10/02/2024 0:00;1;1102;Empresa;26;17200;21100;4;12
14037;10/02/2024 0:00;1;591;Empresa;25;17500;20200;4;12
14038;10/02/2024 0:00;4;1029;Persona;136;17600;22200;2;11
14039;11/02/2024 0:00;4;285;Persona;140;17300;20400;2;11
14040;11/02/2024 0:00;4;311;Persona;137;17800;20900;2;11
14041;11/02/2024 0:00;3;162;Persona;110;17200;21500;2;11
14042;12/02/2024 0:00;3;1049;Persona;150;17600;19800;2;11
14043;13/02/2024 0:00;3;725;Persona;99;17500;20200;2;11
14044;14/02/2024 0:00;3;346;Persona;9;17100;22100;2;11
14045;15/02/2024 0:00;3;799;Empresa;91;18300;19700;4;2
14046;16/02/2024 0:00;3;692;Empresa;94;17500;19100;4;2
14047;17/02/2024 0:00;3;954;Empresa;120;17600;19800;4;2
14048;18/02/2024 0:00;3;734;Empresa;148;17000;18800;4;2
14049;19/02/2024 0:00;4;751;Persona;178;17400;21100;2;11
14050;20/02/2024 0:00;4;873;Persona;7;17800;20500;2;11
14051;21/02/2024 0:00;4;1099;Persona;28;17800;22600;2;11
14052;22/02/2024 0:00;4;554;Persona;60;17300;19600;2;11
14053;23/02/2024 0:00;4;725;Persona;140;17300;20000;4;10
14054;24/02/2024 0:00;4;887;Persona;23;17100;18300;4;10
14055;25/02/2024 0:00;4;368;Persona;106;17600;18800;4;10
14056;26/02/2024 0:00;4;13;Persona;35;18000;21000;4;10
14057;27/02/2024 0:00;4;380;Persona;32;17800;19600;4;5
14058;28/02/2024 0:00;4;211;Persona;19;17000;17800;4;5
14059;29/02/2024 0:00;4;918;Persona;113;18000;19100;4;5
14060;01/03/2024 0:00;4;589;Persona;45;17500;18700;4;5
14061;02/03/2024 0:00;2;983;Persona;82;17700;20300;4;2
14062;03/03/2024 0:00;2;87;Persona;45;17500;21700;4;2
14063;04/03/2024 0:00;2;127;Persona;66;18400;20200;4;2
14064;05/03/2024 0:00;2;178;Persona;29;17700;21000;4;2
14065;06/03/2024 0:00;1;481;Persona;179;17500;20900;4;12
14066;07/03/2024 0:00;1;1099;Persona;103;18000;19200;4;12
14067;08/03/2024 0:00;1;541;Persona;113;18000;18900;4;12
14068;09/03/2024 0:00;1;885;Persona;107;17300;20500;4;12
14069;10/03/2024 0:00;1;1136;Persona;165;16900;20400;4;1
14070;11/03/2024 0:00;1;804;Persona;81;17400;20800;4;1
14071;12/03/2024 0:00;1;138;Persona;81;17400;21300;4;1
14072;13/03/2024 0:00;1;415;Persona;77;17300;19400;4;1
14073;14/03/2024 0:00;1;533;Persona;35;18000;22100;1;4
14074;15/03/2024 0:00;1;681;Persona;104;17400;18600;1;4
14075;16/03/2024 0:00;1;621;Persona;108;18300;22700;1;4
14076;17/03/2024 0:00;1;416;Persona;31;16500;17500;4;7
14077;18/03/2024 0:00;1;904;Persona;170;17400;19200;4;7
14078;19/03/2024 0:00;1;699;Persona;82;17700;22700;4;7
14079;20/03/2024 0:00;1;527;Persona;172;17700;20800;4;7
14080;21/03/2024 0:00;1;539;Persona;172;17700;22600;1;9
14081;22/03/2024 0:00;1;41;Persona;175;17800;20000;1;9
14082;23/03/2024 0:00;1;603;Persona;158;17400;22000;1;9
14083;24/03/2024 0:00;1;883;Persona;163;17800;21200;1;9
14084;25/03/2024 0:00;4;157;Persona;159;17400;22600;4;7
14085;26/03/2024 0:00;4;330;Persona;7;17800;23000;4;7
14086;27/03/2024 0:00;4;51;Persona;10;16300;19400;4;7
14087;28/03/2024 0:00;4;1042;Persona;127;17900;19000;4;7
14088;29/03/2024 0:00;4;187;Empresa;61;17600;20800;2;8
14089;30/03/2024 0:00;4;753;Empresa;67;17700;18800;2;8
14090;31/03/2024 0:00;4;785;Empresa;69;17800;20000;2;8
14091;01/04/2024 0:00;4;1114;Empresa;163;17800;23000;2;8
14092;02/04/2024 0:00;3;441;Persona;93;16800;20200;1;9
14093;03/04/2024 0:00;3;985;Persona;77;17300;19200;1;9
14094;04/04/2024 0:00;3;14;Persona;91;18300;20300;1;9
14095;05/04/2024 0:00;4;247;Persona;125;17300;19800;2;8
14096;06/04/2024 0:00;4;981;Persona;125;17300;19600;2;8
14097;07/04/2024 0:00;4;163;Persona;42;17600;20400;2;8
14098;08/04/2024 0:00;1;451;Persona;116;17700;19900;4;10
14099;09/04/2024 0:00;1;680;Persona;7;17800;20000;4;10
14100;10/04/2024 0:00;1;494;Persona;72;17800;19700;4;10
14101;11/04/2024 0:00;1;174;Persona;22;18000;22200;4;10
14102;12/04/2024 0:00;2;602;Persona;100;18100;23000;1;9
14103;13/04/2024 0:00;2;655;Persona;19;17000;21000;1;9
14104;14/04/2024 0:00;2;302;Persona;44;17900;21700;1;9
14105;15/04/2024 0:00;2;823;Persona;66;18400;22100;1;9
14106;16/04/2024 0:00;1;806;Persona;41;17600;20000;4;7
14107;17/04/2024 0:00;1;737;Persona;69;17800;19000;4;7
14108;18/04/2024 0:00;1;805;Persona;8;18300;20200;4;7
14109;19/04/2024 0:00;1;526;Persona;101;17500;22300;4;7
14110;20/04/2024 0:00;1;543;Persona;6;17100;18700;4;5
14111;21/04/2024 0:00;1;834;Persona;120;17600;18800;4;5
14112;22/04/2024 0:00;1;703;Persona;148;17000;20100;4;5
14113;23/04/2024 0:00;1;617;Persona;105;18200;22600;4;5
14114;24/04/2024 0:00;3;513;Persona;67;17700;22400;4;7
14115;25/04/2024 0:00;3;768;Persona;112;17500;20300;4;7
14116;26/04/2024 0:00;3;102;Persona;84;18500;19700;4;7
14117;27/04/2024 0:00;3;298;Persona;179;17500;21900;4;7
14118;28/04/2024 0:00;4;218;Persona;179;17500;22700;4;2
14119;29/04/2024 0:00;4;819;Persona;111;17500;21300;4;2
14120;30/04/2024 0:00;4;548;Persona;29;17700;21200;4;2
14121;01/05/2024 0:00;4;1073;Persona;113;18000;19600;4;2
14122;02/05/2024 0:00;2;413;Persona;21;18000;21200;4;1
14123;03/05/2024 0:00;2;79;Persona;27;17400;21700;4;1
14124;04/05/2024 0:00;2;1021;Persona;120;17600;20200;4;1
14125;05/05/2024 0:00;2;897;Persona;3;17000;17800;4;1
14126;06/05/2024 0:00;3;100;Persona;113;18000;19300;3;6
14127;07/05/2024 0:00;3;112;Persona;158;17400;22200;3;6
14128;08/05/2024 0:00;3;226;Persona;65;17100;20600;3;6
14129;09/05/2024 0:00;3;964;Persona;117;16800;20400;3;6
14130;10/05/2024 0:00;3;328;Empresa;128;17500;20900;4;7
14131;11/05/2024 0:00;3;473;Empresa;137;17800;21000;4;7
14132;12/05/2024 0:00;3;682;Empresa;125;17300;20100;4;7
14133;13/05/2024 0:00;3;1109;Empresa;93;16800;20500;4;7
14134;14/05/2024 0:00;3;417;Persona;125;17300;22000;2;8
14135;15/05/2024 0:00;3;945;Persona;77;17300;21700;2;8
14136;16/05/2024 0:00;3;570;Persona;106;17600;19100;2;8
14137;17/05/2024 0:00;3;40;Persona;49;17300;20600;2;8
14138;18/05/2024 0:00;4;776;Empresa;57;17700;20800;4;3
14139;19/05/2024 0:00;4;1135;Empresa;6;17100;20700;4;3
14140;20/05/2024 0:00;4;502;Empresa;167;18200;21300;4;3
14141;21/05/2024 0:00;4;598;Empresa;87;18000;22800;4;3
14142;22/05/2024 0:00;3;353;Empresa;11;17300;21900;1;4
14143;23/05/2024 0:00;3;187;Empresa;15;17200;20900;1;4
14144;24/05/2024 0:00;3;616;Empresa;134;18000;19800;1;4
14145;25/05/2024 0:00;3;220;Empresa;127;17900;22600;1;4
14146;26/05/2024 0:00;2;380;Persona;2;16800;18600;4;3
14147;27/05/2024 0:00;2;961;Persona;3;17000;20900;4;3
14148;28/05/2024 0:00;2;147;Persona;126;18100;19800;4;3
14149;29/05/2024 0:00;2;623;Persona;132;17200;19400;4;3
14150;30/05/2024 0:00;1;1148;Persona;44;17900;20900;4;2
14151;31/05/2024 0:00;1;69;Persona;69;17800;19700;4;2
14152;01/06/2024 0:00;1;854;Persona;162;18500;20100;4;2
14153;02/06/2024 0:00;1;384;Persona;12;17400;19100;4;2
14154;03/06/2024 0:00;3;1131;Empresa;142;17200;20400;1;4
14155;04/06/2024 0:00;3;1014;Empresa;116;17700;18600;1;4
14156;05/06/2024 0:00;3;1100;Empresa;134;18000;22400;1;4
14157;06/06/2024 0:00;3;800;Empresa;130;17900;22800;1;4
14158;07/06/2024 0:00;4;597;Persona;175;17800;22200;4;1
14159;08/06/2024 0:00;4;228;Persona;17;18100;22800;4;1
14160;09/06/2024 0:00;4;499;Persona;71;17800;19600;4;1
14161;10/06/2024 0:00;4;414;Persona;49;17300;20100;4;1
14162;11/06/2024 0:00;1;595;Persona;96;17200;20900;4;5
14163;12/06/2024 0:00;1;125;Persona;59;18100;19000;4;5
14164;13/06/2024 0:00;1;566;Persona;4;17700;19100;4;5
14165;14/06/2024 0:00;1;621;Persona;100;18100;21000;4;5
14166;15/06/2024 0:00;1;868;Persona;25;17500;19600;4;1
14167;16/06/2024 0:00;1;1;Persona;117;16800;18800;4;1
14168;17/06/2024 0:00;1;63;Persona;150;17600;18600;4;1
14169;18/06/2024 0:00;1;756;Persona;21;18000;22400;4;1
14170;19/06/2024 0:00;1;772;Persona;161;16600;19200;4;3
14171;20/06/2024 0:00;1;876;Persona;167;18200;20900;4;3
14172;21/06/2024 0:00;1;893;Persona;31;16500;17600;4;3
14173;22/06/2024 0:00;1;141;Persona;140;17300;18700;4;3
14174;23/06/2024 0:00;4;401;Persona;8;18300;21000;4;3
14175;24/06/2024 0:00;4;927;Persona;105;18200;20800;4;3
14176;25/06/2024 0:00;4;997;Persona;83;17300;20500;4;3
14177;26/06/2024 0:00;4;732;Persona;12;17400;21500;4;3
14178;27/06/2024 0:00;3;133;Persona;164;16800;18100;4;1
14179;28/06/2024 0:00;3;924;Persona;174;17400;19900;4;1
14180;29/06/2024 0:00;3;742;Persona;87;18000;20800;4;1
14181;30/06/2024 0:00;3;632;Persona;35;18000;20500;4;1
14182;01/07/2024 0:00;3;689;Persona;166;18200;21800;4;2
14183;02/07/2024 0:00;3;1;Persona;137;17800;22400;4;2
14184;03/07/2024 0:00;3;906;Persona;42;17600;20300;4;2
14185;04/07/2024 0:00;3;1007;Persona;89;17200;18100;4;2
14186;05/07/2024 0:00;4;982;Persona;115;18400;20600;4;3
14187;06/07/2024 0:00;4;420;Persona;174;17400;18700;4;3
14188;07/07/2024 0:00;3;1161;Empresa;2;16800;19400;1;4
14189;08/07/2024 0:00;4;838;Persona;151;17200;22000;4;3
14190;09/07/2024 0:00;3;293;Persona;113;18000;22900;4;3
14191;10/07/2024 0:00;4;636;Persona;28;17800;19600;4;3
14192;10/07/2024 0:00;3;234;Persona;12;17400;19700;1;4
14193;11/07/2024 0:00;3;841;Persona;1;16800;18100;1;4
14194;12/07/2024 0:00;3;397;Empresa;12;17400;21900;3;6
14195;13/07/2024 0:00;3;1078;Persona;79;17700;20900;4;3
14196;14/07/2024 0:00;4;1094;Persona;35;18000;19100;2;8
14197;15/07/2024 0:00;3;561;Persona;79;17700;20800;2;8
14198;16/07/2024 0:00;3;457;Persona;161;16600;18100;1;4
14199;17/07/2024 0:00;3;797;Persona;167;18200;23500;1;4
14200;18/07/2024 0:00;3;187;Persona;31;16500;18700;4;3
14201;19/07/2024 0:00;4;727;Persona;79;17700;19800;4;3
14202;20/07/2024 0:00;3;282;Persona;1;16800;18100;1;4
